[0.000000] (-) TimerEvent: {}
[0.000674] (fsd_common_msgs) JobQueued: {'identifier': 'fsd_common_msgs', 'dependencies': OrderedDict()}
[0.000783] (cone_visualizer) JobQueued: {'identifier': 'cone_visualizer', 'dependencies': OrderedDict([('fsd_common_msgs', '/home/jack/ros2_homework_advanced/install/fsd_common_msgs')])}
[0.000858] (fsd_common_msgs) JobStarted: {'identifier': 'fsd_common_msgs'}
[0.017926] (fsd_common_msgs) JobProgress: {'identifier': 'fsd_common_msgs', 'progress': 'cmake'}
[0.019842] (fsd_common_msgs) Command: {'cmd': ['/usr/bin/cmake', '/home/jack/ros2_homework_advanced/fsd_common_msgs', '-DCMAKE_INSTALL_PREFIX=/home/jack/ros2_homework_advanced/install/fsd_common_msgs'], 'cwd': '/home/jack/ros2_homework_advanced/build/fsd_common_msgs', 'env': OrderedDict([('LESSOPEN', '| /usr/bin/lesspipe %s'), ('LANGUAGE', 'zh_CN:zh'), ('USER', 'jack'), ('XDG_SESSION_TYPE', 'wayland'), ('SHLVL', '1'), ('LD_LIBRARY_PATH', '/usr/lib/x86_64-linux-gnu/gazebo-11/plugins:/opt/ros/humble/opt/rviz_ogre_vendor/lib:/opt/ros/humble/lib/x86_64-linux-gnu:/opt/ros/humble/lib'), ('HOME', '/home/jack'), ('OLDPWD', '/home/jack/ros2_homework_advanced'), ('DESKTOP_SESSION', 'ubuntu'), ('ROS_PYTHON_VERSION', '3'), ('GNOME_SHELL_SESSION_MODE', 'ubuntu'), ('GTK_MODULES', 'gail:atk-bridge'), ('DBUS_STARTER_BUS_TYPE', 'session'), ('SYSTEMD_EXEC_PID', '85604'), ('DBUS_SESSION_BUS_ADDRESS', 'unix:path=/run/user/1000/bus,guid=4d6229c547727a250530af036a1e291b'), ('COLORTERM', 'truecolor'), ('WAYLAND_DISPLAY', 'wayland-0'), ('ROS_DISTRO', 'humble'), ('GTK_IM_MODULE', 'fcitx'), ('LOGNAME', 'jack'), ('_', '/usr/bin/colcon'), ('ROS_VERSION', '2'), ('XDG_SESSION_CLASS', 'user'), ('USERNAME', 'jack'), ('TERM', 'xterm-256color'), ('GNOME_DESKTOP_SESSION_ID', 'this-is-deprecated'), ('ROS_LOCALHOST_ONLY', '0'), ('PATH', '/opt/ros/humble/bin:/usr/local/sbin:/usr/local/bin:/usr/sbin:/usr/bin:/sbin:/bin:/usr/games:/usr/local/games:/snap/bin:/snap/bin'), ('SESSION_MANAGER', 'local/jack-270E5J-2570EJ:@/tmp/.ICE-unix/85604,unix/jack-270E5J-2570EJ:/tmp/.ICE-unix/85604'), ('XDG_MENU_PREFIX', 'gnome-'), ('GNOME_TERMINAL_SCREEN', '/org/gnome/Terminal/screen/d2b0fd20_1459_4934_b8b5_827c36f59622'), ('GNOME_SETUP_DISPLAY', ':1'), ('XDG_RUNTIME_DIR', '/run/user/1000'), ('DISPLAY', ':0'), ('LANG', 'zh_CN.UTF-8'), ('XDG_CURRENT_DESKTOP', 'ubuntu:GNOME'), ('XMODIFIERS', '@im=fcitx'), ('XDG_SESSION_DESKTOP', 'ubuntu'), ('XAUTHORITY', '/run/user/1000/.mutter-Xwaylandauth.346WP3'), ('LS_COLORS', 'rs=0:di=01;34:ln=01;36:mh=00:pi=40;33:so=01;35:do=01;35:bd=40;33;01:cd=40;33;01:or=40;31;01:mi=00:su=37;41:sg=30;43:ca=30;41:tw=30;42:ow=34;42:st=37;44:ex=01;32:*.tar=01;31:*.tgz=01;31:*.arc=01;31:*.arj=01;31:*.taz=01;31:*.lha=01;31:*.lz4=01;31:*.lzh=01;31:*.lzma=01;31:*.tlz=01;31:*.txz=01;31:*.tzo=01;31:*.t7z=01;31:*.zip=01;31:*.z=01;31:*.dz=01;31:*.gz=01;31:*.lrz=01;31:*.lz=01;31:*.lzo=01;31:*.xz=01;31:*.zst=01;31:*.tzst=01;31:*.bz2=01;31:*.bz=01;31:*.tbz=01;31:*.tbz2=01;31:*.tz=01;31:*.deb=01;31:*.rpm=01;31:*.jar=01;31:*.war=01;31:*.ear=01;31:*.sar=01;31:*.rar=01;31:*.alz=01;31:*.ace=01;31:*.zoo=01;31:*.cpio=01;31:*.7z=01;31:*.rz=01;31:*.cab=01;31:*.wim=01;31:*.swm=01;31:*.dwm=01;31:*.esd=01;31:*.jpg=01;35:*.jpeg=01;35:*.mjpg=01;35:*.mjpeg=01;35:*.gif=01;35:*.bmp=01;35:*.pbm=01;35:*.pgm=01;35:*.ppm=01;35:*.tga=01;35:*.xbm=01;35:*.xpm=01;35:*.tif=01;35:*.tiff=01;35:*.png=01;35:*.svg=01;35:*.svgz=01;35:*.mng=01;35:*.pcx=01;35:*.mov=01;35:*.mpg=01;35:*.mpeg=01;35:*.m2v=01;35:*.mkv=01;35:*.webm=01;35:*.webp=01;35:*.ogm=01;35:*.mp4=01;35:*.m4v=01;35:*.mp4v=01;35:*.vob=01;35:*.qt=01;35:*.nuv=01;35:*.wmv=01;35:*.asf=01;35:*.rm=01;35:*.rmvb=01;35:*.flc=01;35:*.avi=01;35:*.fli=01;35:*.flv=01;35:*.gl=01;35:*.dl=01;35:*.xcf=01;35:*.xwd=01;35:*.yuv=01;35:*.cgm=01;35:*.emf=01;35:*.ogv=01;35:*.ogx=01;35:*.aac=00;36:*.au=00;36:*.flac=00;36:*.m4a=00;36:*.mid=00;36:*.midi=00;36:*.mka=00;36:*.mp3=00;36:*.mpc=00;36:*.ogg=00;36:*.ra=00;36:*.wav=00;36:*.oga=00;36:*.opus=00;36:*.spx=00;36:*.xspf=00;36:'), ('GNOME_TERMINAL_SERVICE', ':1.797'), ('SSH_AGENT_LAUNCHER', 'gnome-keyring'), ('SSH_AUTH_SOCK', '/run/user/1000/keyring/ssh'), ('AMENT_PREFIX_PATH', '/opt/ros/humble'), ('SHELL', '/bin/bash'), ('INSIDE_NAUTILUS_PYTHON', ''), ('QT_ACCESSIBILITY', '1'), ('GDMSESSION', 'ubuntu'), ('LESSCLOSE', '/usr/bin/lesspipe %s %s'), ('QT_IM_MODULE', 'fcitx'), ('PWD', '/home/jack/ros2_homework_advanced/build/fsd_common_msgs'), ('XDG_CONFIG_DIRS', '/etc/xdg/xdg-ubuntu:/etc/xdg'), ('DBUS_STARTER_ADDRESS', 'unix:path=/run/user/1000/bus,guid=4d6229c547727a250530af036a1e291b'), ('XDG_DATA_DIRS', '/usr/share/ubuntu:/home/jack/.local/share/flatpak/exports/share:/var/lib/flatpak/exports/share:/usr/local/share/:/usr/share/:/var/lib/snapd/desktop'), ('PYTHONPATH', '/opt/ros/humble/lib/python3.10/site-packages:/opt/ros/humble/local/lib/python3.10/dist-packages'), ('COLCON', '1'), ('VTE_VERSION', '6800'), ('CMAKE_PREFIX_PATH', '/opt/ros/humble')]), 'shell': False}
[0.098857] (-) TimerEvent: {}
[0.159925] (fsd_common_msgs) StdoutLine: {'line': b'-- The C compiler identification is GNU 11.4.0\n'}
[0.198986] (-) TimerEvent: {}
[0.299414] (-) TimerEvent: {}
[0.315926] (fsd_common_msgs) StdoutLine: {'line': b'-- The CXX compiler identification is GNU 11.4.0\n'}
[0.334923] (fsd_common_msgs) StdoutLine: {'line': b'-- Detecting C compiler ABI info\n'}
[0.399873] (-) TimerEvent: {}
[0.500307] (-) TimerEvent: {}
[0.514962] (fsd_common_msgs) StdoutLine: {'line': b'-- Detecting C compiler ABI info - done\n'}
[0.536950] (fsd_common_msgs) StdoutLine: {'line': b'-- Check for working C compiler: /usr/bin/cc - skipped\n'}
[0.537632] (fsd_common_msgs) StdoutLine: {'line': b'-- Detecting C compile features\n'}
[0.539528] (fsd_common_msgs) StdoutLine: {'line': b'-- Detecting C compile features - done\n'}
[0.548260] (fsd_common_msgs) StdoutLine: {'line': b'-- Detecting CXX compiler ABI info\n'}
[0.600449] (-) TimerEvent: {}
[0.700923] (-) TimerEvent: {}
[0.767740] (fsd_common_msgs) StdoutLine: {'line': b'-- Detecting CXX compiler ABI info - done\n'}
[0.792379] (fsd_common_msgs) StdoutLine: {'line': b'-- Check for working CXX compiler: /usr/bin/c++ - skipped\n'}
[0.793197] (fsd_common_msgs) StdoutLine: {'line': b'-- Detecting CXX compile features\n'}
[0.795911] (fsd_common_msgs) StdoutLine: {'line': b'-- Detecting CXX compile features - done\n'}
[0.800578] (fsd_common_msgs) StdoutLine: {'line': b'-- Found ament_cmake: 1.3.14 (/opt/ros/humble/share/ament_cmake/cmake)\n'}
[0.801004] (-) TimerEvent: {}
[0.901577] (-) TimerEvent: {}
[1.002296] (-) TimerEvent: {}
[1.104838] (-) TimerEvent: {}
[1.205270] (-) TimerEvent: {}
[1.222482] (fsd_common_msgs) StdoutLine: {'line': b'-- Found Python3: /usr/bin/python3 (found version "3.10.12") found components: Interpreter \n'}
[1.305399] (-) TimerEvent: {}
[1.408444] (-) TimerEvent: {}
[1.509505] (-) TimerEvent: {}
[1.519994] (fsd_common_msgs) StdoutLine: {'line': b'-- Found rosidl_default_generators: 1.2.1 (/opt/ros/humble/share/rosidl_default_generators/cmake)\n'}
[1.531074] (fsd_common_msgs) StdoutLine: {'line': b'-- Using all available rosidl_typesupport_c: rosidl_typesupport_fastrtps_c;rosidl_typesupport_introspection_c\n'}
[1.549242] (fsd_common_msgs) StdoutLine: {'line': b'-- Found rosidl_adapter: 3.1.8 (/opt/ros/humble/share/rosidl_adapter/cmake)\n'}
[1.609636] (-) TimerEvent: {}
[1.660016] (fsd_common_msgs) StdoutLine: {'line': b'-- Using all available rosidl_typesupport_cpp: rosidl_typesupport_fastrtps_cpp;rosidl_typesupport_introspection_cpp\n'}
[1.709784] (-) TimerEvent: {}
[1.761664] (fsd_common_msgs) StdoutLine: {'line': b'-- Found std_msgs: 4.9.1 (/opt/ros/humble/share/std_msgs/cmake)\n'}
[1.809891] (-) TimerEvent: {}
[1.838968] (fsd_common_msgs) StdoutLine: {'line': b'-- Found geometry_msgs: 4.9.1 (/opt/ros/humble/share/geometry_msgs/cmake)\n'}
[1.875522] (fsd_common_msgs) StdoutLine: {'line': b'-- Found can_msgs: 2.0.0 (/opt/ros/humble/share/can_msgs/cmake)\n'}
[1.910019] (-) TimerEvent: {}
[1.913810] (fsd_common_msgs) StdoutLine: {'line': b'-- Found nav_msgs: 4.9.1 (/opt/ros/humble/share/nav_msgs/cmake)\n'}
[2.010152] (-) TimerEvent: {}
[2.110718] (-) TimerEvent: {}
[2.211155] (-) TimerEvent: {}
[2.311580] (-) TimerEvent: {}
[2.412317] (-) TimerEvent: {}
[2.512779] (-) TimerEvent: {}
[2.613361] (-) TimerEvent: {}
[2.713990] (-) TimerEvent: {}
[2.814411] (-) TimerEvent: {}
[2.915093] (-) TimerEvent: {}
[3.015507] (-) TimerEvent: {}
[3.117907] (-) TimerEvent: {}
[3.218341] (-) TimerEvent: {}
[3.318989] (-) TimerEvent: {}
[3.420299] (-) TimerEvent: {}
[3.457030] (fsd_common_msgs) StdoutLine: {'line': b'-- Found ament_cmake_ros: 0.10.0 (/opt/ros/humble/share/ament_cmake_ros/cmake)\n'}
[3.520452] (-) TimerEvent: {}
[3.621106] (-) TimerEvent: {}
[3.721738] (-) TimerEvent: {}
[3.822224] (-) TimerEvent: {}
[3.922809] (-) TimerEvent: {}
[4.023456] (-) TimerEvent: {}
[4.123843] (-) TimerEvent: {}
[4.224443] (-) TimerEvent: {}
[4.247490] (fsd_common_msgs) StdoutLine: {'line': b'-- Using all available rosidl_typesupport_c: rosidl_typesupport_fastrtps_c;rosidl_typesupport_introspection_c\n'}
[4.324620] (-) TimerEvent: {}
[4.425103] (-) TimerEvent: {}
[4.525725] (-) TimerEvent: {}
[4.626164] (-) TimerEvent: {}
[4.727814] (-) TimerEvent: {}
[4.828259] (-) TimerEvent: {}
[4.928683] (-) TimerEvent: {}
[5.029217] (-) TimerEvent: {}
[5.129636] (-) TimerEvent: {}
[5.230098] (-) TimerEvent: {}
[5.281455] (fsd_common_msgs) StdoutLine: {'line': b'-- Using all available rosidl_typesupport_cpp: rosidl_typesupport_fastrtps_cpp;rosidl_typesupport_introspection_cpp\n'}
[5.330237] (-) TimerEvent: {}
[5.347080] (fsd_common_msgs) StdoutLine: {'line': b'-- Found PythonInterp: /usr/bin/python3 (found suitable version "3.10.12", minimum required is "3.6") \n'}
[5.348900] (fsd_common_msgs) StdoutLine: {'line': b'-- Found python_cmake_module: 0.10.0 (/opt/ros/humble/share/python_cmake_module/cmake)\n'}
[5.421773] (fsd_common_msgs) StdoutLine: {'line': b'-- Found PythonLibs: /usr/lib/x86_64-linux-gnu/libpython3.10.so (found suitable version "3.10.12", minimum required is "3.5") \n'}
[5.422289] (fsd_common_msgs) StdoutLine: {'line': b'-- Using PYTHON_EXECUTABLE: /usr/bin/python3\n'}
[5.422598] (fsd_common_msgs) StdoutLine: {'line': b'-- Using PYTHON_INCLUDE_DIRS: /usr/include/python3.10\n'}
[5.422818] (fsd_common_msgs) StdoutLine: {'line': b'-- Using PYTHON_LIBRARIES: /usr/lib/x86_64-linux-gnu/libpython3.10.so\n'}
[5.430382] (-) TimerEvent: {}
[5.484383] (fsd_common_msgs) StdoutLine: {'line': b'-- Found PythonExtra: .so  \n'}
[5.530525] (-) TimerEvent: {}
[5.631298] (-) TimerEvent: {}
[5.731768] (-) TimerEvent: {}
[5.832211] (-) TimerEvent: {}
[5.932832] (-) TimerEvent: {}
[5.991264] (fsd_common_msgs) StdoutLine: {'line': b'-- Configuring done\n'}
[6.032966] (-) TimerEvent: {}
[6.133397] (-) TimerEvent: {}
[6.233835] (-) TimerEvent: {}
[6.239294] (fsd_common_msgs) StdoutLine: {'line': b'-- Generating done\n'}
[6.289682] (fsd_common_msgs) StdoutLine: {'line': b'-- Build files have been written to: /home/jack/ros2_homework_advanced/build/fsd_common_msgs\n'}
[6.316052] (fsd_common_msgs) CommandEnded: {'returncode': 0}
[6.317140] (fsd_common_msgs) JobProgress: {'identifier': 'fsd_common_msgs', 'progress': 'build'}
[6.318839] (fsd_common_msgs) Command: {'cmd': ['/usr/bin/cmake', '--build', '/home/jack/ros2_homework_advanced/build/fsd_common_msgs', '--', '-j2', '-l2'], 'cwd': '/home/jack/ros2_homework_advanced/build/fsd_common_msgs', 'env': OrderedDict([('LESSOPEN', '| /usr/bin/lesspipe %s'), ('LANGUAGE', 'zh_CN:zh'), ('USER', 'jack'), ('XDG_SESSION_TYPE', 'wayland'), ('SHLVL', '1'), ('LD_LIBRARY_PATH', '/usr/lib/x86_64-linux-gnu/gazebo-11/plugins:/opt/ros/humble/opt/rviz_ogre_vendor/lib:/opt/ros/humble/lib/x86_64-linux-gnu:/opt/ros/humble/lib'), ('HOME', '/home/jack'), ('OLDPWD', '/home/jack/ros2_homework_advanced'), ('DESKTOP_SESSION', 'ubuntu'), ('ROS_PYTHON_VERSION', '3'), ('GNOME_SHELL_SESSION_MODE', 'ubuntu'), ('GTK_MODULES', 'gail:atk-bridge'), ('DBUS_STARTER_BUS_TYPE', 'session'), ('SYSTEMD_EXEC_PID', '85604'), ('DBUS_SESSION_BUS_ADDRESS', 'unix:path=/run/user/1000/bus,guid=4d6229c547727a250530af036a1e291b'), ('COLORTERM', 'truecolor'), ('WAYLAND_DISPLAY', 'wayland-0'), ('ROS_DISTRO', 'humble'), ('GTK_IM_MODULE', 'fcitx'), ('LOGNAME', 'jack'), ('_', '/usr/bin/colcon'), ('ROS_VERSION', '2'), ('XDG_SESSION_CLASS', 'user'), ('USERNAME', 'jack'), ('TERM', 'xterm-256color'), ('GNOME_DESKTOP_SESSION_ID', 'this-is-deprecated'), ('ROS_LOCALHOST_ONLY', '0'), ('PATH', '/opt/ros/humble/bin:/usr/local/sbin:/usr/local/bin:/usr/sbin:/usr/bin:/sbin:/bin:/usr/games:/usr/local/games:/snap/bin:/snap/bin'), ('SESSION_MANAGER', 'local/jack-270E5J-2570EJ:@/tmp/.ICE-unix/85604,unix/jack-270E5J-2570EJ:/tmp/.ICE-unix/85604'), ('XDG_MENU_PREFIX', 'gnome-'), ('GNOME_TERMINAL_SCREEN', '/org/gnome/Terminal/screen/d2b0fd20_1459_4934_b8b5_827c36f59622'), ('GNOME_SETUP_DISPLAY', ':1'), ('XDG_RUNTIME_DIR', '/run/user/1000'), ('DISPLAY', ':0'), ('LANG', 'zh_CN.UTF-8'), ('XDG_CURRENT_DESKTOP', 'ubuntu:GNOME'), ('XMODIFIERS', '@im=fcitx'), ('XDG_SESSION_DESKTOP', 'ubuntu'), ('XAUTHORITY', '/run/user/1000/.mutter-Xwaylandauth.346WP3'), ('LS_COLORS', 'rs=0:di=01;34:ln=01;36:mh=00:pi=40;33:so=01;35:do=01;35:bd=40;33;01:cd=40;33;01:or=40;31;01:mi=00:su=37;41:sg=30;43:ca=30;41:tw=30;42:ow=34;42:st=37;44:ex=01;32:*.tar=01;31:*.tgz=01;31:*.arc=01;31:*.arj=01;31:*.taz=01;31:*.lha=01;31:*.lz4=01;31:*.lzh=01;31:*.lzma=01;31:*.tlz=01;31:*.txz=01;31:*.tzo=01;31:*.t7z=01;31:*.zip=01;31:*.z=01;31:*.dz=01;31:*.gz=01;31:*.lrz=01;31:*.lz=01;31:*.lzo=01;31:*.xz=01;31:*.zst=01;31:*.tzst=01;31:*.bz2=01;31:*.bz=01;31:*.tbz=01;31:*.tbz2=01;31:*.tz=01;31:*.deb=01;31:*.rpm=01;31:*.jar=01;31:*.war=01;31:*.ear=01;31:*.sar=01;31:*.rar=01;31:*.alz=01;31:*.ace=01;31:*.zoo=01;31:*.cpio=01;31:*.7z=01;31:*.rz=01;31:*.cab=01;31:*.wim=01;31:*.swm=01;31:*.dwm=01;31:*.esd=01;31:*.jpg=01;35:*.jpeg=01;35:*.mjpg=01;35:*.mjpeg=01;35:*.gif=01;35:*.bmp=01;35:*.pbm=01;35:*.pgm=01;35:*.ppm=01;35:*.tga=01;35:*.xbm=01;35:*.xpm=01;35:*.tif=01;35:*.tiff=01;35:*.png=01;35:*.svg=01;35:*.svgz=01;35:*.mng=01;35:*.pcx=01;35:*.mov=01;35:*.mpg=01;35:*.mpeg=01;35:*.m2v=01;35:*.mkv=01;35:*.webm=01;35:*.webp=01;35:*.ogm=01;35:*.mp4=01;35:*.m4v=01;35:*.mp4v=01;35:*.vob=01;35:*.qt=01;35:*.nuv=01;35:*.wmv=01;35:*.asf=01;35:*.rm=01;35:*.rmvb=01;35:*.flc=01;35:*.avi=01;35:*.fli=01;35:*.flv=01;35:*.gl=01;35:*.dl=01;35:*.xcf=01;35:*.xwd=01;35:*.yuv=01;35:*.cgm=01;35:*.emf=01;35:*.ogv=01;35:*.ogx=01;35:*.aac=00;36:*.au=00;36:*.flac=00;36:*.m4a=00;36:*.mid=00;36:*.midi=00;36:*.mka=00;36:*.mp3=00;36:*.mpc=00;36:*.ogg=00;36:*.ra=00;36:*.wav=00;36:*.oga=00;36:*.opus=00;36:*.spx=00;36:*.xspf=00;36:'), ('GNOME_TERMINAL_SERVICE', ':1.797'), ('SSH_AGENT_LAUNCHER', 'gnome-keyring'), ('SSH_AUTH_SOCK', '/run/user/1000/keyring/ssh'), ('AMENT_PREFIX_PATH', '/opt/ros/humble'), ('SHELL', '/bin/bash'), ('INSIDE_NAUTILUS_PYTHON', ''), ('QT_ACCESSIBILITY', '1'), ('GDMSESSION', 'ubuntu'), ('LESSCLOSE', '/usr/bin/lesspipe %s %s'), ('QT_IM_MODULE', 'fcitx'), ('PWD', '/home/jack/ros2_homework_advanced/build/fsd_common_msgs'), ('XDG_CONFIG_DIRS', '/etc/xdg/xdg-ubuntu:/etc/xdg'), ('DBUS_STARTER_ADDRESS', 'unix:path=/run/user/1000/bus,guid=4d6229c547727a250530af036a1e291b'), ('XDG_DATA_DIRS', '/usr/share/ubuntu:/home/jack/.local/share/flatpak/exports/share:/var/lib/flatpak/exports/share:/usr/local/share/:/usr/share/:/var/lib/snapd/desktop'), ('PYTHONPATH', '/opt/ros/humble/lib/python3.10/site-packages:/opt/ros/humble/local/lib/python3.10/dist-packages'), ('COLCON', '1'), ('VTE_VERSION', '6800'), ('CMAKE_PREFIX_PATH', '/opt/ros/humble')]), 'shell': False}
[6.334000] (-) TimerEvent: {}
[6.434603] (-) TimerEvent: {}
[6.482623] (fsd_common_msgs) StdoutLine: {'line': b'[  1%] \x1b[34m\x1b[1mGenerating C code for ROS interfaces\x1b[0m\n'}
[6.496928] (fsd_common_msgs) StdoutLine: {'line': b'[  2%] \x1b[34m\x1b[1mGenerating Rust code for ROS interfaces\x1b[0m\n'}
[6.536091] (-) TimerEvent: {}
[6.637207] (-) TimerEvent: {}
[6.739088] (-) TimerEvent: {}
[6.839649] (-) TimerEvent: {}
[6.940216] (-) TimerEvent: {}
[7.044278] (-) TimerEvent: {}
[7.145062] (-) TimerEvent: {}
[7.245636] (-) TimerEvent: {}
[7.349085] (-) TimerEvent: {}
[7.449661] (-) TimerEvent: {}
[7.551854] (-) TimerEvent: {}
[7.653162] (-) TimerEvent: {}
[7.757022] (-) TimerEvent: {}
[7.857980] (-) TimerEvent: {}
[7.958586] (-) TimerEvent: {}
[8.060073] (-) TimerEvent: {}
[8.162021] (-) TimerEvent: {}
[8.262591] (-) TimerEvent: {}
[8.363665] (-) TimerEvent: {}
[8.464258] (-) TimerEvent: {}
[8.565522] (-) TimerEvent: {}
[8.667363] (-) TimerEvent: {}
[8.767945] (-) TimerEvent: {}
[8.869189] (-) TimerEvent: {}
[8.970464] (-) TimerEvent: {}
[9.072955] (-) TimerEvent: {}
[9.173561] (-) TimerEvent: {}
[9.274201] (-) TimerEvent: {}
[9.376083] (-) TimerEvent: {}
[9.476672] (-) TimerEvent: {}
[9.577191] (-) TimerEvent: {}
[9.678091] (-) TimerEvent: {}
[9.779016] (-) TimerEvent: {}
[9.881491] (-) TimerEvent: {}
[9.984295] (-) TimerEvent: {}
[10.084930] (-) TimerEvent: {}
[10.185495] (-) TimerEvent: {}
[10.285992] (-) TimerEvent: {}
[10.387447] (-) TimerEvent: {}
[10.489974] (-) TimerEvent: {}
[10.590415] (-) TimerEvent: {}
[10.690824] (-) TimerEvent: {}
[10.791266] (-) TimerEvent: {}
[10.891707] (-) TimerEvent: {}
[10.992139] (-) TimerEvent: {}
[11.093978] (-) TimerEvent: {}
[11.194414] (-) TimerEvent: {}
[11.294905] (-) TimerEvent: {}
[11.397042] (-) TimerEvent: {}
[11.497569] (-) TimerEvent: {}
[11.577684] (fsd_common_msgs) StdoutLine: {'line': b'[  2%] Built target fsd_common_msgs__rs\n'}
[11.597691] (-) TimerEvent: {}
[11.658551] (fsd_common_msgs) StdoutLine: {'line': b'[  2%] \x1b[34m\x1b[1mGenerating C++ code for ROS interfaces\x1b[0m\n'}
[11.700588] (-) TimerEvent: {}
[11.801068] (-) TimerEvent: {}
[11.902548] (-) TimerEvent: {}
[12.002995] (-) TimerEvent: {}
[12.105838] (-) TimerEvent: {}
[12.206273] (-) TimerEvent: {}
[12.306721] (-) TimerEvent: {}
[12.407384] (-) TimerEvent: {}
[12.509130] (-) TimerEvent: {}
[12.609583] (-) TimerEvent: {}
[12.710277] (-) TimerEvent: {}
[12.812990] (-) TimerEvent: {}
[12.913548] (-) TimerEvent: {}
[13.013996] (-) TimerEvent: {}
[13.114447] (-) TimerEvent: {}
[13.214935] (-) TimerEvent: {}
[13.315811] (-) TimerEvent: {}
[13.416971] (-) TimerEvent: {}
[13.517413] (-) TimerEvent: {}
[13.618972] (-) TimerEvent: {}
[13.719833] (-) TimerEvent: {}
[13.820488] (-) TimerEvent: {}
[13.922992] (-) TimerEvent: {}
[14.023427] (-) TimerEvent: {}
[14.123895] (-) TimerEvent: {}
[14.224351] (-) TimerEvent: {}
[14.324838] (-) TimerEvent: {}
[14.426095] (-) TimerEvent: {}
[14.526556] (-) TimerEvent: {}
[14.630465] (-) TimerEvent: {}
[14.730991] (-) TimerEvent: {}
[14.831441] (-) TimerEvent: {}
[14.933063] (-) TimerEvent: {}
[15.033511] (-) TimerEvent: {}
[15.133970] (-) TimerEvent: {}
[15.236072] (-) TimerEvent: {}
[15.336538] (-) TimerEvent: {}
[15.437167] (-) TimerEvent: {}
[15.537993] (-) TimerEvent: {}
[15.642054] (-) TimerEvent: {}
[15.742502] (-) TimerEvent: {}
[15.842960] (-) TimerEvent: {}
[15.943400] (-) TimerEvent: {}
[16.045471] (-) TimerEvent: {}
[16.146086] (-) TimerEvent: {}
[16.247041] (-) TimerEvent: {}
[16.348907] (-) TimerEvent: {}
[16.449496] (-) TimerEvent: {}
[16.552800] (-) TimerEvent: {}
[16.653428] (-) TimerEvent: {}
[16.754098] (-) TimerEvent: {}
[16.854715] (-) TimerEvent: {}
[16.955224] (-) TimerEvent: {}
[17.055838] (-) TimerEvent: {}
[17.064667] (fsd_common_msgs) StdoutLine: {'line': b'[  2%] \x1b[32mBuilding C object CMakeFiles/fsd_common_msgs__rosidl_generator_c.dir/rosidl_generator_c/fsd_common_msgs/msg/detail/as_state__functions.c.o\x1b[0m\n'}
[17.155965] (-) TimerEvent: {}
[17.207977] (fsd_common_msgs) StdoutLine: {'line': b'[  3%] \x1b[32mBuilding C object CMakeFiles/fsd_common_msgs__rosidl_generator_c.dir/rosidl_generator_c/fsd_common_msgs/msg/detail/asensing_message__functions.c.o\x1b[0m\n'}
[17.256090] (-) TimerEvent: {}
[17.349902] (fsd_common_msgs) StdoutLine: {'line': b'[  3%] \x1b[32mBuilding C object CMakeFiles/fsd_common_msgs__rosidl_generator_c.dir/rosidl_generator_c/fsd_common_msgs/msg/detail/can_frames__functions.c.o\x1b[0m\n'}
[17.357121] (-) TimerEvent: {}
[17.457723] (-) TimerEvent: {}
[17.489258] (fsd_common_msgs) StdoutLine: {'line': b'[  3%] \x1b[32mBuilding C object CMakeFiles/fsd_common_msgs__rosidl_generator_c.dir/rosidl_generator_c/fsd_common_msgs/msg/detail/car_state__functions.c.o\x1b[0m\n'}
[17.559685] (-) TimerEvent: {}
[17.628291] (fsd_common_msgs) StdoutLine: {'line': b'[  4%] \x1b[32mBuilding C object CMakeFiles/fsd_common_msgs__rosidl_generator_c.dir/rosidl_generator_c/fsd_common_msgs/msg/detail/car_state_dt__functions.c.o\x1b[0m\n'}
[17.659854] (-) TimerEvent: {}
[17.761113] (fsd_common_msgs) StdoutLine: {'line': b'[  4%] \x1b[32mBuilding C object CMakeFiles/fsd_common_msgs__rosidl_generator_c.dir/rosidl_generator_c/fsd_common_msgs/msg/detail/cone__functions.c.o\x1b[0m\n'}
[17.761467] (-) TimerEvent: {}
[17.862585] (-) TimerEvent: {}
[17.895847] (fsd_common_msgs) StdoutLine: {'line': b'[  5%] \x1b[32mBuilding C object CMakeFiles/fsd_common_msgs__rosidl_generator_c.dir/rosidl_generator_c/fsd_common_msgs/msg/detail/cone_dbscan__functions.c.o\x1b[0m\n'}
[17.962711] (-) TimerEvent: {}
[18.039822] (fsd_common_msgs) StdoutLine: {'line': b'[  5%] \x1b[32mBuilding C object CMakeFiles/fsd_common_msgs__rosidl_generator_c.dir/rosidl_generator_c/fsd_common_msgs/msg/detail/cone_detections__functions.c.o\x1b[0m\n'}
[18.062827] (-) TimerEvent: {}
[18.163972] (-) TimerEvent: {}
[18.165290] (fsd_common_msgs) StdoutLine: {'line': b'[  5%] \x1b[32mBuilding C object CMakeFiles/fsd_common_msgs__rosidl_generator_c.dir/rosidl_generator_c/fsd_common_msgs/msg/detail/cone_detections_dbscan__functions.c.o\x1b[0m\n'}
[18.264208] (-) TimerEvent: {}
[18.298510] (fsd_common_msgs) StdoutLine: {'line': b'[  6%] \x1b[32mBuilding C object CMakeFiles/fsd_common_msgs__rosidl_generator_c.dir/rosidl_generator_c/fsd_common_msgs/msg/detail/control_command__functions.c.o\x1b[0m\n'}
[18.364290] (-) TimerEvent: {}
[18.429113] (fsd_common_msgs) StdoutLine: {'line': b'[  6%] \x1b[32mBuilding C object CMakeFiles/fsd_common_msgs__rosidl_generator_c.dir/rosidl_generator_c/fsd_common_msgs/msg/detail/decision_flag__functions.c.o\x1b[0m\n'}
[18.465909] (-) TimerEvent: {}
[18.556197] (fsd_common_msgs) StdoutLine: {'line': b'[  7%] \x1b[32mBuilding C object CMakeFiles/fsd_common_msgs__rosidl_generator_c.dir/rosidl_generator_c/fsd_common_msgs/msg/detail/driving_dynamics__functions.c.o\x1b[0m\n'}
[18.566039] (-) TimerEvent: {}
[18.667076] (-) TimerEvent: {}
[18.690310] (fsd_common_msgs) StdoutLine: {'line': b'[  7%] \x1b[32mBuilding C object CMakeFiles/fsd_common_msgs__rosidl_generator_c.dir/rosidl_generator_c/fsd_common_msgs/msg/detail/echiev_message__functions.c.o\x1b[0m\n'}
[18.767212] (-) TimerEvent: {}
[18.826952] (fsd_common_msgs) StdoutLine: {'line': b'[  7%] \x1b[32mBuilding C object CMakeFiles/fsd_common_msgs__rosidl_generator_c.dir/rosidl_generator_c/fsd_common_msgs/msg/detail/feedback__functions.c.o\x1b[0m\n'}
[18.867344] (-) TimerEvent: {}
[18.958213] (fsd_common_msgs) StdoutLine: {'line': b'[  8%] \x1b[32mBuilding C object CMakeFiles/fsd_common_msgs__rosidl_generator_c.dir/rosidl_generator_c/fsd_common_msgs/msg/detail/ins_delta__functions.c.o\x1b[0m\n'}
[18.967603] (-) TimerEvent: {}
[19.069224] (-) TimerEvent: {}
[19.089689] (fsd_common_msgs) StdoutLine: {'line': b'[  8%] \x1b[32mBuilding C object CMakeFiles/fsd_common_msgs__rosidl_generator_c.dir/rosidl_generator_c/fsd_common_msgs/msg/detail/map__functions.c.o\x1b[0m\n'}
[19.169358] (-) TimerEvent: {}
[19.223192] (fsd_common_msgs) StdoutLine: {'line': b'[  9%] \x1b[32mBuilding C object CMakeFiles/fsd_common_msgs__rosidl_generator_c.dir/rosidl_generator_c/fsd_common_msgs/msg/detail/mission__functions.c.o\x1b[0m\n'}
[19.270835] (-) TimerEvent: {}
[19.356515] (fsd_common_msgs) StdoutLine: {'line': b'[  9%] \x1b[32mBuilding C object CMakeFiles/fsd_common_msgs__rosidl_generator_c.dir/rosidl_generator_c/fsd_common_msgs/msg/detail/remote_control_command__functions.c.o\x1b[0m\n'}
[19.370994] (-) TimerEvent: {}
[19.473136] (-) TimerEvent: {}
[19.489734] (fsd_common_msgs) StdoutLine: {'line': b'[  9%] \x1b[32mBuilding C object CMakeFiles/fsd_common_msgs__rosidl_generator_c.dir/rosidl_generator_c/fsd_common_msgs/msg/detail/res_and_ami__functions.c.o\x1b[0m\n'}
[19.573273] (-) TimerEvent: {}
[19.617720] (fsd_common_msgs) StdoutLine: {'line': b'[ 10%] \x1b[32mBuilding C object CMakeFiles/fsd_common_msgs__rosidl_generator_c.dir/rosidl_generator_c/fsd_common_msgs/msg/detail/skidpad_global_center_line__functions.c.o\x1b[0m\n'}
[19.673406] (-) TimerEvent: {}
[19.760370] (fsd_common_msgs) StdoutLine: {'line': b'[ 10%] \x1b[32mBuilding C object CMakeFiles/fsd_common_msgs__rosidl_generator_c.dir/rosidl_generator_c/fsd_common_msgs/msg/detail/time__functions.c.o\x1b[0m\n'}
[19.773528] (-) TimerEvent: {}
[19.874172] (-) TimerEvent: {}
[19.919416] (fsd_common_msgs) StdoutLine: {'line': b'[ 11%] \x1b[32mBuilding C object CMakeFiles/fsd_common_msgs__rosidl_generator_c.dir/rosidl_generator_c/fsd_common_msgs/msg/detail/track__functions.c.o\x1b[0m\n'}
[19.975843] (-) TimerEvent: {}
[20.076497] (-) TimerEvent: {}
[20.091555] (fsd_common_msgs) StdoutLine: {'line': b'[ 11%] \x1b[32mBuilding C object CMakeFiles/fsd_common_msgs__rosidl_generator_c.dir/rosidl_generator_c/fsd_common_msgs/msg/detail/trajectory_point__functions.c.o\x1b[0m\n'}
[20.176625] (-) TimerEvent: {}
[20.255913] (fsd_common_msgs) StdoutLine: {'line': b'[ 11%] \x1b[32mBuilding C object CMakeFiles/fsd_common_msgs__rosidl_generator_c.dir/rosidl_generator_c/fsd_common_msgs/msg/detail/visualization__functions.c.o\x1b[0m\n'}
[20.278279] (-) TimerEvent: {}
[20.381632] (-) TimerEvent: {}
[20.470244] (fsd_common_msgs) StdoutLine: {'line': b'[ 12%] \x1b[32mBuilding C object CMakeFiles/fsd_common_msgs__rosidl_generator_c.dir/rosidl_generator_c/fsd_common_msgs/msg/detail/yolo_cone__functions.c.o\x1b[0m\n'}
[20.482473] (-) TimerEvent: {}
[20.583792] (-) TimerEvent: {}
[20.635470] (fsd_common_msgs) StdoutLine: {'line': b'[ 12%] \x1b[32mBuilding C object CMakeFiles/fsd_common_msgs__rosidl_generator_c.dir/rosidl_generator_c/fsd_common_msgs/msg/detail/yolo_cone_detections__functions.c.o\x1b[0m\n'}
[20.685852] (-) TimerEvent: {}
[20.789375] (-) TimerEvent: {}
[20.795135] (fsd_common_msgs) StdoutLine: {'line': b'[ 13%] \x1b[32mBuilding C object CMakeFiles/fsd_common_msgs__rosidl_generator_c.dir/rosidl_generator_c/fsd_common_msgs/msg/detail/yolo_cone_detections_track__functions.c.o\x1b[0m\n'}
[20.889864] (-) TimerEvent: {}
[20.952931] (fsd_common_msgs) StdoutLine: {'line': b'[ 13%] \x1b[32mBuilding C object CMakeFiles/fsd_common_msgs__rosidl_generator_c.dir/rosidl_generator_c/fsd_common_msgs/msg/detail/yolo_cone_track__functions.c.o\x1b[0m\n'}
[20.992346] (-) TimerEvent: {}
[21.094118] (-) TimerEvent: {}
[21.202912] (-) TimerEvent: {}
[21.236253] (fsd_common_msgs) StdoutLine: {'line': b'[ 13%] \x1b[32m\x1b[1mLinking C shared library libfsd_common_msgs__rosidl_generator_c.so\x1b[0m\n'}
[21.305093] (-) TimerEvent: {}
[21.405683] (-) TimerEvent: {}
[21.509662] (-) TimerEvent: {}
[21.514362] (fsd_common_msgs) StdoutLine: {'line': b'[ 13%] Built target fsd_common_msgs__rosidl_generator_c\n'}
[21.609953] (-) TimerEvent: {}
[21.710501] (-) TimerEvent: {}
[21.813151] (-) TimerEvent: {}
[21.914782] (-) TimerEvent: {}
[22.015480] (-) TimerEvent: {}
[22.116859] (-) TimerEvent: {}
[22.217454] (-) TimerEvent: {}
[22.317863] (-) TimerEvent: {}
[22.418296] (-) TimerEvent: {}
[22.518718] (-) TimerEvent: {}
[22.620214] (-) TimerEvent: {}
[22.720647] (-) TimerEvent: {}
[22.821153] (-) TimerEvent: {}
[22.922586] (-) TimerEvent: {}
[23.025380] (-) TimerEvent: {}
[23.127227] (-) TimerEvent: {}
[23.228913] (-) TimerEvent: {}
[23.332012] (-) TimerEvent: {}
[23.432547] (-) TimerEvent: {}
[23.535880] (-) TimerEvent: {}
[23.637237] (-) TimerEvent: {}
[23.738295] (-) TimerEvent: {}
[23.839832] (-) TimerEvent: {}
[23.940424] (-) TimerEvent: {}
[24.040840] (-) TimerEvent: {}
[24.141311] (-) TimerEvent: {}
[24.211767] (fsd_common_msgs) StdoutLine: {'line': b'[ 13%] Built target fsd_common_msgs__cpp\n'}
[24.241496] (-) TimerEvent: {}
[24.291970] (fsd_common_msgs) StdoutLine: {'line': b'[ 13%] Built target ament_cmake_python_copy_fsd_common_msgs\n'}
[24.326852] (fsd_common_msgs) StdoutLine: {'line': b'[ 14%] \x1b[34m\x1b[1mGenerating C type support for eProsima Fast-RTPS\x1b[0m\n'}
[24.341810] (-) TimerEvent: {}
[24.444314] (-) TimerEvent: {}
[24.545048] (-) TimerEvent: {}
[24.645981] (-) TimerEvent: {}
[24.749206] (-) TimerEvent: {}
[24.849818] (-) TimerEvent: {}
[24.950410] (-) TimerEvent: {}
[25.051857] (-) TimerEvent: {}
[25.152618] (-) TimerEvent: {}
[25.254865] (-) TimerEvent: {}
[25.355649] (-) TimerEvent: {}
[25.458391] (-) TimerEvent: {}
[25.559225] (-) TimerEvent: {}
[25.661327] (-) TimerEvent: {}
[25.764644] (-) TimerEvent: {}
[25.865250] (-) TimerEvent: {}
[25.965961] (-) TimerEvent: {}
[26.068087] (-) TimerEvent: {}
[26.168667] (-) TimerEvent: {}
[26.269334] (-) TimerEvent: {}
[26.357854] (fsd_common_msgs) StdoutLine: {'line': b'[ 15%] \x1b[34m\x1b[1mGenerating C introspection for ROS interfaces\x1b[0m\n'}
[26.369478] (-) TimerEvent: {}
[26.472837] (-) TimerEvent: {}
[26.576015] (-) TimerEvent: {}
[26.678943] (-) TimerEvent: {}
[26.788635] (-) TimerEvent: {}
[26.889489] (-) TimerEvent: {}
[26.994036] (-) TimerEvent: {}
[27.100688] (-) TimerEvent: {}
[27.201808] (-) TimerEvent: {}
[27.306452] (-) TimerEvent: {}
[27.406930] (-) TimerEvent: {}
[27.507396] (-) TimerEvent: {}
[27.610235] (-) TimerEvent: {}
[27.711855] (-) TimerEvent: {}
[27.817635] (-) TimerEvent: {}
[27.927847] (-) TimerEvent: {}
[28.031211] (-) TimerEvent: {}
[28.135156] (-) TimerEvent: {}
[28.239054] (-) TimerEvent: {}
[28.347432] (-) TimerEvent: {}
[28.451092] (-) TimerEvent: {}
[28.554852] (-) TimerEvent: {}
[28.659852] (-) TimerEvent: {}
[28.760857] (-) TimerEvent: {}
[28.861312] (-) TimerEvent: {}
[28.963465] (-) TimerEvent: {}
[29.064660] (-) TimerEvent: {}
[29.167844] (-) TimerEvent: {}
[29.269824] (-) TimerEvent: {}
[29.372864] (-) TimerEvent: {}
[29.473518] (-) TimerEvent: {}
[29.575394] (-) TimerEvent: {}
[29.676040] (-) TimerEvent: {}
[29.779134] (-) TimerEvent: {}
[29.879580] (-) TimerEvent: {}
[29.983887] (-) TimerEvent: {}
[30.085827] (-) TimerEvent: {}
[30.186341] (-) TimerEvent: {}
[30.286943] (-) TimerEvent: {}
[30.388722] (-) TimerEvent: {}
[30.489187] (-) TimerEvent: {}
[30.589632] (-) TimerEvent: {}
[30.692039] (-) TimerEvent: {}
[30.792467] (-) TimerEvent: {}
[30.892954] (-) TimerEvent: {}
[30.993394] (-) TimerEvent: {}
[31.094007] (-) TimerEvent: {}
[31.194976] (-) TimerEvent: {}
[31.297009] (-) TimerEvent: {}
[31.397485] (-) TimerEvent: {}
[31.497973] (-) TimerEvent: {}
[31.598416] (-) TimerEvent: {}
[31.700825] (-) TimerEvent: {}
[31.801261] (-) TimerEvent: {}
[31.902450] (-) TimerEvent: {}
[32.003192] (-) TimerEvent: {}
[32.104818] (-) TimerEvent: {}
[32.205233] (-) TimerEvent: {}
[32.305725] (-) TimerEvent: {}
[32.407389] (-) TimerEvent: {}
[32.507827] (-) TimerEvent: {}
[32.608253] (-) TimerEvent: {}
[32.708981] (-) TimerEvent: {}
[32.810049] (-) TimerEvent: {}
[32.911098] (-) TimerEvent: {}
[33.012285] (-) TimerEvent: {}
[33.114143] (-) TimerEvent: {}
[33.215011] (-) TimerEvent: {}
[33.315830] (-) TimerEvent: {}
[33.417499] (-) TimerEvent: {}
[33.518864] (-) TimerEvent: {}
[33.619712] (-) TimerEvent: {}
[33.720855] (-) TimerEvent: {}
[33.823021] (-) TimerEvent: {}
[33.880938] (fsd_common_msgs) StdoutLine: {'line': b'[ 15%] \x1b[32mBuilding CXX object CMakeFiles/fsd_common_msgs__rosidl_typesupport_fastrtps_c.dir/rosidl_typesupport_fastrtps_c/fsd_common_msgs/msg/detail/as_state__type_support_c.cpp.o\x1b[0m\n'}
[33.923874] (-) TimerEvent: {}
[34.025066] (-) TimerEvent: {}
[34.082223] (fsd_common_msgs) StdoutLine: {'line': b'[ 15%] \x1b[32mBuilding C object CMakeFiles/fsd_common_msgs__rosidl_typesupport_introspection_c.dir/rosidl_typesupport_introspection_c/fsd_common_msgs/msg/detail/as_state__type_support.c.o\x1b[0m\n'}
[34.125205] (-) TimerEvent: {}
[34.199935] (fsd_common_msgs) StdoutLine: {'line': b'[ 15%] \x1b[32mBuilding C object CMakeFiles/fsd_common_msgs__rosidl_typesupport_introspection_c.dir/rosidl_typesupport_introspection_c/fsd_common_msgs/msg/detail/asensing_message__type_support.c.o\x1b[0m\n'}
[34.226837] (-) TimerEvent: {}
[34.318442] (fsd_common_msgs) StdoutLine: {'line': b'[ 16%] \x1b[32mBuilding C object CMakeFiles/fsd_common_msgs__rosidl_typesupport_introspection_c.dir/rosidl_typesupport_introspection_c/fsd_common_msgs/msg/detail/can_frames__type_support.c.o\x1b[0m\n'}
[34.326972] (-) TimerEvent: {}
[34.427667] (-) TimerEvent: {}
[34.444870] (fsd_common_msgs) StdoutLine: {'line': b'[ 16%] \x1b[32mBuilding C object CMakeFiles/fsd_common_msgs__rosidl_typesupport_introspection_c.dir/rosidl_typesupport_introspection_c/fsd_common_msgs/msg/detail/car_state__type_support.c.o\x1b[0m\n'}
[34.527879] (-) TimerEvent: {}
[34.554888] (fsd_common_msgs) StdoutLine: {'line': b'[ 17%] \x1b[32mBuilding C object CMakeFiles/fsd_common_msgs__rosidl_typesupport_introspection_c.dir/rosidl_typesupport_introspection_c/fsd_common_msgs/msg/detail/car_state_dt__type_support.c.o\x1b[0m\n'}
[34.628002] (-) TimerEvent: {}
[34.665887] (fsd_common_msgs) StdoutLine: {'line': b'[ 17%] \x1b[32mBuilding C object CMakeFiles/fsd_common_msgs__rosidl_typesupport_introspection_c.dir/rosidl_typesupport_introspection_c/fsd_common_msgs/msg/detail/cone__type_support.c.o\x1b[0m\n'}
[34.728137] (-) TimerEvent: {}
[34.758689] (fsd_common_msgs) StdoutLine: {'line': b'[ 17%] \x1b[32mBuilding C object CMakeFiles/fsd_common_msgs__rosidl_typesupport_introspection_c.dir/rosidl_typesupport_introspection_c/fsd_common_msgs/msg/detail/cone_dbscan__type_support.c.o\x1b[0m\n'}
[34.828580] (-) TimerEvent: {}
[34.871290] (fsd_common_msgs) StdoutLine: {'line': b'[ 18%] \x1b[32mBuilding C object CMakeFiles/fsd_common_msgs__rosidl_typesupport_introspection_c.dir/rosidl_typesupport_introspection_c/fsd_common_msgs/msg/detail/cone_detections__type_support.c.o\x1b[0m\n'}
[34.928711] (-) TimerEvent: {}
[34.935525] (fsd_common_msgs) StdoutLine: {'line': b'[ 18%] \x1b[32mBuilding CXX object CMakeFiles/fsd_common_msgs__rosidl_typesupport_fastrtps_c.dir/rosidl_typesupport_fastrtps_c/fsd_common_msgs/msg/detail/asensing_message__type_support_c.cpp.o\x1b[0m\n'}
[34.974223] (fsd_common_msgs) StdoutLine: {'line': b'[ 18%] \x1b[32mBuilding C object CMakeFiles/fsd_common_msgs__rosidl_typesupport_introspection_c.dir/rosidl_typesupport_introspection_c/fsd_common_msgs/msg/detail/cone_detections_dbscan__type_support.c.o\x1b[0m\n'}
[35.029996] (-) TimerEvent: {}
[35.083043] (fsd_common_msgs) StdoutLine: {'line': b'[ 19%] \x1b[32mBuilding C object CMakeFiles/fsd_common_msgs__rosidl_typesupport_introspection_c.dir/rosidl_typesupport_introspection_c/fsd_common_msgs/msg/detail/control_command__type_support.c.o\x1b[0m\n'}
[35.131987] (-) TimerEvent: {}
[35.178982] (fsd_common_msgs) StdoutLine: {'line': b'[ 19%] \x1b[32mBuilding C object CMakeFiles/fsd_common_msgs__rosidl_typesupport_introspection_c.dir/rosidl_typesupport_introspection_c/fsd_common_msgs/msg/detail/decision_flag__type_support.c.o\x1b[0m\n'}
[35.232126] (-) TimerEvent: {}
[35.276712] (fsd_common_msgs) StdoutLine: {'line': b'[ 19%] \x1b[32mBuilding C object CMakeFiles/fsd_common_msgs__rosidl_typesupport_introspection_c.dir/rosidl_typesupport_introspection_c/fsd_common_msgs/msg/detail/driving_dynamics__type_support.c.o\x1b[0m\n'}
[35.332302] (-) TimerEvent: {}
[35.372788] (fsd_common_msgs) StdoutLine: {'line': b'[ 20%] \x1b[32mBuilding C object CMakeFiles/fsd_common_msgs__rosidl_typesupport_introspection_c.dir/rosidl_typesupport_introspection_c/fsd_common_msgs/msg/detail/echiev_message__type_support.c.o\x1b[0m\n'}
[35.432441] (-) TimerEvent: {}
[35.475779] (fsd_common_msgs) StdoutLine: {'line': b'[ 20%] \x1b[32mBuilding C object CMakeFiles/fsd_common_msgs__rosidl_typesupport_introspection_c.dir/rosidl_typesupport_introspection_c/fsd_common_msgs/msg/detail/feedback__type_support.c.o\x1b[0m\n'}
[35.532579] (-) TimerEvent: {}
[35.571578] (fsd_common_msgs) StdoutLine: {'line': b'[ 21%] \x1b[32mBuilding C object CMakeFiles/fsd_common_msgs__rosidl_typesupport_introspection_c.dir/rosidl_typesupport_introspection_c/fsd_common_msgs/msg/detail/ins_delta__type_support.c.o\x1b[0m\n'}
[35.634842] (-) TimerEvent: {}
[35.673044] (fsd_common_msgs) StdoutLine: {'line': b'[ 21%] \x1b[32mBuilding C object CMakeFiles/fsd_common_msgs__rosidl_typesupport_introspection_c.dir/rosidl_typesupport_introspection_c/fsd_common_msgs/msg/detail/map__type_support.c.o\x1b[0m\n'}
[35.734980] (-) TimerEvent: {}
[35.802813] (fsd_common_msgs) StdoutLine: {'line': b'[ 21%] \x1b[32mBuilding C object CMakeFiles/fsd_common_msgs__rosidl_typesupport_introspection_c.dir/rosidl_typesupport_introspection_c/fsd_common_msgs/msg/detail/mission__type_support.c.o\x1b[0m\n'}
[35.835846] (-) TimerEvent: {}
[35.906689] (fsd_common_msgs) StdoutLine: {'line': b'[ 22%] \x1b[32mBuilding C object CMakeFiles/fsd_common_msgs__rosidl_typesupport_introspection_c.dir/rosidl_typesupport_introspection_c/fsd_common_msgs/msg/detail/remote_control_command__type_support.c.o\x1b[0m\n'}
[35.936211] (-) TimerEvent: {}
[35.999851] (fsd_common_msgs) StdoutLine: {'line': b'[ 22%] \x1b[32mBuilding C object CMakeFiles/fsd_common_msgs__rosidl_typesupport_introspection_c.dir/rosidl_typesupport_introspection_c/fsd_common_msgs/msg/detail/res_and_ami__type_support.c.o\x1b[0m\n'}
[36.036343] (-) TimerEvent: {}
[36.100167] (fsd_common_msgs) StdoutLine: {'line': b'[ 23%] \x1b[32mBuilding C object CMakeFiles/fsd_common_msgs__rosidl_typesupport_introspection_c.dir/rosidl_typesupport_introspection_c/fsd_common_msgs/msg/detail/skidpad_global_center_line__type_support.c.o\x1b[0m\n'}
[36.133909] (fsd_common_msgs) StdoutLine: {'line': b'[ 24%] \x1b[32mBuilding CXX object CMakeFiles/fsd_common_msgs__rosidl_typesupport_fastrtps_c.dir/rosidl_typesupport_fastrtps_c/fsd_common_msgs/msg/detail/can_frames__type_support_c.cpp.o\x1b[0m\n'}
[36.136462] (-) TimerEvent: {}
[36.200167] (fsd_common_msgs) StdoutLine: {'line': b'[ 24%] \x1b[32mBuilding C object CMakeFiles/fsd_common_msgs__rosidl_typesupport_introspection_c.dir/rosidl_typesupport_introspection_c/fsd_common_msgs/msg/detail/time__type_support.c.o\x1b[0m\n'}
[36.238109] (-) TimerEvent: {}
[36.311838] (fsd_common_msgs) StdoutLine: {'line': b'[ 24%] \x1b[32mBuilding C object CMakeFiles/fsd_common_msgs__rosidl_typesupport_introspection_c.dir/rosidl_typesupport_introspection_c/fsd_common_msgs/msg/detail/track__type_support.c.o\x1b[0m\n'}
[36.338235] (-) TimerEvent: {}
[36.438903] (-) TimerEvent: {}
[36.454147] (fsd_common_msgs) StdoutLine: {'line': b'[ 25%] \x1b[32mBuilding C object CMakeFiles/fsd_common_msgs__rosidl_typesupport_introspection_c.dir/rosidl_typesupport_introspection_c/fsd_common_msgs/msg/detail/trajectory_point__type_support.c.o\x1b[0m\n'}
[36.539033] (-) TimerEvent: {}
[36.560786] (fsd_common_msgs) StdoutLine: {'line': b'[ 25%] \x1b[32mBuilding C object CMakeFiles/fsd_common_msgs__rosidl_typesupport_introspection_c.dir/rosidl_typesupport_introspection_c/fsd_common_msgs/msg/detail/visualization__type_support.c.o\x1b[0m\n'}
[36.639480] (-) TimerEvent: {}
[36.659475] (fsd_common_msgs) StdoutLine: {'line': b'[ 26%] \x1b[32mBuilding C object CMakeFiles/fsd_common_msgs__rosidl_typesupport_introspection_c.dir/rosidl_typesupport_introspection_c/fsd_common_msgs/msg/detail/yolo_cone__type_support.c.o\x1b[0m\n'}
[36.739818] (-) TimerEvent: {}
[36.760720] (fsd_common_msgs) StdoutLine: {'line': b'[ 26%] \x1b[32mBuilding C object CMakeFiles/fsd_common_msgs__rosidl_typesupport_introspection_c.dir/rosidl_typesupport_introspection_c/fsd_common_msgs/msg/detail/yolo_cone_detections__type_support.c.o\x1b[0m\n'}
[36.839956] (-) TimerEvent: {}
[36.865679] (fsd_common_msgs) StdoutLine: {'line': b'[ 26%] \x1b[32mBuilding C object CMakeFiles/fsd_common_msgs__rosidl_typesupport_introspection_c.dir/rosidl_typesupport_introspection_c/fsd_common_msgs/msg/detail/yolo_cone_detections_track__type_support.c.o\x1b[0m\n'}
[36.941514] (-) TimerEvent: {}
[36.981217] (fsd_common_msgs) StdoutLine: {'line': b'[ 27%] \x1b[32mBuilding C object CMakeFiles/fsd_common_msgs__rosidl_typesupport_introspection_c.dir/rosidl_typesupport_introspection_c/fsd_common_msgs/msg/detail/yolo_cone_track__type_support.c.o\x1b[0m\n'}
[37.041645] (-) TimerEvent: {}
[37.080825] (fsd_common_msgs) StdoutLine: {'line': b'[ 27%] \x1b[32m\x1b[1mLinking C shared library libfsd_common_msgs__rosidl_typesupport_introspection_c.so\x1b[0m\n'}
[37.143873] (-) TimerEvent: {}
[37.195140] (fsd_common_msgs) StdoutLine: {'line': b'[ 27%] Built target fsd_common_msgs__rosidl_typesupport_introspection_c\n'}
[37.244003] (-) TimerEvent: {}
[37.249967] (fsd_common_msgs) StdoutLine: {'line': b'[ 27%] \x1b[32mBuilding CXX object CMakeFiles/fsd_common_msgs__rosidl_typesupport_fastrtps_c.dir/rosidl_typesupport_fastrtps_c/fsd_common_msgs/msg/detail/car_state__type_support_c.cpp.o\x1b[0m\n'}
[37.344140] (-) TimerEvent: {}
[37.445081] (-) TimerEvent: {}
[37.545622] (-) TimerEvent: {}
[37.646456] (-) TimerEvent: {}
[37.747388] (-) TimerEvent: {}
[37.848426] (-) TimerEvent: {}
[37.950810] (-) TimerEvent: {}
[38.052096] (-) TimerEvent: {}
[38.154640] (-) TimerEvent: {}
[38.257775] (-) TimerEvent: {}
[38.282872] (fsd_common_msgs) StdoutLine: {'line': b'[ 28%] \x1b[32mBuilding CXX object CMakeFiles/fsd_common_msgs__rosidl_typesupport_fastrtps_c.dir/rosidl_typesupport_fastrtps_c/fsd_common_msgs/msg/detail/car_state_dt__type_support_c.cpp.o\x1b[0m\n'}
[38.357953] (-) TimerEvent: {}
[38.461485] (-) TimerEvent: {}
[38.562997] (-) TimerEvent: {}
[38.663791] (-) TimerEvent: {}
[38.765586] (-) TimerEvent: {}
[38.867346] (-) TimerEvent: {}
[38.967994] (-) TimerEvent: {}
[39.070843] (-) TimerEvent: {}
[39.171916] (-) TimerEvent: {}
[39.274148] (-) TimerEvent: {}
[39.375420] (-) TimerEvent: {}
[39.419319] (fsd_common_msgs) StdoutLine: {'line': b'[ 28%] \x1b[32mBuilding CXX object CMakeFiles/fsd_common_msgs__rosidl_typesupport_fastrtps_c.dir/rosidl_typesupport_fastrtps_c/fsd_common_msgs/msg/detail/cone__type_support_c.cpp.o\x1b[0m\n'}
[39.475568] (-) TimerEvent: {}
[39.576319] (-) TimerEvent: {}
[39.678523] (-) TimerEvent: {}
[39.779830] (-) TimerEvent: {}
[39.880417] (-) TimerEvent: {}
[39.980995] (-) TimerEvent: {}
[40.081571] (-) TimerEvent: {}
[40.182084] (-) TimerEvent: {}
[40.284294] (-) TimerEvent: {}
[40.384830] (-) TimerEvent: {}
[40.475863] (fsd_common_msgs) StdoutLine: {'line': b'[ 28%] \x1b[32mBuilding CXX object CMakeFiles/fsd_common_msgs__rosidl_typesupport_fastrtps_c.dir/rosidl_typesupport_fastrtps_c/fsd_common_msgs/msg/detail/cone_dbscan__type_support_c.cpp.o\x1b[0m\n'}
[40.485127] (-) TimerEvent: {}
[40.587460] (-) TimerEvent: {}
[40.688853] (-) TimerEvent: {}
[40.789315] (-) TimerEvent: {}
[40.889767] (-) TimerEvent: {}
[40.990248] (-) TimerEvent: {}
[41.091411] (-) TimerEvent: {}
[41.192907] (-) TimerEvent: {}
[41.293365] (-) TimerEvent: {}
[41.393829] (-) TimerEvent: {}
[41.495461] (-) TimerEvent: {}
[41.501256] (fsd_common_msgs) StdoutLine: {'line': b'[ 29%] \x1b[32mBuilding CXX object CMakeFiles/fsd_common_msgs__rosidl_typesupport_fastrtps_c.dir/rosidl_typesupport_fastrtps_c/fsd_common_msgs/msg/detail/cone_detections__type_support_c.cpp.o\x1b[0m\n'}
[41.595612] (-) TimerEvent: {}
[41.696488] (-) TimerEvent: {}
[41.797516] (-) TimerEvent: {}
[41.898299] (-) TimerEvent: {}
[41.998853] (-) TimerEvent: {}
[42.100769] (-) TimerEvent: {}
[42.201385] (-) TimerEvent: {}
[42.301838] (-) TimerEvent: {}
[42.402570] (-) TimerEvent: {}
[42.441891] (fsd_common_msgs) StdoutLine: {'line': b'[ 29%] \x1b[32mBuilding CXX object CMakeFiles/fsd_common_msgs__rosidl_typesupport_fastrtps_c.dir/rosidl_typesupport_fastrtps_c/fsd_common_msgs/msg/detail/cone_detections_dbscan__type_support_c.cpp.o\x1b[0m\n'}
[42.503175] (-) TimerEvent: {}
[42.603795] (-) TimerEvent: {}
[42.704373] (-) TimerEvent: {}
[42.804857] (-) TimerEvent: {}
[42.905687] (-) TimerEvent: {}
[43.007671] (-) TimerEvent: {}
[43.108163] (-) TimerEvent: {}
[43.208677] (-) TimerEvent: {}
[43.309643] (-) TimerEvent: {}
[43.393876] (fsd_common_msgs) StdoutLine: {'line': b'[ 30%] \x1b[32mBuilding CXX object CMakeFiles/fsd_common_msgs__rosidl_typesupport_fastrtps_c.dir/rosidl_typesupport_fastrtps_c/fsd_common_msgs/msg/detail/control_command__type_support_c.cpp.o\x1b[0m\n'}
[43.410709] (-) TimerEvent: {}
[43.511173] (-) TimerEvent: {}
[43.611623] (-) TimerEvent: {}
[43.712074] (-) TimerEvent: {}
[43.812658] (-) TimerEvent: {}
[43.914063] (-) TimerEvent: {}
[44.014965] (-) TimerEvent: {}
[44.115733] (-) TimerEvent: {}
[44.216346] (-) TimerEvent: {}
[44.318810] (-) TimerEvent: {}
[44.327989] (fsd_common_msgs) StdoutLine: {'line': b'[ 30%] \x1b[32mBuilding CXX object CMakeFiles/fsd_common_msgs__rosidl_typesupport_fastrtps_c.dir/rosidl_typesupport_fastrtps_c/fsd_common_msgs/msg/detail/decision_flag__type_support_c.cpp.o\x1b[0m\n'}
[44.418892] (-) TimerEvent: {}
[44.520847] (-) TimerEvent: {}
[44.621304] (-) TimerEvent: {}
[44.721716] (-) TimerEvent: {}
[44.823871] (-) TimerEvent: {}
[44.924388] (-) TimerEvent: {}
[45.024830] (-) TimerEvent: {}
[45.125256] (-) TimerEvent: {}
[45.225697] (-) TimerEvent: {}
[45.274861] (fsd_common_msgs) StdoutLine: {'line': b'[ 30%] \x1b[32mBuilding CXX object CMakeFiles/fsd_common_msgs__rosidl_typesupport_fastrtps_c.dir/rosidl_typesupport_fastrtps_c/fsd_common_msgs/msg/detail/driving_dynamics__type_support_c.cpp.o\x1b[0m\n'}
[45.325851] (-) TimerEvent: {}
[45.426277] (-) TimerEvent: {}
[45.526787] (-) TimerEvent: {}
[45.627207] (-) TimerEvent: {}
[45.727647] (-) TimerEvent: {}
[45.828357] (-) TimerEvent: {}
[45.928816] (-) TimerEvent: {}
[46.029275] (-) TimerEvent: {}
[46.129916] (-) TimerEvent: {}
[46.189803] (fsd_common_msgs) StdoutLine: {'line': b'[ 31%] \x1b[32mBuilding CXX object CMakeFiles/fsd_common_msgs__rosidl_typesupport_fastrtps_c.dir/rosidl_typesupport_fastrtps_c/fsd_common_msgs/msg/detail/echiev_message__type_support_c.cpp.o\x1b[0m\n'}
[46.230064] (-) TimerEvent: {}
[46.330802] (-) TimerEvent: {}
[46.431363] (-) TimerEvent: {}
[46.531900] (-) TimerEvent: {}
[46.632393] (-) TimerEvent: {}
[46.732857] (-) TimerEvent: {}
[46.833364] (-) TimerEvent: {}
[46.933837] (-) TimerEvent: {}
[47.034651] (-) TimerEvent: {}
[47.135147] (-) TimerEvent: {}
[47.142952] (fsd_common_msgs) StdoutLine: {'line': b'[ 31%] \x1b[32mBuilding CXX object CMakeFiles/fsd_common_msgs__rosidl_typesupport_fastrtps_c.dir/rosidl_typesupport_fastrtps_c/fsd_common_msgs/msg/detail/feedback__type_support_c.cpp.o\x1b[0m\n'}
[47.235309] (-) TimerEvent: {}
[47.338064] (-) TimerEvent: {}
[47.438599] (-) TimerEvent: {}
[47.539088] (-) TimerEvent: {}
[47.639525] (-) TimerEvent: {}
[47.739966] (-) TimerEvent: {}
[47.841033] (-) TimerEvent: {}
[47.941803] (-) TimerEvent: {}
[48.043108] (-) TimerEvent: {}
[48.144686] (-) TimerEvent: {}
[48.168634] (fsd_common_msgs) StdoutLine: {'line': b'[ 32%] \x1b[32mBuilding CXX object CMakeFiles/fsd_common_msgs__rosidl_typesupport_fastrtps_c.dir/rosidl_typesupport_fastrtps_c/fsd_common_msgs/msg/detail/ins_delta__type_support_c.cpp.o\x1b[0m\n'}
[48.244882] (-) TimerEvent: {}
[48.346809] (-) TimerEvent: {}
[48.447273] (-) TimerEvent: {}
[48.550073] (-) TimerEvent: {}
[48.650658] (-) TimerEvent: {}
[48.751205] (-) TimerEvent: {}
[48.851638] (-) TimerEvent: {}
[48.952275] (-) TimerEvent: {}
[49.056270] (-) TimerEvent: {}
[49.157842] (-) TimerEvent: {}
[49.258320] (-) TimerEvent: {}
[49.292838] (fsd_common_msgs) StdoutLine: {'line': b'[ 32%] \x1b[32mBuilding CXX object CMakeFiles/fsd_common_msgs__rosidl_typesupport_fastrtps_c.dir/rosidl_typesupport_fastrtps_c/fsd_common_msgs/msg/detail/map__type_support_c.cpp.o\x1b[0m\n'}
[49.358685] (-) TimerEvent: {}
[49.463678] (-) TimerEvent: {}
[49.564131] (-) TimerEvent: {}
[49.666720] (-) TimerEvent: {}
[49.768547] (-) TimerEvent: {}
[49.872031] (-) TimerEvent: {}
[49.972716] (-) TimerEvent: {}
[50.074949] (-) TimerEvent: {}
[50.175391] (-) TimerEvent: {}
[50.275859] (-) TimerEvent: {}
[50.376634] (-) TimerEvent: {}
[50.477106] (-) TimerEvent: {}
[50.485168] (fsd_common_msgs) StdoutLine: {'line': b'[ 32%] \x1b[32mBuilding CXX object CMakeFiles/fsd_common_msgs__rosidl_typesupport_fastrtps_c.dir/rosidl_typesupport_fastrtps_c/fsd_common_msgs/msg/detail/mission__type_support_c.cpp.o\x1b[0m\n'}
[50.578834] (-) TimerEvent: {}
[50.679416] (-) TimerEvent: {}
[50.779849] (-) TimerEvent: {}
[50.880273] (-) TimerEvent: {}
[50.980843] (-) TimerEvent: {}
[51.082134] (-) TimerEvent: {}
[51.182805] (-) TimerEvent: {}
[51.283658] (-) TimerEvent: {}
[51.384110] (-) TimerEvent: {}
[51.484700] (-) TimerEvent: {}
[51.516834] (fsd_common_msgs) StdoutLine: {'line': b'[ 33%] \x1b[32mBuilding CXX object CMakeFiles/fsd_common_msgs__rosidl_typesupport_fastrtps_c.dir/rosidl_typesupport_fastrtps_c/fsd_common_msgs/msg/detail/remote_control_command__type_support_c.cpp.o\x1b[0m\n'}
[51.584888] (-) TimerEvent: {}
[51.685504] (-) TimerEvent: {}
[51.786368] (-) TimerEvent: {}
[51.887840] (-) TimerEvent: {}
[51.989650] (-) TimerEvent: {}
[52.090306] (-) TimerEvent: {}
[52.191292] (-) TimerEvent: {}
[52.293156] (-) TimerEvent: {}
[52.394961] (-) TimerEvent: {}
[52.495911] (-) TimerEvent: {}
[52.543888] (fsd_common_msgs) StdoutLine: {'line': b'[ 33%] \x1b[32mBuilding CXX object CMakeFiles/fsd_common_msgs__rosidl_typesupport_fastrtps_c.dir/rosidl_typesupport_fastrtps_c/fsd_common_msgs/msg/detail/res_and_ami__type_support_c.cpp.o\x1b[0m\n'}
[52.596833] (-) TimerEvent: {}
[52.697606] (-) TimerEvent: {}
[52.800062] (-) TimerEvent: {}
[52.900937] (-) TimerEvent: {}
[53.003843] (-) TimerEvent: {}
[53.105448] (-) TimerEvent: {}
[53.206916] (-) TimerEvent: {}
[53.309210] (-) TimerEvent: {}
[53.411885] (-) TimerEvent: {}
[53.513854] (-) TimerEvent: {}
[53.615672] (-) TimerEvent: {}
[53.685973] (fsd_common_msgs) StdoutLine: {'line': b'[ 34%] \x1b[32mBuilding CXX object CMakeFiles/fsd_common_msgs__rosidl_typesupport_fastrtps_c.dir/rosidl_typesupport_fastrtps_c/fsd_common_msgs/msg/detail/skidpad_global_center_line__type_support_c.cpp.o\x1b[0m\n'}
[53.717389] (-) TimerEvent: {}
[53.818170] (-) TimerEvent: {}
[53.920196] (-) TimerEvent: {}
[54.021048] (-) TimerEvent: {}
[54.123161] (-) TimerEvent: {}
[54.223851] (-) TimerEvent: {}
[54.324787] (-) TimerEvent: {}
[54.426900] (-) TimerEvent: {}
[54.527391] (-) TimerEvent: {}
[54.627943] (-) TimerEvent: {}
[54.729849] (-) TimerEvent: {}
[54.741386] (fsd_common_msgs) StdoutLine: {'line': b'[ 34%] \x1b[32mBuilding CXX object CMakeFiles/fsd_common_msgs__rosidl_typesupport_fastrtps_c.dir/rosidl_typesupport_fastrtps_c/fsd_common_msgs/msg/detail/time__type_support_c.cpp.o\x1b[0m\n'}
[54.829985] (-) TimerEvent: {}
[54.931177] (-) TimerEvent: {}
[55.032464] (-) TimerEvent: {}
[55.134110] (-) TimerEvent: {}
[55.234849] (-) TimerEvent: {}
[55.336277] (-) TimerEvent: {}
[55.438979] (-) TimerEvent: {}
[55.539847] (-) TimerEvent: {}
[55.641689] (-) TimerEvent: {}
[55.743098] (-) TimerEvent: {}
[55.809796] (fsd_common_msgs) StdoutLine: {'line': b'[ 34%] \x1b[32mBuilding CXX object CMakeFiles/fsd_common_msgs__rosidl_typesupport_fastrtps_c.dir/rosidl_typesupport_fastrtps_c/fsd_common_msgs/msg/detail/track__type_support_c.cpp.o\x1b[0m\n'}
[55.843885] (-) TimerEvent: {}
[55.947083] (-) TimerEvent: {}
[56.048028] (-) TimerEvent: {}
[56.149849] (-) TimerEvent: {}
[56.250312] (-) TimerEvent: {}
[56.351892] (-) TimerEvent: {}
[56.454070] (-) TimerEvent: {}
[56.554645] (-) TimerEvent: {}
[56.655274] (-) TimerEvent: {}
[56.756037] (-) TimerEvent: {}
[56.842242] (fsd_common_msgs) StdoutLine: {'line': b'[ 35%] \x1b[32mBuilding CXX object CMakeFiles/fsd_common_msgs__rosidl_typesupport_fastrtps_c.dir/rosidl_typesupport_fastrtps_c/fsd_common_msgs/msg/detail/trajectory_point__type_support_c.cpp.o\x1b[0m\n'}
[56.856875] (-) TimerEvent: {}
[56.958857] (-) TimerEvent: {}
[57.059860] (-) TimerEvent: {}
[57.161915] (-) TimerEvent: {}
[57.263126] (-) TimerEvent: {}
[57.364630] (-) TimerEvent: {}
[57.465927] (-) TimerEvent: {}
[57.568411] (-) TimerEvent: {}
[57.669401] (-) TimerEvent: {}
[57.770048] (-) TimerEvent: {}
[57.870590] (-) TimerEvent: {}
[57.880977] (fsd_common_msgs) StdoutLine: {'line': b'[ 35%] \x1b[32mBuilding CXX object CMakeFiles/fsd_common_msgs__rosidl_typesupport_fastrtps_c.dir/rosidl_typesupport_fastrtps_c/fsd_common_msgs/msg/detail/visualization__type_support_c.cpp.o\x1b[0m\n'}
[57.972647] (-) TimerEvent: {}
[58.077666] (-) TimerEvent: {}
[58.178310] (-) TimerEvent: {}
[58.281852] (-) TimerEvent: {}
[58.382338] (-) TimerEvent: {}
[58.483877] (-) TimerEvent: {}
[58.586204] (-) TimerEvent: {}
[58.688136] (-) TimerEvent: {}
[58.788724] (-) TimerEvent: {}
[58.891139] (-) TimerEvent: {}
[58.991667] (-) TimerEvent: {}
[59.091370] (fsd_common_msgs) StdoutLine: {'line': b'[ 36%] \x1b[32mBuilding CXX object CMakeFiles/fsd_common_msgs__rosidl_typesupport_fastrtps_c.dir/rosidl_typesupport_fastrtps_c/fsd_common_msgs/msg/detail/yolo_cone__type_support_c.cpp.o\x1b[0m\n'}
[59.091701] (-) TimerEvent: {}
[59.192356] (-) TimerEvent: {}
[59.294142] (-) TimerEvent: {}
[59.394730] (-) TimerEvent: {}
[59.495511] (-) TimerEvent: {}
[59.596059] (-) TimerEvent: {}
[59.696497] (-) TimerEvent: {}
[59.797326] (-) TimerEvent: {}
[59.898923] (-) TimerEvent: {}
[60.000443] (-) TimerEvent: {}
[60.034284] (fsd_common_msgs) StdoutLine: {'line': b'[ 36%] \x1b[32mBuilding CXX object CMakeFiles/fsd_common_msgs__rosidl_typesupport_fastrtps_c.dir/rosidl_typesupport_fastrtps_c/fsd_common_msgs/msg/detail/yolo_cone_detections__type_support_c.cpp.o\x1b[0m\n'}
[60.100594] (-) TimerEvent: {}
[60.201157] (-) TimerEvent: {}
[60.301778] (-) TimerEvent: {}
[60.403327] (-) TimerEvent: {}
[60.505522] (-) TimerEvent: {}
[60.607938] (-) TimerEvent: {}
[60.710506] (-) TimerEvent: {}
[60.810981] (-) TimerEvent: {}
[60.911692] (-) TimerEvent: {}
[61.012192] (-) TimerEvent: {}
[61.017059] (fsd_common_msgs) StdoutLine: {'line': b'[ 36%] \x1b[32mBuilding CXX object CMakeFiles/fsd_common_msgs__rosidl_typesupport_fastrtps_c.dir/rosidl_typesupport_fastrtps_c/fsd_common_msgs/msg/detail/yolo_cone_detections_track__type_support_c.cpp.o\x1b[0m\n'}
[61.112929] (-) TimerEvent: {}
[61.213790] (-) TimerEvent: {}
[61.314275] (-) TimerEvent: {}
[61.421894] (-) TimerEvent: {}
[61.522438] (-) TimerEvent: {}
[61.622859] (-) TimerEvent: {}
[61.724977] (-) TimerEvent: {}
[61.825470] (-) TimerEvent: {}
[61.926025] (-) TimerEvent: {}
[62.026456] (-) TimerEvent: {}
[62.126849] (-) TimerEvent: {}
[62.179981] (fsd_common_msgs) StdoutLine: {'line': b'[ 37%] \x1b[32mBuilding CXX object CMakeFiles/fsd_common_msgs__rosidl_typesupport_fastrtps_c.dir/rosidl_typesupport_fastrtps_c/fsd_common_msgs/msg/detail/yolo_cone_track__type_support_c.cpp.o\x1b[0m\n'}
[62.227010] (-) TimerEvent: {}
[62.327480] (-) TimerEvent: {}
[62.429057] (-) TimerEvent: {}
[62.529545] (-) TimerEvent: {}
[62.629993] (-) TimerEvent: {}
[62.730500] (-) TimerEvent: {}
[62.830943] (-) TimerEvent: {}
[62.931697] (-) TimerEvent: {}
[63.032170] (-) TimerEvent: {}
[63.106937] (fsd_common_msgs) StdoutLine: {'line': b'[ 37%] \x1b[32m\x1b[1mLinking CXX shared library libfsd_common_msgs__rosidl_typesupport_fastrtps_c.so\x1b[0m\n'}
[63.132299] (-) TimerEvent: {}
[63.232736] (-) TimerEvent: {}
[63.333207] (-) TimerEvent: {}
[63.339240] (fsd_common_msgs) StdoutLine: {'line': b'[ 37%] Built target fsd_common_msgs__rosidl_typesupport_fastrtps_c\n'}
[63.366642] (fsd_common_msgs) StdoutLine: {'line': b'[ 38%] \x1b[34m\x1b[1mGenerating C type support dispatch for ROS interfaces\x1b[0m\n'}
[63.433353] (-) TimerEvent: {}
[63.533791] (-) TimerEvent: {}
[63.634206] (-) TimerEvent: {}
[63.734769] (-) TimerEvent: {}
[63.835365] (-) TimerEvent: {}
[63.935825] (-) TimerEvent: {}
[64.037318] (-) TimerEvent: {}
[64.137773] (-) TimerEvent: {}
[64.238343] (-) TimerEvent: {}
[64.338961] (-) TimerEvent: {}
[64.439373] (-) TimerEvent: {}
[64.539969] (-) TimerEvent: {}
[64.640449] (-) TimerEvent: {}
[64.741876] (-) TimerEvent: {}
[64.842293] (-) TimerEvent: {}
[64.942702] (-) TimerEvent: {}
[65.043133] (-) TimerEvent: {}
[65.143555] (-) TimerEvent: {}
[65.243967] (-) TimerEvent: {}
[65.344382] (-) TimerEvent: {}
[65.444993] (-) TimerEvent: {}
[65.545645] (-) TimerEvent: {}
[65.646127] (-) TimerEvent: {}
[65.746551] (-) TimerEvent: {}
[65.846964] (-) TimerEvent: {}
[65.947529] (-) TimerEvent: {}
[66.047965] (-) TimerEvent: {}
[66.148555] (-) TimerEvent: {}
[66.249240] (-) TimerEvent: {}
[66.350005] (-) TimerEvent: {}
[66.450680] (-) TimerEvent: {}
[66.551272] (-) TimerEvent: {}
[66.651719] (-) TimerEvent: {}
[66.752985] (-) TimerEvent: {}
[66.853652] (-) TimerEvent: {}
[66.955035] (-) TimerEvent: {}
[67.055957] (-) TimerEvent: {}
[67.158858] (-) TimerEvent: {}
[67.259995] (-) TimerEvent: {}
[67.362873] (-) TimerEvent: {}
[67.464848] (-) TimerEvent: {}
[67.565321] (-) TimerEvent: {}
[67.665879] (-) TimerEvent: {}
[67.766949] (-) TimerEvent: {}
[67.868849] (-) TimerEvent: {}
[67.969321] (-) TimerEvent: {}
[68.069773] (-) TimerEvent: {}
[68.170228] (-) TimerEvent: {}
[68.270902] (-) TimerEvent: {}
[68.371847] (-) TimerEvent: {}
[68.472853] (-) TimerEvent: {}
[68.506258] (fsd_common_msgs) StdoutLine: {'line': b'[ 38%] \x1b[32mBuilding CXX object CMakeFiles/fsd_common_msgs__rosidl_typesupport_c.dir/rosidl_typesupport_c/fsd_common_msgs/msg/as_state__type_support.cpp.o\x1b[0m\n'}
[68.572981] (-) TimerEvent: {}
[68.590305] (fsd_common_msgs) StdoutLine: {'line': b'[ 38%] \x1b[32mBuilding CXX object CMakeFiles/fsd_common_msgs__rosidl_typesupport_c.dir/rosidl_typesupport_c/fsd_common_msgs/msg/asensing_message__type_support.cpp.o\x1b[0m\n'}
[68.675975] (fsd_common_msgs) StdoutLine: {'line': b'[ 39%] \x1b[32mBuilding CXX object CMakeFiles/fsd_common_msgs__rosidl_typesupport_c.dir/rosidl_typesupport_c/fsd_common_msgs/msg/can_frames__type_support.cpp.o\x1b[0m\n'}
[68.676330] (-) TimerEvent: {}
[68.777866] (-) TimerEvent: {}
[68.812646] (fsd_common_msgs) StdoutLine: {'line': b'[ 39%] \x1b[32mBuilding CXX object CMakeFiles/fsd_common_msgs__rosidl_typesupport_c.dir/rosidl_typesupport_c/fsd_common_msgs/msg/car_state__type_support.cpp.o\x1b[0m\n'}
[68.879711] (-) TimerEvent: {}
[68.969254] (fsd_common_msgs) StdoutLine: {'line': b'[ 40%] \x1b[32mBuilding CXX object CMakeFiles/fsd_common_msgs__rosidl_typesupport_c.dir/rosidl_typesupport_c/fsd_common_msgs/msg/car_state_dt__type_support.cpp.o\x1b[0m\n'}
[68.979887] (-) TimerEvent: {}
[69.082107] (-) TimerEvent: {}
[69.087489] (fsd_common_msgs) StdoutLine: {'line': b'[ 40%] \x1b[32mBuilding CXX object CMakeFiles/fsd_common_msgs__rosidl_typesupport_c.dir/rosidl_typesupport_c/fsd_common_msgs/msg/cone__type_support.cpp.o\x1b[0m\n'}
[69.182734] (-) TimerEvent: {}
[69.203698] (fsd_common_msgs) StdoutLine: {'line': b'[ 40%] \x1b[32mBuilding CXX object CMakeFiles/fsd_common_msgs__rosidl_typesupport_c.dir/rosidl_typesupport_c/fsd_common_msgs/msg/cone_dbscan__type_support.cpp.o\x1b[0m\n'}
[69.282931] (-) TimerEvent: {}
[69.292857] (fsd_common_msgs) StdoutLine: {'line': b'[ 41%] \x1b[32mBuilding CXX object CMakeFiles/fsd_common_msgs__rosidl_typesupport_c.dir/rosidl_typesupport_c/fsd_common_msgs/msg/cone_detections__type_support.cpp.o\x1b[0m\n'}
[69.381943] (fsd_common_msgs) StdoutLine: {'line': b'[ 41%] \x1b[32mBuilding CXX object CMakeFiles/fsd_common_msgs__rosidl_typesupport_c.dir/rosidl_typesupport_c/fsd_common_msgs/msg/cone_detections_dbscan__type_support.cpp.o\x1b[0m\n'}
[69.383596] (-) TimerEvent: {}
[69.471163] (fsd_common_msgs) StdoutLine: {'line': b'[ 42%] \x1b[32mBuilding CXX object CMakeFiles/fsd_common_msgs__rosidl_typesupport_c.dir/rosidl_typesupport_c/fsd_common_msgs/msg/control_command__type_support.cpp.o\x1b[0m\n'}
[69.483851] (-) TimerEvent: {}
[69.556955] (fsd_common_msgs) StdoutLine: {'line': b'[ 42%] \x1b[32mBuilding CXX object CMakeFiles/fsd_common_msgs__rosidl_typesupport_c.dir/rosidl_typesupport_c/fsd_common_msgs/msg/decision_flag__type_support.cpp.o\x1b[0m\n'}
[69.585484] (-) TimerEvent: {}
[69.650785] (fsd_common_msgs) StdoutLine: {'line': b'[ 42%] \x1b[32mBuilding CXX object CMakeFiles/fsd_common_msgs__rosidl_typesupport_c.dir/rosidl_typesupport_c/fsd_common_msgs/msg/driving_dynamics__type_support.cpp.o\x1b[0m\n'}
[69.686774] (-) TimerEvent: {}
[69.743913] (fsd_common_msgs) StdoutLine: {'line': b'[ 43%] \x1b[32mBuilding CXX object CMakeFiles/fsd_common_msgs__rosidl_typesupport_c.dir/rosidl_typesupport_c/fsd_common_msgs/msg/echiev_message__type_support.cpp.o\x1b[0m\n'}
[69.787981] (-) TimerEvent: {}
[69.833429] (fsd_common_msgs) StdoutLine: {'line': b'[ 43%] \x1b[32mBuilding CXX object CMakeFiles/fsd_common_msgs__rosidl_typesupport_c.dir/rosidl_typesupport_c/fsd_common_msgs/msg/feedback__type_support.cpp.o\x1b[0m\n'}
[69.889857] (-) TimerEvent: {}
[69.920863] (fsd_common_msgs) StdoutLine: {'line': b'[ 44%] \x1b[32mBuilding CXX object CMakeFiles/fsd_common_msgs__rosidl_typesupport_c.dir/rosidl_typesupport_c/fsd_common_msgs/msg/ins_delta__type_support.cpp.o\x1b[0m\n'}
[69.989991] (-) TimerEvent: {}
[70.005975] (fsd_common_msgs) StdoutLine: {'line': b'[ 44%] \x1b[32mBuilding CXX object CMakeFiles/fsd_common_msgs__rosidl_typesupport_c.dir/rosidl_typesupport_c/fsd_common_msgs/msg/map__type_support.cpp.o\x1b[0m\n'}
[70.090537] (-) TimerEvent: {}
[70.091877] (fsd_common_msgs) StdoutLine: {'line': b'[ 44%] \x1b[32mBuilding CXX object CMakeFiles/fsd_common_msgs__rosidl_typesupport_c.dir/rosidl_typesupport_c/fsd_common_msgs/msg/mission__type_support.cpp.o\x1b[0m\n'}
[70.183953] (fsd_common_msgs) StdoutLine: {'line': b'[ 45%] \x1b[32mBuilding CXX object CMakeFiles/fsd_common_msgs__rosidl_typesupport_c.dir/rosidl_typesupport_c/fsd_common_msgs/msg/remote_control_command__type_support.cpp.o\x1b[0m\n'}
[70.190678] (-) TimerEvent: {}
[70.293274] (-) TimerEvent: {}
[70.313817] (fsd_common_msgs) StdoutLine: {'line': b'[ 45%] \x1b[32mBuilding CXX object CMakeFiles/fsd_common_msgs__rosidl_typesupport_c.dir/rosidl_typesupport_c/fsd_common_msgs/msg/res_and_ami__type_support.cpp.o\x1b[0m\n'}
[70.393658] (-) TimerEvent: {}
[70.431136] (fsd_common_msgs) StdoutLine: {'line': b'[ 46%] \x1b[32mBuilding CXX object CMakeFiles/fsd_common_msgs__rosidl_typesupport_c.dir/rosidl_typesupport_c/fsd_common_msgs/msg/skidpad_global_center_line__type_support.cpp.o\x1b[0m\n'}
[70.494848] (-) TimerEvent: {}
[70.533145] (fsd_common_msgs) StdoutLine: {'line': b'[ 46%] \x1b[32mBuilding CXX object CMakeFiles/fsd_common_msgs__rosidl_typesupport_c.dir/rosidl_typesupport_c/fsd_common_msgs/msg/time__type_support.cpp.o\x1b[0m\n'}
[70.595003] (-) TimerEvent: {}
[70.620330] (fsd_common_msgs) StdoutLine: {'line': b'[ 46%] \x1b[32mBuilding CXX object CMakeFiles/fsd_common_msgs__rosidl_typesupport_c.dir/rosidl_typesupport_c/fsd_common_msgs/msg/track__type_support.cpp.o\x1b[0m\n'}
[70.696402] (-) TimerEvent: {}
[70.713028] (fsd_common_msgs) StdoutLine: {'line': b'[ 47%] \x1b[32mBuilding CXX object CMakeFiles/fsd_common_msgs__rosidl_typesupport_c.dir/rosidl_typesupport_c/fsd_common_msgs/msg/trajectory_point__type_support.cpp.o\x1b[0m\n'}
[70.796616] (-) TimerEvent: {}
[70.798657] (fsd_common_msgs) StdoutLine: {'line': b'[ 47%] \x1b[32mBuilding CXX object CMakeFiles/fsd_common_msgs__rosidl_typesupport_c.dir/rosidl_typesupport_c/fsd_common_msgs/msg/visualization__type_support.cpp.o\x1b[0m\n'}
[70.880386] (fsd_common_msgs) StdoutLine: {'line': b'[ 48%] \x1b[32mBuilding CXX object CMakeFiles/fsd_common_msgs__rosidl_typesupport_c.dir/rosidl_typesupport_c/fsd_common_msgs/msg/yolo_cone__type_support.cpp.o\x1b[0m\n'}
[70.896785] (-) TimerEvent: {}
[70.957325] (fsd_common_msgs) StdoutLine: {'line': b'[ 48%] \x1b[32mBuilding CXX object CMakeFiles/fsd_common_msgs__rosidl_typesupport_c.dir/rosidl_typesupport_c/fsd_common_msgs/msg/yolo_cone_detections__type_support.cpp.o\x1b[0m\n'}
[70.996920] (-) TimerEvent: {}
[71.042463] (fsd_common_msgs) StdoutLine: {'line': b'[ 48%] \x1b[32mBuilding CXX object CMakeFiles/fsd_common_msgs__rosidl_typesupport_c.dir/rosidl_typesupport_c/fsd_common_msgs/msg/yolo_cone_detections_track__type_support.cpp.o\x1b[0m\n'}
[71.097055] (-) TimerEvent: {}
[71.124912] (fsd_common_msgs) StdoutLine: {'line': b'[ 49%] \x1b[32mBuilding CXX object CMakeFiles/fsd_common_msgs__rosidl_typesupport_c.dir/rosidl_typesupport_c/fsd_common_msgs/msg/yolo_cone_track__type_support.cpp.o\x1b[0m\n'}
[71.197190] (-) TimerEvent: {}
[71.200072] (fsd_common_msgs) StdoutLine: {'line': b'[ 49%] \x1b[32m\x1b[1mLinking CXX shared library libfsd_common_msgs__rosidl_typesupport_c.so\x1b[0m\n'}
[71.297834] (-) TimerEvent: {}
[71.331039] (fsd_common_msgs) StdoutLine: {'line': b'[ 49%] Built target fsd_common_msgs__rosidl_typesupport_c\n'}
[71.360833] (fsd_common_msgs) StdoutLine: {'line': b'[ 49%] \x1b[34m\x1b[1mGenerating C++ type support for eProsima Fast-RTPS\x1b[0m\n'}
[71.397958] (-) TimerEvent: {}
[71.498375] (-) TimerEvent: {}
[71.598974] (-) TimerEvent: {}
[71.699389] (-) TimerEvent: {}
[71.799831] (-) TimerEvent: {}
[71.900862] (-) TimerEvent: {}
[72.002366] (-) TimerEvent: {}
[72.103820] (-) TimerEvent: {}
[72.204564] (-) TimerEvent: {}
[72.305007] (-) TimerEvent: {}
[72.406315] (-) TimerEvent: {}
[72.506853] (-) TimerEvent: {}
[72.607319] (-) TimerEvent: {}
[72.708831] (-) TimerEvent: {}
[72.809411] (-) TimerEvent: {}
[72.909846] (-) TimerEvent: {}
[73.010432] (-) TimerEvent: {}
[73.112141] (-) TimerEvent: {}
[73.213833] (-) TimerEvent: {}
[73.314264] (-) TimerEvent: {}
[73.415856] (-) TimerEvent: {}
[73.516300] (-) TimerEvent: {}
[73.617825] (-) TimerEvent: {}
[73.718262] (-) TimerEvent: {}
[73.819092] (-) TimerEvent: {}
[73.921231] (-) TimerEvent: {}
[74.028834] (-) TimerEvent: {}
[74.129435] (-) TimerEvent: {}
[74.230009] (-) TimerEvent: {}
[74.331070] (-) TimerEvent: {}
[74.432287] (-) TimerEvent: {}
[74.534143] (-) TimerEvent: {}
[74.634580] (-) TimerEvent: {}
[74.735046] (-) TimerEvent: {}
[74.838360] (-) TimerEvent: {}
[74.938822] (-) TimerEvent: {}
[75.039304] (-) TimerEvent: {}
[75.141384] (-) TimerEvent: {}
[75.241845] (-) TimerEvent: {}
[75.342292] (-) TimerEvent: {}
[75.443000] (-) TimerEvent: {}
[75.543488] (-) TimerEvent: {}
[75.645376] (-) TimerEvent: {}
[75.746861] (-) TimerEvent: {}
[75.848673] (-) TimerEvent: {}
[75.949285] (-) TimerEvent: {}
[76.051118] (-) TimerEvent: {}
[76.151555] (-) TimerEvent: {}
[76.251969] (-) TimerEvent: {}
[76.352502] (-) TimerEvent: {}
[76.453830] (-) TimerEvent: {}
[76.554267] (-) TimerEvent: {}
[76.654860] (-) TimerEvent: {}
[76.755827] (-) TimerEvent: {}
[76.856255] (-) TimerEvent: {}
[76.956682] (-) TimerEvent: {}
[77.057834] (-) TimerEvent: {}
[77.158701] (-) TimerEvent: {}
[77.259204] (-) TimerEvent: {}
[77.360091] (-) TimerEvent: {}
[77.460530] (-) TimerEvent: {}
[77.562877] (-) TimerEvent: {}
[77.666816] (-) TimerEvent: {}
[77.771090] (-) TimerEvent: {}
[77.871727] (-) TimerEvent: {}
[77.972538] (-) TimerEvent: {}
[78.073207] (-) TimerEvent: {}
[78.173794] (-) TimerEvent: {}
[78.274367] (-) TimerEvent: {}
[78.374863] (-) TimerEvent: {}
[78.475345] (-) TimerEvent: {}
[78.576947] (-) TimerEvent: {}
[78.679088] (-) TimerEvent: {}
[78.779579] (-) TimerEvent: {}
[78.880170] (-) TimerEvent: {}
[78.985972] (-) TimerEvent: {}
[79.035286] (fsd_common_msgs) StdoutLine: {'line': b'[ 50%] \x1b[32mBuilding CXX object CMakeFiles/fsd_common_msgs__rosidl_typesupport_fastrtps_cpp.dir/rosidl_typesupport_fastrtps_cpp/fsd_common_msgs/msg/detail/dds_fastrtps/as_state__type_support.cpp.o\x1b[0m\n'}
[79.087355] (-) TimerEvent: {}
[79.188868] (-) TimerEvent: {}
[79.289332] (-) TimerEvent: {}
[79.389840] (-) TimerEvent: {}
[79.493637] (-) TimerEvent: {}
[79.594709] (-) TimerEvent: {}
[79.696255] (-) TimerEvent: {}
[79.798088] (-) TimerEvent: {}
[79.898552] (-) TimerEvent: {}
[79.999297] (-) TimerEvent: {}
[80.099805] (-) TimerEvent: {}
[80.200234] (-) TimerEvent: {}
[80.215799] (fsd_common_msgs) StdoutLine: {'line': b'[ 50%] \x1b[32mBuilding CXX object CMakeFiles/fsd_common_msgs__rosidl_typesupport_fastrtps_cpp.dir/rosidl_typesupport_fastrtps_cpp/fsd_common_msgs/msg/detail/dds_fastrtps/asensing_message__type_support.cpp.o\x1b[0m\n'}
[80.300360] (-) TimerEvent: {}
[80.402920] (-) TimerEvent: {}
[80.503403] (-) TimerEvent: {}
[80.604881] (-) TimerEvent: {}
[80.705465] (-) TimerEvent: {}
[80.807931] (-) TimerEvent: {}
[80.908403] (-) TimerEvent: {}
[81.009367] (-) TimerEvent: {}
[81.111116] (-) TimerEvent: {}
[81.211707] (-) TimerEvent: {}
[81.312150] (-) TimerEvent: {}
[81.412777] (-) TimerEvent: {}
[81.514341] (-) TimerEvent: {}
[81.612620] (fsd_common_msgs) StdoutLine: {'line': b'[ 51%] \x1b[32mBuilding CXX object CMakeFiles/fsd_common_msgs__rosidl_typesupport_fastrtps_cpp.dir/rosidl_typesupport_fastrtps_cpp/fsd_common_msgs/msg/detail/dds_fastrtps/can_frames__type_support.cpp.o\x1b[0m\n'}
[81.614450] (-) TimerEvent: {}
[81.715760] (-) TimerEvent: {}
[81.816876] (-) TimerEvent: {}
[81.917346] (-) TimerEvent: {}
[82.017798] (-) TimerEvent: {}
[82.118363] (-) TimerEvent: {}
[82.218845] (-) TimerEvent: {}
[82.319494] (-) TimerEvent: {}
[82.420091] (-) TimerEvent: {}
[82.520836] (-) TimerEvent: {}
[82.623263] (-) TimerEvent: {}
[82.725693] (-) TimerEvent: {}
[82.828923] (-) TimerEvent: {}
[82.942072] (-) TimerEvent: {}
[83.021513] (fsd_common_msgs) StdoutLine: {'line': b'[ 51%] \x1b[32mBuilding CXX object CMakeFiles/fsd_common_msgs__rosidl_typesupport_fastrtps_cpp.dir/rosidl_typesupport_fastrtps_cpp/fsd_common_msgs/msg/detail/dds_fastrtps/car_state__type_support.cpp.o\x1b[0m\n'}
[83.042484] (-) TimerEvent: {}
[83.143018] (-) TimerEvent: {}
[83.243997] (-) TimerEvent: {}
[83.345477] (-) TimerEvent: {}
[83.445986] (-) TimerEvent: {}
[83.546460] (-) TimerEvent: {}
[83.646829] (-) TimerEvent: {}
[83.747304] (-) TimerEvent: {}
[83.847738] (-) TimerEvent: {}
[83.948361] (-) TimerEvent: {}
[84.048829] (-) TimerEvent: {}
[84.084661] (fsd_common_msgs) StdoutLine: {'line': b'[ 51%] \x1b[32mBuilding CXX object CMakeFiles/fsd_common_msgs__rosidl_typesupport_fastrtps_cpp.dir/rosidl_typesupport_fastrtps_cpp/fsd_common_msgs/msg/detail/dds_fastrtps/car_state_dt__type_support.cpp.o\x1b[0m\n'}
[84.148979] (-) TimerEvent: {}
[84.249411] (-) TimerEvent: {}
[84.350005] (-) TimerEvent: {}
[84.451432] (-) TimerEvent: {}
[84.551848] (-) TimerEvent: {}
[84.653026] (-) TimerEvent: {}
[84.754855] (-) TimerEvent: {}
[84.855368] (-) TimerEvent: {}
[84.957048] (-) TimerEvent: {}
[85.057497] (-) TimerEvent: {}
[85.124962] (fsd_common_msgs) StdoutLine: {'line': b'[ 52%] \x1b[32mBuilding CXX object CMakeFiles/fsd_common_msgs__rosidl_typesupport_fastrtps_cpp.dir/rosidl_typesupport_fastrtps_cpp/fsd_common_msgs/msg/detail/dds_fastrtps/cone__type_support.cpp.o\x1b[0m\n'}
[85.158244] (-) TimerEvent: {}
[85.259347] (-) TimerEvent: {}
[85.359793] (-) TimerEvent: {}
[85.460231] (-) TimerEvent: {}
[85.560673] (-) TimerEvent: {}
[85.661156] (-) TimerEvent: {}
[85.762836] (-) TimerEvent: {}
[85.863331] (-) TimerEvent: {}
[85.963901] (-) TimerEvent: {}
[86.064373] (-) TimerEvent: {}
[86.167873] (-) TimerEvent: {}
[86.212961] (fsd_common_msgs) StdoutLine: {'line': b'[ 52%] \x1b[32mBuilding CXX object CMakeFiles/fsd_common_msgs__rosidl_typesupport_fastrtps_cpp.dir/rosidl_typesupport_fastrtps_cpp/fsd_common_msgs/msg/detail/dds_fastrtps/cone_dbscan__type_support.cpp.o\x1b[0m\n'}
[86.267996] (-) TimerEvent: {}
[86.368476] (-) TimerEvent: {}
[86.470053] (-) TimerEvent: {}
[86.572068] (-) TimerEvent: {}
[86.672539] (-) TimerEvent: {}
[86.773240] (-) TimerEvent: {}
[86.875189] (-) TimerEvent: {}
[86.975722] (-) TimerEvent: {}
[87.076235] (-) TimerEvent: {}
[87.178123] (-) TimerEvent: {}
[87.278641] (-) TimerEvent: {}
[87.379853] (-) TimerEvent: {}
[87.480318] (-) TimerEvent: {}
[87.524615] (fsd_common_msgs) StdoutLine: {'line': b'[ 53%] \x1b[32mBuilding CXX object CMakeFiles/fsd_common_msgs__rosidl_typesupport_fastrtps_cpp.dir/rosidl_typesupport_fastrtps_cpp/fsd_common_msgs/msg/detail/dds_fastrtps/cone_detections__type_support.cpp.o\x1b[0m\n'}
[87.580925] (-) TimerEvent: {}
[87.682939] (-) TimerEvent: {}
[87.784845] (-) TimerEvent: {}
[87.885290] (-) TimerEvent: {}
[87.985695] (-) TimerEvent: {}
[88.086195] (-) TimerEvent: {}
[88.186790] (-) TimerEvent: {}
[88.287704] (-) TimerEvent: {}
[88.388182] (-) TimerEvent: {}
[88.488617] (-) TimerEvent: {}
[88.589240] (-) TimerEvent: {}
[88.690026] (-) TimerEvent: {}
[88.757929] (fsd_common_msgs) StdoutLine: {'line': b'[ 53%] \x1b[32mBuilding CXX object CMakeFiles/fsd_common_msgs__rosidl_typesupport_fastrtps_cpp.dir/rosidl_typesupport_fastrtps_cpp/fsd_common_msgs/msg/detail/dds_fastrtps/cone_detections_dbscan__type_support.cpp.o\x1b[0m\n'}
[88.790155] (-) TimerEvent: {}
[88.893096] (-) TimerEvent: {}
[88.993877] (-) TimerEvent: {}
[89.096114] (-) TimerEvent: {}
[89.196659] (-) TimerEvent: {}
[89.297139] (-) TimerEvent: {}
[89.397986] (-) TimerEvent: {}
[89.499007] (-) TimerEvent: {}
[89.600163] (-) TimerEvent: {}
[89.702063] (-) TimerEvent: {}
[89.803868] (-) TimerEvent: {}
[89.905972] (-) TimerEvent: {}
[90.007996] (-) TimerEvent: {}
[90.109441] (-) TimerEvent: {}
[90.163268] (fsd_common_msgs) StdoutLine: {'line': b'[ 53%] \x1b[32mBuilding CXX object CMakeFiles/fsd_common_msgs__rosidl_typesupport_fastrtps_cpp.dir/rosidl_typesupport_fastrtps_cpp/fsd_common_msgs/msg/detail/dds_fastrtps/control_command__type_support.cpp.o\x1b[0m\n'}
[90.209576] (-) TimerEvent: {}
[90.310532] (-) TimerEvent: {}
[90.413013] (-) TimerEvent: {}
[90.513468] (-) TimerEvent: {}
[90.614881] (-) TimerEvent: {}
[90.716472] (-) TimerEvent: {}
[90.817849] (-) TimerEvent: {}
[90.918585] (-) TimerEvent: {}
[91.019084] (-) TimerEvent: {}
[91.120843] (-) TimerEvent: {}
[91.221262] (-) TimerEvent: {}
[91.321709] (-) TimerEvent: {}
[91.343086] (fsd_common_msgs) StdoutLine: {'line': b'[ 54%] \x1b[32mBuilding CXX object CMakeFiles/fsd_common_msgs__rosidl_typesupport_fastrtps_cpp.dir/rosidl_typesupport_fastrtps_cpp/fsd_common_msgs/msg/detail/dds_fastrtps/decision_flag__type_support.cpp.o\x1b[0m\n'}
[91.423850] (-) TimerEvent: {}
[91.524516] (-) TimerEvent: {}
[91.624985] (-) TimerEvent: {}
[91.725487] (-) TimerEvent: {}
[91.825994] (-) TimerEvent: {}
[91.926678] (-) TimerEvent: {}
[92.030942] (-) TimerEvent: {}
[92.131691] (-) TimerEvent: {}
[92.232868] (-) TimerEvent: {}
[92.333324] (-) TimerEvent: {}
[92.434904] (-) TimerEvent: {}
[92.535343] (-) TimerEvent: {}
[92.594868] (fsd_common_msgs) StdoutLine: {'line': b'[ 54%] \x1b[32mBuilding CXX object CMakeFiles/fsd_common_msgs__rosidl_typesupport_fastrtps_cpp.dir/rosidl_typesupport_fastrtps_cpp/fsd_common_msgs/msg/detail/dds_fastrtps/driving_dynamics__type_support.cpp.o\x1b[0m\n'}
[92.635546] (-) TimerEvent: {}
[92.737067] (-) TimerEvent: {}
[92.837480] (-) TimerEvent: {}
[92.938891] (-) TimerEvent: {}
[93.039437] (-) TimerEvent: {}
[93.141928] (-) TimerEvent: {}
[93.244208] (-) TimerEvent: {}
[93.344644] (-) TimerEvent: {}
[93.445508] (-) TimerEvent: {}
[93.546011] (-) TimerEvent: {}
[93.646429] (-) TimerEvent: {}
[93.747526] (-) TimerEvent: {}
[93.784970] (fsd_common_msgs) StdoutLine: {'line': b'[ 55%] \x1b[32mBuilding CXX object CMakeFiles/fsd_common_msgs__rosidl_typesupport_fastrtps_cpp.dir/rosidl_typesupport_fastrtps_cpp/fsd_common_msgs/msg/detail/dds_fastrtps/echiev_message__type_support.cpp.o\x1b[0m\n'}
[93.847674] (-) TimerEvent: {}
[93.949087] (-) TimerEvent: {}
[94.050303] (-) TimerEvent: {}
[94.152843] (-) TimerEvent: {}
[94.254864] (-) TimerEvent: {}
[94.355456] (-) TimerEvent: {}
[94.458324] (-) TimerEvent: {}
[94.558833] (-) TimerEvent: {}
[94.659309] (-) TimerEvent: {}
[94.761879] (-) TimerEvent: {}
[94.862432] (-) TimerEvent: {}
[94.963834] (-) TimerEvent: {}
[94.993207] (fsd_common_msgs) StdoutLine: {'line': b'[ 55%] \x1b[32mBuilding CXX object CMakeFiles/fsd_common_msgs__rosidl_typesupport_fastrtps_cpp.dir/rosidl_typesupport_fastrtps_cpp/fsd_common_msgs/msg/detail/dds_fastrtps/feedback__type_support.cpp.o\x1b[0m\n'}
[95.063966] (-) TimerEvent: {}
[95.164880] (-) TimerEvent: {}
[95.265330] (-) TimerEvent: {}
[95.365786] (-) TimerEvent: {}
[95.466398] (-) TimerEvent: {}
[95.569060] (-) TimerEvent: {}
[95.669514] (-) TimerEvent: {}
[95.772860] (-) TimerEvent: {}
[95.873371] (-) TimerEvent: {}
[95.974047] (-) TimerEvent: {}
[96.074813] (-) TimerEvent: {}
[96.155706] (fsd_common_msgs) StdoutLine: {'line': b'[ 55%] \x1b[32mBuilding CXX object CMakeFiles/fsd_common_msgs__rosidl_typesupport_fastrtps_cpp.dir/rosidl_typesupport_fastrtps_cpp/fsd_common_msgs/msg/detail/dds_fastrtps/ins_delta__type_support.cpp.o\x1b[0m\n'}
[96.177394] (-) TimerEvent: {}
[96.281872] (-) TimerEvent: {}
[96.384374] (-) TimerEvent: {}
[96.486602] (-) TimerEvent: {}
[96.588896] (-) TimerEvent: {}
[96.689567] (-) TimerEvent: {}
[96.790055] (-) TimerEvent: {}
[96.890509] (-) TimerEvent: {}
[96.991917] (-) TimerEvent: {}
[97.092399] (-) TimerEvent: {}
[97.194543] (-) TimerEvent: {}
[97.295087] (-) TimerEvent: {}
[97.384832] (fsd_common_msgs) StdoutLine: {'line': b'[ 56%] \x1b[32mBuilding CXX object CMakeFiles/fsd_common_msgs__rosidl_typesupport_fastrtps_cpp.dir/rosidl_typesupport_fastrtps_cpp/fsd_common_msgs/msg/detail/dds_fastrtps/map__type_support.cpp.o\x1b[0m\n'}
[97.395245] (-) TimerEvent: {}
[97.495723] (-) TimerEvent: {}
[97.596285] (-) TimerEvent: {}
[97.696801] (-) TimerEvent: {}
[97.797443] (-) TimerEvent: {}
[97.897847] (-) TimerEvent: {}
[97.999070] (-) TimerEvent: {}
[98.099514] (-) TimerEvent: {}
[98.202356] (-) TimerEvent: {}
[98.302859] (-) TimerEvent: {}
[98.404007] (-) TimerEvent: {}
[98.504531] (-) TimerEvent: {}
[98.605095] (-) TimerEvent: {}
[98.707405] (-) TimerEvent: {}
[98.708949] (fsd_common_msgs) StdoutLine: {'line': b'[ 56%] \x1b[32mBuilding CXX object CMakeFiles/fsd_common_msgs__rosidl_typesupport_fastrtps_cpp.dir/rosidl_typesupport_fastrtps_cpp/fsd_common_msgs/msg/detail/dds_fastrtps/mission__type_support.cpp.o\x1b[0m\n'}
[98.807544] (-) TimerEvent: {}
[98.910077] (-) TimerEvent: {}
[99.010576] (-) TimerEvent: {}
[99.111133] (-) TimerEvent: {}
[99.211551] (-) TimerEvent: {}
[99.311978] (-) TimerEvent: {}
[99.412485] (-) TimerEvent: {}
[99.514312] (-) TimerEvent: {}
[99.614957] (-) TimerEvent: {}
[99.716844] (-) TimerEvent: {}
[99.817472] (-) TimerEvent: {}
[99.918561] (-) TimerEvent: {}
[99.925318] (fsd_common_msgs) StdoutLine: {'line': b'[ 57%] \x1b[32mBuilding CXX object CMakeFiles/fsd_common_msgs__rosidl_typesupport_fastrtps_cpp.dir/rosidl_typesupport_fastrtps_cpp/fsd_common_msgs/msg/detail/dds_fastrtps/remote_control_command__type_support.cpp.o\x1b[0m\n'}
[100.018910] (-) TimerEvent: {}
[100.122651] (-) TimerEvent: {}
[100.223230] (-) TimerEvent: {}
[100.329399] (-) TimerEvent: {}
[100.430464] (-) TimerEvent: {}
[100.534208] (-) TimerEvent: {}
[100.634705] (-) TimerEvent: {}
[100.739524] (-) TimerEvent: {}
[100.840050] (-) TimerEvent: {}
[100.945450] (-) TimerEvent: {}
[101.052019] (-) TimerEvent: {}
[101.152695] (-) TimerEvent: {}
[101.255705] (-) TimerEvent: {}
[101.357231] (-) TimerEvent: {}
[101.460784] (-) TimerEvent: {}
[101.529888] (fsd_common_msgs) StdoutLine: {'line': b'[ 57%] \x1b[32mBuilding CXX object CMakeFiles/fsd_common_msgs__rosidl_typesupport_fastrtps_cpp.dir/rosidl_typesupport_fastrtps_cpp/fsd_common_msgs/msg/detail/dds_fastrtps/res_and_ami__type_support.cpp.o\x1b[0m\n'}
[101.560855] (-) TimerEvent: {}
[101.661298] (-) TimerEvent: {}
[101.761778] (-) TimerEvent: {}
[101.862271] (-) TimerEvent: {}
[101.966911] (-) TimerEvent: {}
[102.067436] (-) TimerEvent: {}
[102.168355] (-) TimerEvent: {}
[102.268932] (-) TimerEvent: {}
[102.369476] (-) TimerEvent: {}
[102.469935] (-) TimerEvent: {}
[102.570522] (-) TimerEvent: {}
[102.671387] (-) TimerEvent: {}
[102.689963] (fsd_common_msgs) StdoutLine: {'line': b'[ 57%] \x1b[32mBuilding CXX object CMakeFiles/fsd_common_msgs__rosidl_typesupport_fastrtps_cpp.dir/rosidl_typesupport_fastrtps_cpp/fsd_common_msgs/msg/detail/dds_fastrtps/skidpad_global_center_line__type_support.cpp.o\x1b[0m\n'}
[102.771548] (-) TimerEvent: {}
[102.876189] (-) TimerEvent: {}
[102.978366] (-) TimerEvent: {}
[103.078956] (-) TimerEvent: {}
[103.179697] (-) TimerEvent: {}
[103.281928] (-) TimerEvent: {}
[103.382874] (-) TimerEvent: {}
[103.483780] (-) TimerEvent: {}
[103.584416] (-) TimerEvent: {}
[103.685113] (-) TimerEvent: {}
[103.786568] (-) TimerEvent: {}
[103.888843] (-) TimerEvent: {}
[103.950937] (fsd_common_msgs) StdoutLine: {'line': b'[ 58%] \x1b[32mBuilding CXX object CMakeFiles/fsd_common_msgs__rosidl_typesupport_fastrtps_cpp.dir/rosidl_typesupport_fastrtps_cpp/fsd_common_msgs/msg/detail/dds_fastrtps/time__type_support.cpp.o\x1b[0m\n'}
[103.988971] (-) TimerEvent: {}
[104.089665] (-) TimerEvent: {}
[104.190432] (-) TimerEvent: {}
[104.292096] (-) TimerEvent: {}
[104.392679] (-) TimerEvent: {}
[104.493129] (-) TimerEvent: {}
[104.593539] (-) TimerEvent: {}
[104.693983] (-) TimerEvent: {}
[104.794411] (-) TimerEvent: {}
[104.895589] (-) TimerEvent: {}
[104.997721] (-) TimerEvent: {}
[105.103355] (-) TimerEvent: {}
[105.203978] (-) TimerEvent: {}
[105.261726] (fsd_common_msgs) StdoutLine: {'line': b'[ 58%] \x1b[32mBuilding CXX object CMakeFiles/fsd_common_msgs__rosidl_typesupport_fastrtps_cpp.dir/rosidl_typesupport_fastrtps_cpp/fsd_common_msgs/msg/detail/dds_fastrtps/track__type_support.cpp.o\x1b[0m\n'}
[105.304114] (-) TimerEvent: {}
[105.406360] (-) TimerEvent: {}
[105.507629] (-) TimerEvent: {}
[105.609267] (-) TimerEvent: {}
[105.711023] (-) TimerEvent: {}
[105.813047] (-) TimerEvent: {}
[105.913783] (-) TimerEvent: {}
[106.016611] (-) TimerEvent: {}
[106.117094] (-) TimerEvent: {}
[106.219203] (-) TimerEvent: {}
[106.321415] (-) TimerEvent: {}
[106.422707] (-) TimerEvent: {}
[106.523135] (-) TimerEvent: {}
[106.624333] (-) TimerEvent: {}
[106.725516] (-) TimerEvent: {}
[106.772409] (fsd_common_msgs) StdoutLine: {'line': b'[ 59%] \x1b[32mBuilding CXX object CMakeFiles/fsd_common_msgs__rosidl_typesupport_fastrtps_cpp.dir/rosidl_typesupport_fastrtps_cpp/fsd_common_msgs/msg/detail/dds_fastrtps/trajectory_point__type_support.cpp.o\x1b[0m\n'}
[106.826040] (-) TimerEvent: {}
[106.928828] (-) TimerEvent: {}
[107.029274] (-) TimerEvent: {}
[107.129816] (-) TimerEvent: {}
[107.231858] (-) TimerEvent: {}
[107.332634] (-) TimerEvent: {}
[107.433240] (-) TimerEvent: {}
[107.533874] (-) TimerEvent: {}
[107.635782] (-) TimerEvent: {}
[107.739163] (-) TimerEvent: {}
[107.839827] (-) TimerEvent: {}
[107.940252] (-) TimerEvent: {}
[108.042660] (-) TimerEvent: {}
[108.143124] (-) TimerEvent: {}
[108.244998] (-) TimerEvent: {}
[108.340563] (fsd_common_msgs) StdoutLine: {'line': b'[ 59%] \x1b[32mBuilding CXX object CMakeFiles/fsd_common_msgs__rosidl_typesupport_fastrtps_cpp.dir/rosidl_typesupport_fastrtps_cpp/fsd_common_msgs/msg/detail/dds_fastrtps/visualization__type_support.cpp.o\x1b[0m\n'}
[108.345131] (-) TimerEvent: {}
[108.445715] (-) TimerEvent: {}
[108.546950] (-) TimerEvent: {}
[108.647441] (-) TimerEvent: {}
[108.748906] (-) TimerEvent: {}
[108.849498] (-) TimerEvent: {}
[108.950484] (-) TimerEvent: {}
[109.051020] (-) TimerEvent: {}
[109.154855] (-) TimerEvent: {}
[109.255845] (-) TimerEvent: {}
[109.356804] (-) TimerEvent: {}
[109.458488] (-) TimerEvent: {}
[109.559058] (-) TimerEvent: {}
[109.604948] (fsd_common_msgs) StdoutLine: {'line': b'[ 59%] \x1b[32mBuilding CXX object CMakeFiles/fsd_common_msgs__rosidl_typesupport_fastrtps_cpp.dir/rosidl_typesupport_fastrtps_cpp/fsd_common_msgs/msg/detail/dds_fastrtps/yolo_cone__type_support.cpp.o\x1b[0m\n'}
[109.659857] (-) TimerEvent: {}
[109.760474] (-) TimerEvent: {}
[109.860968] (-) TimerEvent: {}
[109.961910] (-) TimerEvent: {}
[110.062647] (-) TimerEvent: {}
[110.163227] (-) TimerEvent: {}
[110.266483] (-) TimerEvent: {}
[110.366926] (-) TimerEvent: {}
[110.467508] (-) TimerEvent: {}
[110.568096] (-) TimerEvent: {}
[110.669788] (-) TimerEvent: {}
[110.773436] (-) TimerEvent: {}
[110.856961] (fsd_common_msgs) StdoutLine: {'line': b'[ 60%] \x1b[32mBuilding CXX object CMakeFiles/fsd_common_msgs__rosidl_typesupport_fastrtps_cpp.dir/rosidl_typesupport_fastrtps_cpp/fsd_common_msgs/msg/detail/dds_fastrtps/yolo_cone_detections__type_support.cpp.o\x1b[0m\n'}
[110.873956] (-) TimerEvent: {}
[110.975258] (-) TimerEvent: {}
[111.076094] (-) TimerEvent: {}
[111.178836] (-) TimerEvent: {}
[111.279408] (-) TimerEvent: {}
[111.381958] (-) TimerEvent: {}
[111.482392] (-) TimerEvent: {}
[111.582973] (-) TimerEvent: {}
[111.683411] (-) TimerEvent: {}
[111.784177] (-) TimerEvent: {}
[111.884903] (-) TimerEvent: {}
[111.985370] (-) TimerEvent: {}
[112.086220] (-) TimerEvent: {}
[112.186647] (-) TimerEvent: {}
[112.221816] (fsd_common_msgs) StdoutLine: {'line': b'[ 60%] \x1b[32mBuilding CXX object CMakeFiles/fsd_common_msgs__rosidl_typesupport_fastrtps_cpp.dir/rosidl_typesupport_fastrtps_cpp/fsd_common_msgs/msg/detail/dds_fastrtps/yolo_cone_detections_track__type_support.cpp.o\x1b[0m\n'}
[112.288843] (-) TimerEvent: {}
[112.389320] (-) TimerEvent: {}
[112.495556] (-) TimerEvent: {}
[112.597877] (-) TimerEvent: {}
[112.699486] (-) TimerEvent: {}
[112.800571] (-) TimerEvent: {}
[112.901110] (-) TimerEvent: {}
[113.001833] (-) TimerEvent: {}
[113.108531] (-) TimerEvent: {}
[113.210842] (-) TimerEvent: {}
[113.311452] (-) TimerEvent: {}
[113.412102] (-) TimerEvent: {}
[113.512512] (-) TimerEvent: {}
[113.615026] (-) TimerEvent: {}
[113.715797] (-) TimerEvent: {}
[113.736064] (fsd_common_msgs) StdoutLine: {'line': b'[ 61%] \x1b[32mBuilding CXX object CMakeFiles/fsd_common_msgs__rosidl_typesupport_fastrtps_cpp.dir/rosidl_typesupport_fastrtps_cpp/fsd_common_msgs/msg/detail/dds_fastrtps/yolo_cone_track__type_support.cpp.o\x1b[0m\n'}
[113.815899] (-) TimerEvent: {}
[113.917830] (-) TimerEvent: {}
[114.020008] (-) TimerEvent: {}
[114.120730] (-) TimerEvent: {}
[114.222022] (-) TimerEvent: {}
[114.323373] (-) TimerEvent: {}
[114.424852] (-) TimerEvent: {}
[114.525338] (-) TimerEvent: {}
[114.628036] (-) TimerEvent: {}
[114.730273] (-) TimerEvent: {}
[114.833948] (-) TimerEvent: {}
[114.937139] (-) TimerEvent: {}
[115.038984] (-) TimerEvent: {}
[115.076286] (fsd_common_msgs) StdoutLine: {'line': b'[ 61%] \x1b[32m\x1b[1mLinking CXX shared library libfsd_common_msgs__rosidl_typesupport_fastrtps_cpp.so\x1b[0m\n'}
[115.139862] (-) TimerEvent: {}
[115.241355] (-) TimerEvent: {}
[115.341820] (-) TimerEvent: {}
[115.395620] (fsd_common_msgs) StdoutLine: {'line': b'[ 61%] Built target fsd_common_msgs__rosidl_typesupport_fastrtps_cpp\n'}
[115.429860] (fsd_common_msgs) StdoutLine: {'line': b'[ 61%] \x1b[34m\x1b[1mGenerating C++ introspection for ROS interfaces\x1b[0m\n'}
[115.442350] (-) TimerEvent: {}
[115.544060] (-) TimerEvent: {}
[115.645833] (-) TimerEvent: {}
[115.748193] (-) TimerEvent: {}
[115.849800] (-) TimerEvent: {}
[115.951054] (-) TimerEvent: {}
[116.051629] (-) TimerEvent: {}
[116.153088] (-) TimerEvent: {}
[116.253499] (-) TimerEvent: {}
[116.357008] (-) TimerEvent: {}
[116.457617] (-) TimerEvent: {}
[116.558202] (-) TimerEvent: {}
[116.659609] (-) TimerEvent: {}
[116.761997] (-) TimerEvent: {}
[116.862990] (-) TimerEvent: {}
[116.964485] (-) TimerEvent: {}
[117.065983] (-) TimerEvent: {}
[117.166565] (-) TimerEvent: {}
[117.267065] (-) TimerEvent: {}
[117.369018] (-) TimerEvent: {}
[117.469558] (-) TimerEvent: {}
[117.570997] (-) TimerEvent: {}
[117.671821] (-) TimerEvent: {}
[117.774212] (-) TimerEvent: {}
[117.875127] (-) TimerEvent: {}
[117.975939] (-) TimerEvent: {}
[118.076502] (-) TimerEvent: {}
[118.178714] (-) TimerEvent: {}
[118.279406] (-) TimerEvent: {}
[118.381597] (-) TimerEvent: {}
[118.482083] (-) TimerEvent: {}
[118.585039] (-) TimerEvent: {}
[118.687085] (-) TimerEvent: {}
[118.789474] (-) TimerEvent: {}
[118.890809] (-) TimerEvent: {}
[118.991693] (-) TimerEvent: {}
[119.092666] (-) TimerEvent: {}
[119.193830] (-) TimerEvent: {}
[119.294706] (-) TimerEvent: {}
[119.397162] (-) TimerEvent: {}
[119.497794] (-) TimerEvent: {}
[119.598551] (-) TimerEvent: {}
[119.699926] (-) TimerEvent: {}
[119.800400] (-) TimerEvent: {}
[119.902062] (-) TimerEvent: {}
[120.002720] (-) TimerEvent: {}
[120.103184] (-) TimerEvent: {}
[120.203933] (-) TimerEvent: {}
[120.305997] (-) TimerEvent: {}
[120.408079] (-) TimerEvent: {}
[120.509892] (-) TimerEvent: {}
[120.610354] (-) TimerEvent: {}
[120.712121] (-) TimerEvent: {}
[120.812900] (-) TimerEvent: {}
[120.913332] (-) TimerEvent: {}
[121.013962] (-) TimerEvent: {}
[121.114550] (-) TimerEvent: {}
[121.214976] (-) TimerEvent: {}
[121.315467] (-) TimerEvent: {}
[121.416029] (-) TimerEvent: {}
[121.516882] (-) TimerEvent: {}
[121.617861] (-) TimerEvent: {}
[121.720820] (-) TimerEvent: {}
[121.821548] (-) TimerEvent: {}
[121.922862] (-) TimerEvent: {}
[122.023661] (-) TimerEvent: {}
[122.125188] (-) TimerEvent: {}
[122.225620] (-) TimerEvent: {}
[122.326484] (-) TimerEvent: {}
[122.427036] (-) TimerEvent: {}
[122.527545] (-) TimerEvent: {}
[122.627995] (-) TimerEvent: {}
[122.728403] (-) TimerEvent: {}
[122.829025] (-) TimerEvent: {}
[122.930680] (-) TimerEvent: {}
[122.988077] (fsd_common_msgs) StdoutLine: {'line': b'[ 62%] \x1b[32mBuilding CXX object CMakeFiles/fsd_common_msgs__rosidl_typesupport_introspection_cpp.dir/rosidl_typesupport_introspection_cpp/fsd_common_msgs/msg/detail/as_state__type_support.cpp.o\x1b[0m\n'}
[123.032836] (-) TimerEvent: {}
[123.133321] (-) TimerEvent: {}
[123.233903] (-) TimerEvent: {}
[123.334416] (-) TimerEvent: {}
[123.436680] (-) TimerEvent: {}
[123.539659] (-) TimerEvent: {}
[123.640784] (-) TimerEvent: {}
[123.743845] (-) TimerEvent: {}
[123.847995] (-) TimerEvent: {}
[123.948474] (-) TimerEvent: {}
[124.051135] (-) TimerEvent: {}
[124.151602] (-) TimerEvent: {}
[124.222269] (fsd_common_msgs) StdoutLine: {'line': b'[ 62%] \x1b[32mBuilding CXX object CMakeFiles/fsd_common_msgs__rosidl_typesupport_introspection_cpp.dir/rosidl_typesupport_introspection_cpp/fsd_common_msgs/msg/detail/asensing_message__type_support.cpp.o\x1b[0m\n'}
[124.251831] (-) TimerEvent: {}
[124.352336] (-) TimerEvent: {}
[124.453781] (-) TimerEvent: {}
[124.556158] (-) TimerEvent: {}
[124.658257] (-) TimerEvent: {}
[124.759736] (-) TimerEvent: {}
[124.861109] (-) TimerEvent: {}
[124.962229] (-) TimerEvent: {}
[125.063812] (-) TimerEvent: {}
[125.165378] (-) TimerEvent: {}
[125.266908] (-) TimerEvent: {}
[125.368784] (-) TimerEvent: {}
[125.469970] (-) TimerEvent: {}
[125.571848] (-) TimerEvent: {}
[125.672282] (-) TimerEvent: {}
[125.773042] (-) TimerEvent: {}
[125.807371] (fsd_common_msgs) StdoutLine: {'line': b'[ 63%] \x1b[32mBuilding CXX object CMakeFiles/fsd_common_msgs__rosidl_typesupport_introspection_cpp.dir/rosidl_typesupport_introspection_cpp/fsd_common_msgs/msg/detail/can_frames__type_support.cpp.o\x1b[0m\n'}
[125.873209] (-) TimerEvent: {}
[125.975977] (-) TimerEvent: {}
[126.077844] (-) TimerEvent: {}
[126.184146] (-) TimerEvent: {}
[126.284855] (-) TimerEvent: {}
[126.385729] (-) TimerEvent: {}
[126.486241] (-) TimerEvent: {}
[126.587123] (-) TimerEvent: {}
[126.688839] (-) TimerEvent: {}
[126.789319] (-) TimerEvent: {}
[126.889857] (-) TimerEvent: {}
[126.990680] (-) TimerEvent: {}
[127.093439] (-) TimerEvent: {}
[127.193956] (-) TimerEvent: {}
[127.222979] (fsd_common_msgs) StdoutLine: {'line': b'[ 63%] \x1b[32mBuilding CXX object CMakeFiles/fsd_common_msgs__rosidl_typesupport_introspection_cpp.dir/rosidl_typesupport_introspection_cpp/fsd_common_msgs/msg/detail/car_state__type_support.cpp.o\x1b[0m\n'}
[127.294108] (-) TimerEvent: {}
[127.394568] (-) TimerEvent: {}
[127.495094] (-) TimerEvent: {}
[127.595561] (-) TimerEvent: {}
[127.696384] (-) TimerEvent: {}
[127.797035] (-) TimerEvent: {}
[127.897596] (-) TimerEvent: {}
[127.998386] (-) TimerEvent: {}
[128.098839] (-) TimerEvent: {}
[128.199576] (-) TimerEvent: {}
[128.301565] (-) TimerEvent: {}
[128.403080] (-) TimerEvent: {}
[128.422862] (fsd_common_msgs) StdoutLine: {'line': b'[ 63%] \x1b[32mBuilding CXX object CMakeFiles/fsd_common_msgs__rosidl_typesupport_introspection_cpp.dir/rosidl_typesupport_introspection_cpp/fsd_common_msgs/msg/detail/car_state_dt__type_support.cpp.o\x1b[0m\n'}
[128.503202] (-) TimerEvent: {}
[128.603631] (-) TimerEvent: {}
[128.704851] (-) TimerEvent: {}
[128.805362] (-) TimerEvent: {}
[128.906842] (-) TimerEvent: {}
[129.008950] (-) TimerEvent: {}
[129.110946] (-) TimerEvent: {}
[129.211468] (-) TimerEvent: {}
[129.312791] (-) TimerEvent: {}
[129.414064] (-) TimerEvent: {}
[129.514944] (-) TimerEvent: {}
[129.616686] (-) TimerEvent: {}
[129.673542] (fsd_common_msgs) StdoutLine: {'line': b'[ 64%] \x1b[32mBuilding CXX object CMakeFiles/fsd_common_msgs__rosidl_typesupport_introspection_cpp.dir/rosidl_typesupport_introspection_cpp/fsd_common_msgs/msg/detail/cone__type_support.cpp.o\x1b[0m\n'}
[129.716848] (-) TimerEvent: {}
[129.817503] (-) TimerEvent: {}
[129.917975] (-) TimerEvent: {}
[130.018589] (-) TimerEvent: {}
[130.119068] (-) TimerEvent: {}
[130.220145] (-) TimerEvent: {}
[130.322359] (-) TimerEvent: {}
[130.423529] (-) TimerEvent: {}
[130.525200] (-) TimerEvent: {}
[130.626861] (-) TimerEvent: {}
[130.727568] (-) TimerEvent: {}
[130.828699] (-) TimerEvent: {}
[130.868849] (fsd_common_msgs) StdoutLine: {'line': b'[ 64%] \x1b[32mBuilding CXX object CMakeFiles/fsd_common_msgs__rosidl_typesupport_introspection_cpp.dir/rosidl_typesupport_introspection_cpp/fsd_common_msgs/msg/detail/cone_dbscan__type_support.cpp.o\x1b[0m\n'}
[130.928873] (-) TimerEvent: {}
[131.029464] (-) TimerEvent: {}
[131.130043] (-) TimerEvent: {}
[131.230547] (-) TimerEvent: {}
[131.331092] (-) TimerEvent: {}
[131.431537] (-) TimerEvent: {}
[131.533433] (-) TimerEvent: {}
[131.633849] (-) TimerEvent: {}
[131.735739] (-) TimerEvent: {}
[131.836569] (-) TimerEvent: {}
[131.937069] (-) TimerEvent: {}
[132.037500] (-) TimerEvent: {}
[132.137927] (-) TimerEvent: {}
[132.221277] (fsd_common_msgs) StdoutLine: {'line': b'[ 65%] \x1b[32mBuilding CXX object CMakeFiles/fsd_common_msgs__rosidl_typesupport_introspection_cpp.dir/rosidl_typesupport_introspection_cpp/fsd_common_msgs/msg/detail/cone_detections__type_support.cpp.o\x1b[0m\n'}
[132.238063] (-) TimerEvent: {}
[132.339891] (-) TimerEvent: {}
[132.440354] (-) TimerEvent: {}
[132.540920] (-) TimerEvent: {}
[132.644071] (-) TimerEvent: {}
[132.744653] (-) TimerEvent: {}
[132.845551] (-) TimerEvent: {}
[132.946257] (-) TimerEvent: {}
[133.047840] (-) TimerEvent: {}
[133.149834] (-) TimerEvent: {}
[133.250281] (-) TimerEvent: {}
[133.350717] (-) TimerEvent: {}
[133.451788] (-) TimerEvent: {}
[133.552894] (-) TimerEvent: {}
[133.589975] (fsd_common_msgs) StdoutLine: {'line': b'[ 65%] \x1b[32mBuilding CXX object CMakeFiles/fsd_common_msgs__rosidl_typesupport_introspection_cpp.dir/rosidl_typesupport_introspection_cpp/fsd_common_msgs/msg/detail/cone_detections_dbscan__type_support.cpp.o\x1b[0m\n'}
[133.653042] (-) TimerEvent: {}
[133.753677] (-) TimerEvent: {}
[133.854452] (-) TimerEvent: {}
[133.954932] (-) TimerEvent: {}
[134.055381] (-) TimerEvent: {}
[134.156493] (-) TimerEvent: {}
[134.260799] (-) TimerEvent: {}
[134.362914] (-) TimerEvent: {}
[134.465664] (-) TimerEvent: {}
[134.566818] (-) TimerEvent: {}
[134.668851] (-) TimerEvent: {}
[134.770875] (-) TimerEvent: {}
[134.871305] (-) TimerEvent: {}
[134.971740] (-) TimerEvent: {}
[135.072660] (-) TimerEvent: {}
[135.087500] (fsd_common_msgs) StdoutLine: {'line': b'[ 65%] \x1b[32mBuilding CXX object CMakeFiles/fsd_common_msgs__rosidl_typesupport_introspection_cpp.dir/rosidl_typesupport_introspection_cpp/fsd_common_msgs/msg/detail/control_command__type_support.cpp.o\x1b[0m\n'}
[135.175146] (-) TimerEvent: {}
[135.279247] (-) TimerEvent: {}
[135.381671] (-) TimerEvent: {}
[135.482164] (-) TimerEvent: {}
[135.583827] (-) TimerEvent: {}
[135.684230] (-) TimerEvent: {}
[135.784655] (-) TimerEvent: {}
[135.885915] (-) TimerEvent: {}
[135.986344] (-) TimerEvent: {}
[136.086768] (-) TimerEvent: {}
[136.167612] (fsd_common_msgs) StdoutLine: {'line': b'[ 66%] \x1b[32mBuilding CXX object CMakeFiles/fsd_common_msgs__rosidl_typesupport_introspection_cpp.dir/rosidl_typesupport_introspection_cpp/fsd_common_msgs/msg/detail/decision_flag__type_support.cpp.o\x1b[0m\n'}
[136.186882] (-) TimerEvent: {}
[136.287296] (-) TimerEvent: {}
[136.387854] (-) TimerEvent: {}
[136.488583] (-) TimerEvent: {}
[136.591856] (-) TimerEvent: {}
[136.692639] (-) TimerEvent: {}
[136.793246] (-) TimerEvent: {}
[136.893878] (-) TimerEvent: {}
[136.995006] (-) TimerEvent: {}
[137.095944] (-) TimerEvent: {}
[137.198855] (-) TimerEvent: {}
[137.299348] (-) TimerEvent: {}
[137.326969] (fsd_common_msgs) StdoutLine: {'line': b'[ 66%] \x1b[32mBuilding CXX object CMakeFiles/fsd_common_msgs__rosidl_typesupport_introspection_cpp.dir/rosidl_typesupport_introspection_cpp/fsd_common_msgs/msg/detail/driving_dynamics__type_support.cpp.o\x1b[0m\n'}
[137.399481] (-) TimerEvent: {}
[137.499997] (-) TimerEvent: {}
[137.600449] (-) TimerEvent: {}
[137.702126] (-) TimerEvent: {}
[137.802606] (-) TimerEvent: {}
[137.904163] (-) TimerEvent: {}
[138.004760] (-) TimerEvent: {}
[138.105980] (-) TimerEvent: {}
[138.208029] (-) TimerEvent: {}
[138.308543] (-) TimerEvent: {}
[138.409035] (-) TimerEvent: {}
[138.492914] (fsd_common_msgs) StdoutLine: {'line': b'[ 67%] \x1b[32mBuilding CXX object CMakeFiles/fsd_common_msgs__rosidl_typesupport_introspection_cpp.dir/rosidl_typesupport_introspection_cpp/fsd_common_msgs/msg/detail/echiev_message__type_support.cpp.o\x1b[0m\n'}
[138.509324] (-) TimerEvent: {}
[138.611289] (-) TimerEvent: {}
[138.711715] (-) TimerEvent: {}
[138.812160] (-) TimerEvent: {}
[138.912881] (-) TimerEvent: {}
[139.013312] (-) TimerEvent: {}
[139.114248] (-) TimerEvent: {}
[139.214719] (-) TimerEvent: {}
[139.315430] (-) TimerEvent: {}
[139.415886] (-) TimerEvent: {}
[139.516845] (-) TimerEvent: {}
[139.600695] (fsd_common_msgs) StdoutLine: {'line': b'[ 67%] \x1b[32mBuilding CXX object CMakeFiles/fsd_common_msgs__rosidl_typesupport_introspection_cpp.dir/rosidl_typesupport_introspection_cpp/fsd_common_msgs/msg/detail/feedback__type_support.cpp.o\x1b[0m\n'}
[139.617891] (-) TimerEvent: {}
[139.718304] (-) TimerEvent: {}
[139.819855] (-) TimerEvent: {}
[139.920349] (-) TimerEvent: {}
[140.021857] (-) TimerEvent: {}
[140.122349] (-) TimerEvent: {}
[140.224876] (-) TimerEvent: {}
[140.325489] (-) TimerEvent: {}
[140.426115] (-) TimerEvent: {}
[140.526566] (-) TimerEvent: {}
[140.627592] (-) TimerEvent: {}
[140.721823] (fsd_common_msgs) StdoutLine: {'line': b'[ 67%] \x1b[32mBuilding CXX object CMakeFiles/fsd_common_msgs__rosidl_typesupport_introspection_cpp.dir/rosidl_typesupport_introspection_cpp/fsd_common_msgs/msg/detail/ins_delta__type_support.cpp.o\x1b[0m\n'}
[140.727736] (-) TimerEvent: {}
[140.828471] (-) TimerEvent: {}
[140.929846] (-) TimerEvent: {}
[141.030431] (-) TimerEvent: {}
[141.132150] (-) TimerEvent: {}
[141.232624] (-) TimerEvent: {}
[141.333226] (-) TimerEvent: {}
[141.433832] (-) TimerEvent: {}
[141.534988] (-) TimerEvent: {}
[141.635937] (-) TimerEvent: {}
[141.737355] (-) TimerEvent: {}
[141.839143] (-) TimerEvent: {}
[141.940595] (-) TimerEvent: {}
[141.946840] (fsd_common_msgs) StdoutLine: {'line': b'[ 68%] \x1b[32mBuilding CXX object CMakeFiles/fsd_common_msgs__rosidl_typesupport_introspection_cpp.dir/rosidl_typesupport_introspection_cpp/fsd_common_msgs/msg/detail/map__type_support.cpp.o\x1b[0m\n'}
[142.041566] (-) TimerEvent: {}
[142.143435] (-) TimerEvent: {}
[142.244217] (-) TimerEvent: {}
[142.345555] (-) TimerEvent: {}
[142.447154] (-) TimerEvent: {}
[142.548851] (-) TimerEvent: {}
[142.649799] (-) TimerEvent: {}
[142.750526] (-) TimerEvent: {}
[142.851015] (-) TimerEvent: {}
[142.951474] (-) TimerEvent: {}
[143.055349] (-) TimerEvent: {}
[143.156586] (-) TimerEvent: {}
[143.257220] (-) TimerEvent: {}
[143.357916] (-) TimerEvent: {}
[143.458485] (-) TimerEvent: {}
[143.559037] (-) TimerEvent: {}
[143.589434] (fsd_common_msgs) StdoutLine: {'line': b'[ 68%] \x1b[32mBuilding CXX object CMakeFiles/fsd_common_msgs__rosidl_typesupport_introspection_cpp.dir/rosidl_typesupport_introspection_cpp/fsd_common_msgs/msg/detail/mission__type_support.cpp.o\x1b[0m\n'}
[143.659177] (-) TimerEvent: {}
[143.759835] (-) TimerEvent: {}
[143.861918] (-) TimerEvent: {}
[143.962467] (-) TimerEvent: {}
[144.062854] (-) TimerEvent: {}
[144.163276] (-) TimerEvent: {}
[144.263707] (-) TimerEvent: {}
[144.364763] (-) TimerEvent: {}
[144.466150] (-) TimerEvent: {}
[144.569275] (-) TimerEvent: {}
[144.671114] (-) TimerEvent: {}
[144.717446] (fsd_common_msgs) StdoutLine: {'line': b'[ 69%] \x1b[32mBuilding CXX object CMakeFiles/fsd_common_msgs__rosidl_typesupport_introspection_cpp.dir/rosidl_typesupport_introspection_cpp/fsd_common_msgs/msg/detail/remote_control_command__type_support.cpp.o\x1b[0m\n'}
[144.771244] (-) TimerEvent: {}
[144.871676] (-) TimerEvent: {}
[144.972197] (-) TimerEvent: {}
[145.072650] (-) TimerEvent: {}
[145.173119] (-) TimerEvent: {}
[145.273559] (-) TimerEvent: {}
[145.374207] (-) TimerEvent: {}
[145.474646] (-) TimerEvent: {}
[145.575253] (-) TimerEvent: {}
[145.677190] (-) TimerEvent: {}
[145.777632] (-) TimerEvent: {}
[145.821449] (fsd_common_msgs) StdoutLine: {'line': b'[ 69%] \x1b[32mBuilding CXX object CMakeFiles/fsd_common_msgs__rosidl_typesupport_introspection_cpp.dir/rosidl_typesupport_introspection_cpp/fsd_common_msgs/msg/detail/res_and_ami__type_support.cpp.o\x1b[0m\n'}
[145.878045] (-) TimerEvent: {}
[145.978455] (-) TimerEvent: {}
[146.080863] (-) TimerEvent: {}
[146.181835] (-) TimerEvent: {}
[146.282291] (-) TimerEvent: {}
[146.384172] (-) TimerEvent: {}
[146.484613] (-) TimerEvent: {}
[146.585055] (-) TimerEvent: {}
[146.685473] (-) TimerEvent: {}
[146.785874] (-) TimerEvent: {}
[146.886451] (-) TimerEvent: {}
[146.911739] (fsd_common_msgs) StdoutLine: {'line': b'[ 69%] \x1b[32mBuilding CXX object CMakeFiles/fsd_common_msgs__rosidl_typesupport_introspection_cpp.dir/rosidl_typesupport_introspection_cpp/fsd_common_msgs/msg/detail/skidpad_global_center_line__type_support.cpp.o\x1b[0m\n'}
[146.986596] (-) TimerEvent: {}
[147.087281] (-) TimerEvent: {}
[147.188394] (-) TimerEvent: {}
[147.288834] (-) TimerEvent: {}
[147.389433] (-) TimerEvent: {}
[147.490518] (-) TimerEvent: {}
[147.593052] (-) TimerEvent: {}
[147.693984] (-) TimerEvent: {}
[147.794574] (-) TimerEvent: {}
[147.895642] (-) TimerEvent: {}
[147.997100] (-) TimerEvent: {}
[148.053013] (fsd_common_msgs) StdoutLine: {'line': b'[ 70%] \x1b[32mBuilding CXX object CMakeFiles/fsd_common_msgs__rosidl_typesupport_introspection_cpp.dir/rosidl_typesupport_introspection_cpp/fsd_common_msgs/msg/detail/time__type_support.cpp.o\x1b[0m\n'}
[148.098841] (-) TimerEvent: {}
[148.199273] (-) TimerEvent: {}
[148.299693] (-) TimerEvent: {}
[148.400156] (-) TimerEvent: {}
[148.500587] (-) TimerEvent: {}
[148.601983] (-) TimerEvent: {}
[148.702431] (-) TimerEvent: {}
[148.804847] (-) TimerEvent: {}
[148.905263] (-) TimerEvent: {}
[149.005800] (-) TimerEvent: {}
[149.101966] (fsd_common_msgs) StdoutLine: {'line': b'[ 70%] \x1b[32mBuilding CXX object CMakeFiles/fsd_common_msgs__rosidl_typesupport_introspection_cpp.dir/rosidl_typesupport_introspection_cpp/fsd_common_msgs/msg/detail/track__type_support.cpp.o\x1b[0m\n'}
[149.105945] (-) TimerEvent: {}
[149.207828] (-) TimerEvent: {}
[149.308269] (-) TimerEvent: {}
[149.408717] (-) TimerEvent: {}
[149.509838] (-) TimerEvent: {}
[149.610241] (-) TimerEvent: {}
[149.712095] (-) TimerEvent: {}
[149.812705] (-) TimerEvent: {}
[149.913134] (-) TimerEvent: {}
[150.014316] (-) TimerEvent: {}
[150.115001] (-) TimerEvent: {}
[150.216958] (-) TimerEvent: {}
[150.317883] (-) TimerEvent: {}
[150.374943] (fsd_common_msgs) StdoutLine: {'line': b'[ 71%] \x1b[32mBuilding CXX object CMakeFiles/fsd_common_msgs__rosidl_typesupport_introspection_cpp.dir/rosidl_typesupport_introspection_cpp/fsd_common_msgs/msg/detail/trajectory_point__type_support.cpp.o\x1b[0m\n'}
[150.418828] (-) TimerEvent: {}
[150.520833] (-) TimerEvent: {}
[150.621352] (-) TimerEvent: {}
[150.721845] (-) TimerEvent: {}
[150.822273] (-) TimerEvent: {}
[150.924862] (-) TimerEvent: {}
[151.025280] (-) TimerEvent: {}
[151.125705] (-) TimerEvent: {}
[151.226235] (-) TimerEvent: {}
[151.328837] (-) TimerEvent: {}
[151.429272] (-) TimerEvent: {}
[151.529785] (-) TimerEvent: {}
[151.630219] (-) TimerEvent: {}
[151.645028] (fsd_common_msgs) StdoutLine: {'line': b'[ 71%] \x1b[32mBuilding CXX object CMakeFiles/fsd_common_msgs__rosidl_typesupport_introspection_cpp.dir/rosidl_typesupport_introspection_cpp/fsd_common_msgs/msg/detail/visualization__type_support.cpp.o\x1b[0m\n'}
[151.730863] (-) TimerEvent: {}
[151.831771] (-) TimerEvent: {}
[151.932523] (-) TimerEvent: {}
[152.032944] (-) TimerEvent: {}
[152.133376] (-) TimerEvent: {}
[152.234016] (-) TimerEvent: {}
[152.335827] (-) TimerEvent: {}
[152.436332] (-) TimerEvent: {}
[152.536800] (-) TimerEvent: {}
[152.637275] (-) TimerEvent: {}
[152.737876] (-) TimerEvent: {}
[152.739938] (fsd_common_msgs) StdoutLine: {'line': b'[ 71%] \x1b[32mBuilding CXX object CMakeFiles/fsd_common_msgs__rosidl_typesupport_introspection_cpp.dir/rosidl_typesupport_introspection_cpp/fsd_common_msgs/msg/detail/yolo_cone__type_support.cpp.o\x1b[0m\n'}
[152.838015] (-) TimerEvent: {}
[152.938469] (-) TimerEvent: {}
[153.038852] (-) TimerEvent: {}
[153.139770] (-) TimerEvent: {}
[153.241080] (-) TimerEvent: {}
[153.341694] (-) TimerEvent: {}
[153.442134] (-) TimerEvent: {}
[153.542570] (-) TimerEvent: {}
[153.642989] (-) TimerEvent: {}
[153.743662] (-) TimerEvent: {}
[153.763463] (fsd_common_msgs) StdoutLine: {'line': b'[ 72%] \x1b[32mBuilding CXX object CMakeFiles/fsd_common_msgs__rosidl_typesupport_introspection_cpp.dir/rosidl_typesupport_introspection_cpp/fsd_common_msgs/msg/detail/yolo_cone_detections__type_support.cpp.o\x1b[0m\n'}
[153.844472] (-) TimerEvent: {}
[153.944969] (-) TimerEvent: {}
[154.045489] (-) TimerEvent: {}
[154.145845] (-) TimerEvent: {}
[154.246296] (-) TimerEvent: {}
[154.346891] (-) TimerEvent: {}
[154.447418] (-) TimerEvent: {}
[154.548247] (-) TimerEvent: {}
[154.648690] (-) TimerEvent: {}
[154.749143] (-) TimerEvent: {}
[154.849605] (-) TimerEvent: {}
[154.919776] (fsd_common_msgs) StdoutLine: {'line': b'[ 72%] \x1b[32mBuilding CXX object CMakeFiles/fsd_common_msgs__rosidl_typesupport_introspection_cpp.dir/rosidl_typesupport_introspection_cpp/fsd_common_msgs/msg/detail/yolo_cone_detections_track__type_support.cpp.o\x1b[0m\n'}
[154.949733] (-) TimerEvent: {}
[155.050330] (-) TimerEvent: {}
[155.151674] (-) TimerEvent: {}
[155.253862] (-) TimerEvent: {}
[155.354303] (-) TimerEvent: {}
[155.454850] (-) TimerEvent: {}
[155.555411] (-) TimerEvent: {}
[155.655897] (-) TimerEvent: {}
[155.756873] (-) TimerEvent: {}
[155.857887] (-) TimerEvent: {}
[155.959402] (-) TimerEvent: {}
[156.059867] (-) TimerEvent: {}
[156.079507] (fsd_common_msgs) StdoutLine: {'line': b'[ 73%] \x1b[32mBuilding CXX object CMakeFiles/fsd_common_msgs__rosidl_typesupport_introspection_cpp.dir/rosidl_typesupport_introspection_cpp/fsd_common_msgs/msg/detail/yolo_cone_track__type_support.cpp.o\x1b[0m\n'}
[156.160027] (-) TimerEvent: {}
[156.260789] (-) TimerEvent: {}
[156.361609] (-) TimerEvent: {}
[156.463164] (-) TimerEvent: {}
[156.564054] (-) TimerEvent: {}
[156.666256] (-) TimerEvent: {}
[156.766658] (-) TimerEvent: {}
[156.867536] (-) TimerEvent: {}
[156.968207] (-) TimerEvent: {}
[157.068980] (-) TimerEvent: {}
[157.169406] (-) TimerEvent: {}
[157.228836] (fsd_common_msgs) StdoutLine: {'line': b'[ 73%] \x1b[32m\x1b[1mLinking CXX shared library libfsd_common_msgs__rosidl_typesupport_introspection_cpp.so\x1b[0m\n'}
[157.269561] (-) TimerEvent: {}
[157.370197] (-) TimerEvent: {}
[157.471492] (-) TimerEvent: {}
[157.535927] (fsd_common_msgs) StdoutLine: {'line': b'[ 73%] Built target fsd_common_msgs__rosidl_typesupport_introspection_cpp\n'}
[157.565936] (fsd_common_msgs) StdoutLine: {'line': b'[ 73%] \x1b[34m\x1b[1mGenerating C++ type support dispatch for ROS interfaces\x1b[0m\n'}
[157.571643] (-) TimerEvent: {}
[157.672104] (-) TimerEvent: {}
[157.773836] (-) TimerEvent: {}
[157.876081] (-) TimerEvent: {}
[157.977517] (-) TimerEvent: {}
[158.078262] (-) TimerEvent: {}
[158.179853] (-) TimerEvent: {}
[158.280458] (-) TimerEvent: {}
[158.382442] (-) TimerEvent: {}
[158.482865] (-) TimerEvent: {}
[158.583279] (-) TimerEvent: {}
[158.683731] (-) TimerEvent: {}
[158.784343] (-) TimerEvent: {}
[158.884781] (-) TimerEvent: {}
[158.985493] (-) TimerEvent: {}
[159.085905] (-) TimerEvent: {}
[159.186768] (-) TimerEvent: {}
[159.287790] (-) TimerEvent: {}
[159.388849] (-) TimerEvent: {}
[159.489248] (-) TimerEvent: {}
[159.589650] (-) TimerEvent: {}
[159.690056] (-) TimerEvent: {}
[159.791698] (-) TimerEvent: {}
[159.893129] (-) TimerEvent: {}
[159.993846] (-) TimerEvent: {}
[160.095083] (-) TimerEvent: {}
[160.196194] (-) TimerEvent: {}
[160.297530] (-) TimerEvent: {}
[160.399552] (-) TimerEvent: {}
[160.501960] (-) TimerEvent: {}
[160.602426] (-) TimerEvent: {}
[160.702959] (-) TimerEvent: {}
[160.803366] (-) TimerEvent: {}
[160.903803] (-) TimerEvent: {}
[161.004383] (-) TimerEvent: {}
[161.104860] (-) TimerEvent: {}
[161.206868] (-) TimerEvent: {}
[161.309910] (-) TimerEvent: {}
[161.410502] (-) TimerEvent: {}
[161.513366] (-) TimerEvent: {}
[161.615026] (-) TimerEvent: {}
[161.716461] (-) TimerEvent: {}
[161.817868] (-) TimerEvent: {}
[161.918267] (-) TimerEvent: {}
[162.020850] (-) TimerEvent: {}
[162.121367] (-) TimerEvent: {}
[162.222011] (-) TimerEvent: {}
[162.322497] (-) TimerEvent: {}
[162.423051] (-) TimerEvent: {}
[162.523482] (-) TimerEvent: {}
[162.623908] (-) TimerEvent: {}
[162.724366] (-) TimerEvent: {}
[162.824813] (-) TimerEvent: {}
[162.906136] (fsd_common_msgs) StdoutLine: {'line': b'[ 74%] \x1b[32mBuilding CXX object CMakeFiles/fsd_common_msgs__rosidl_typesupport_cpp.dir/rosidl_typesupport_cpp/fsd_common_msgs/msg/as_state__type_support.cpp.o\x1b[0m\n'}
[162.925660] (-) TimerEvent: {}
[163.026116] (-) TimerEvent: {}
[163.127226] (-) TimerEvent: {}
[163.229918] (-) TimerEvent: {}
[163.330407] (-) TimerEvent: {}
[163.430843] (-) TimerEvent: {}
[163.531324] (-) TimerEvent: {}
[163.632990] (-) TimerEvent: {}
[163.683091] (fsd_common_msgs) StdoutLine: {'line': b'[ 74%] \x1b[32mBuilding CXX object CMakeFiles/fsd_common_msgs__rosidl_typesupport_cpp.dir/rosidl_typesupport_cpp/fsd_common_msgs/msg/asensing_message__type_support.cpp.o\x1b[0m\n'}
[163.733126] (-) TimerEvent: {}
[163.833555] (-) TimerEvent: {}
[163.934864] (-) TimerEvent: {}
[164.036341] (-) TimerEvent: {}
[164.139404] (-) TimerEvent: {}
[164.241641] (-) TimerEvent: {}
[164.342261] (-) TimerEvent: {}
[164.443840] (-) TimerEvent: {}
[164.544326] (-) TimerEvent: {}
[164.580573] (fsd_common_msgs) StdoutLine: {'line': b'[ 75%] \x1b[32mBuilding CXX object CMakeFiles/fsd_common_msgs__rosidl_typesupport_cpp.dir/rosidl_typesupport_cpp/fsd_common_msgs/msg/can_frames__type_support.cpp.o\x1b[0m\n'}
[164.644467] (-) TimerEvent: {}
[164.744923] (-) TimerEvent: {}
[164.846078] (-) TimerEvent: {}
[164.946771] (-) TimerEvent: {}
[165.047560] (-) TimerEvent: {}
[165.148007] (-) TimerEvent: {}
[165.249266] (-) TimerEvent: {}
[165.322837] (fsd_common_msgs) StdoutLine: {'line': b'[ 75%] \x1b[32mBuilding CXX object CMakeFiles/fsd_common_msgs__rosidl_typesupport_cpp.dir/rosidl_typesupport_cpp/fsd_common_msgs/msg/car_state__type_support.cpp.o\x1b[0m\n'}
[165.349413] (-) TimerEvent: {}
[165.451040] (-) TimerEvent: {}
[165.552878] (-) TimerEvent: {}
[165.653339] (-) TimerEvent: {}
[165.754480] (-) TimerEvent: {}
[165.855785] (-) TimerEvent: {}
[165.956216] (-) TimerEvent: {}
[166.057074] (-) TimerEvent: {}
[166.072801] (fsd_common_msgs) StdoutLine: {'line': b'[ 75%] \x1b[32mBuilding CXX object CMakeFiles/fsd_common_msgs__rosidl_typesupport_cpp.dir/rosidl_typesupport_cpp/fsd_common_msgs/msg/car_state_dt__type_support.cpp.o\x1b[0m\n'}
[166.158215] (-) TimerEvent: {}
[166.261104] (-) TimerEvent: {}
[166.362846] (-) TimerEvent: {}
[166.464627] (-) TimerEvent: {}
[166.565599] (-) TimerEvent: {}
[166.667336] (-) TimerEvent: {}
[166.768884] (-) TimerEvent: {}
[166.830109] (fsd_common_msgs) StdoutLine: {'line': b'[ 76%] \x1b[32mBuilding CXX object CMakeFiles/fsd_common_msgs__rosidl_typesupport_cpp.dir/rosidl_typesupport_cpp/fsd_common_msgs/msg/cone__type_support.cpp.o\x1b[0m\n'}
[166.870906] (-) TimerEvent: {}
[166.971684] (-) TimerEvent: {}
[167.072104] (-) TimerEvent: {}
[167.172570] (-) TimerEvent: {}
[167.273039] (-) TimerEvent: {}
[167.373758] (-) TimerEvent: {}
[167.476922] (-) TimerEvent: {}
[167.564693] (fsd_common_msgs) StdoutLine: {'line': b'[ 76%] \x1b[32mBuilding CXX object CMakeFiles/fsd_common_msgs__rosidl_typesupport_cpp.dir/rosidl_typesupport_cpp/fsd_common_msgs/msg/cone_dbscan__type_support.cpp.o\x1b[0m\n'}
[167.579058] (-) TimerEvent: {}
[167.680300] (-) TimerEvent: {}
[167.780768] (-) TimerEvent: {}
[167.881192] (-) TimerEvent: {}
[167.982230] (-) TimerEvent: {}
[168.082690] (-) TimerEvent: {}
[168.183142] (-) TimerEvent: {}
[168.283595] (-) TimerEvent: {}
[168.285398] (fsd_common_msgs) StdoutLine: {'line': b'[ 77%] \x1b[32mBuilding CXX object CMakeFiles/fsd_common_msgs__rosidl_typesupport_cpp.dir/rosidl_typesupport_cpp/fsd_common_msgs/msg/cone_detections__type_support.cpp.o\x1b[0m\n'}
[168.383808] (-) TimerEvent: {}
[168.485055] (-) TimerEvent: {}
[168.586168] (-) TimerEvent: {}
[168.687651] (-) TimerEvent: {}
[168.788441] (-) TimerEvent: {}
[168.888909] (-) TimerEvent: {}
[168.989359] (-) TimerEvent: {}
[169.070946] (fsd_common_msgs) StdoutLine: {'line': b'[ 77%] \x1b[32mBuilding CXX object CMakeFiles/fsd_common_msgs__rosidl_typesupport_cpp.dir/rosidl_typesupport_cpp/fsd_common_msgs/msg/cone_detections_dbscan__type_support.cpp.o\x1b[0m\n'}
[169.089514] (-) TimerEvent: {}
[169.189928] (-) TimerEvent: {}
[169.290335] (-) TimerEvent: {}
[169.390784] (-) TimerEvent: {}
[169.491240] (-) TimerEvent: {}
[169.591709] (-) TimerEvent: {}
[169.692210] (-) TimerEvent: {}
[169.792826] (-) TimerEvent: {}
[169.821827] (fsd_common_msgs) StdoutLine: {'line': b'[ 77%] \x1b[32mBuilding CXX object CMakeFiles/fsd_common_msgs__rosidl_typesupport_cpp.dir/rosidl_typesupport_cpp/fsd_common_msgs/msg/control_command__type_support.cpp.o\x1b[0m\n'}
[169.893536] (-) TimerEvent: {}
[169.994838] (-) TimerEvent: {}
[170.097193] (-) TimerEvent: {}
[170.197676] (-) TimerEvent: {}
[170.298132] (-) TimerEvent: {}
[170.398730] (-) TimerEvent: {}
[170.500786] (-) TimerEvent: {}
[170.569987] (fsd_common_msgs) StdoutLine: {'line': b'[ 78%] \x1b[32mBuilding CXX object CMakeFiles/fsd_common_msgs__rosidl_typesupport_cpp.dir/rosidl_typesupport_cpp/fsd_common_msgs/msg/decision_flag__type_support.cpp.o\x1b[0m\n'}
[170.601896] (-) TimerEvent: {}
[170.703953] (-) TimerEvent: {}
[170.806718] (-) TimerEvent: {}
[170.907157] (-) TimerEvent: {}
[171.007656] (-) TimerEvent: {}
[171.108134] (-) TimerEvent: {}
[171.208555] (-) TimerEvent: {}
[171.309757] (-) TimerEvent: {}
[171.322056] (fsd_common_msgs) StdoutLine: {'line': b'[ 78%] \x1b[32mBuilding CXX object CMakeFiles/fsd_common_msgs__rosidl_typesupport_cpp.dir/rosidl_typesupport_cpp/fsd_common_msgs/msg/driving_dynamics__type_support.cpp.o\x1b[0m\n'}
[171.409865] (-) TimerEvent: {}
[171.510299] (-) TimerEvent: {}
[171.611851] (-) TimerEvent: {}
[171.712856] (-) TimerEvent: {}
[171.814775] (-) TimerEvent: {}
[171.917090] (-) TimerEvent: {}
[172.018571] (-) TimerEvent: {}
[172.120858] (-) TimerEvent: {}
[172.221443] (-) TimerEvent: {}
[172.239338] (fsd_common_msgs) StdoutLine: {'line': b'[ 79%] \x1b[32mBuilding CXX object CMakeFiles/fsd_common_msgs__rosidl_typesupport_cpp.dir/rosidl_typesupport_cpp/fsd_common_msgs/msg/echiev_message__type_support.cpp.o\x1b[0m\n'}
[172.321596] (-) TimerEvent: {}
[172.422197] (-) TimerEvent: {}
[172.522630] (-) TimerEvent: {}
[172.623083] (-) TimerEvent: {}
[172.723801] (-) TimerEvent: {}
[172.824270] (-) TimerEvent: {}
[172.924707] (-) TimerEvent: {}
[172.969888] (fsd_common_msgs) StdoutLine: {'line': b'[ 79%] \x1b[32mBuilding CXX object CMakeFiles/fsd_common_msgs__rosidl_typesupport_cpp.dir/rosidl_typesupport_cpp/fsd_common_msgs/msg/feedback__type_support.cpp.o\x1b[0m\n'}
[173.025793] (-) TimerEvent: {}
[173.126841] (-) TimerEvent: {}
[173.227604] (-) TimerEvent: {}
[173.329435] (-) TimerEvent: {}
[173.429842] (-) TimerEvent: {}
[173.531893] (-) TimerEvent: {}
[173.632527] (-) TimerEvent: {}
[173.733114] (-) TimerEvent: {}
[173.833589] (-) TimerEvent: {}
[173.859771] (fsd_common_msgs) StdoutLine: {'line': b'[ 79%] \x1b[32mBuilding CXX object CMakeFiles/fsd_common_msgs__rosidl_typesupport_cpp.dir/rosidl_typesupport_cpp/fsd_common_msgs/msg/ins_delta__type_support.cpp.o\x1b[0m\n'}
[173.935088] (-) TimerEvent: {}
[174.036049] (-) TimerEvent: {}
[174.138110] (-) TimerEvent: {}
[174.239146] (-) TimerEvent: {}
[174.339579] (-) TimerEvent: {}
[174.440112] (-) TimerEvent: {}
[174.540785] (-) TimerEvent: {}
[174.641211] (-) TimerEvent: {}
[174.663135] (fsd_common_msgs) StdoutLine: {'line': b'[ 80%] \x1b[32mBuilding CXX object CMakeFiles/fsd_common_msgs__rosidl_typesupport_cpp.dir/rosidl_typesupport_cpp/fsd_common_msgs/msg/map__type_support.cpp.o\x1b[0m\n'}
[174.741344] (-) TimerEvent: {}
[174.841889] (-) TimerEvent: {}
[174.943801] (-) TimerEvent: {}
[175.046219] (-) TimerEvent: {}
[175.147837] (-) TimerEvent: {}
[175.248281] (-) TimerEvent: {}
[175.348980] (-) TimerEvent: {}
[175.449848] (-) TimerEvent: {}
[175.531074] (fsd_common_msgs) StdoutLine: {'line': b'[ 80%] \x1b[32mBuilding CXX object CMakeFiles/fsd_common_msgs__rosidl_typesupport_cpp.dir/rosidl_typesupport_cpp/fsd_common_msgs/msg/mission__type_support.cpp.o\x1b[0m\n'}
[175.550023] (-) TimerEvent: {}
[175.650620] (-) TimerEvent: {}
[175.751060] (-) TimerEvent: {}
[175.852647] (-) TimerEvent: {}
[175.954016] (-) TimerEvent: {}
[176.056110] (-) TimerEvent: {}
[176.157486] (-) TimerEvent: {}
[176.259187] (-) TimerEvent: {}
[176.309771] (fsd_common_msgs) StdoutLine: {'line': b'[ 81%] \x1b[32mBuilding CXX object CMakeFiles/fsd_common_msgs__rosidl_typesupport_cpp.dir/rosidl_typesupport_cpp/fsd_common_msgs/msg/remote_control_command__type_support.cpp.o\x1b[0m\n'}
[176.359839] (-) TimerEvent: {}
[176.463218] (-) TimerEvent: {}
[176.563697] (-) TimerEvent: {}
[176.665850] (-) TimerEvent: {}
[176.766832] (-) TimerEvent: {}
[176.869833] (-) TimerEvent: {}
[176.970526] (-) TimerEvent: {}
[177.072402] (-) TimerEvent: {}
[177.081939] (fsd_common_msgs) StdoutLine: {'line': b'[ 81%] \x1b[32mBuilding CXX object CMakeFiles/fsd_common_msgs__rosidl_typesupport_cpp.dir/rosidl_typesupport_cpp/fsd_common_msgs/msg/res_and_ami__type_support.cpp.o\x1b[0m\n'}
[177.173070] (-) TimerEvent: {}
[177.276990] (-) TimerEvent: {}
[177.378122] (-) TimerEvent: {}
[177.480097] (-) TimerEvent: {}
[177.582175] (-) TimerEvent: {}
[177.683879] (-) TimerEvent: {}
[177.785396] (-) TimerEvent: {}
[177.886640] (-) TimerEvent: {}
[177.914111] (fsd_common_msgs) StdoutLine: {'line': b'[ 81%] \x1b[32mBuilding CXX object CMakeFiles/fsd_common_msgs__rosidl_typesupport_cpp.dir/rosidl_typesupport_cpp/fsd_common_msgs/msg/skidpad_global_center_line__type_support.cpp.o\x1b[0m\n'}
[177.986804] (-) TimerEvent: {}
[178.088123] (-) TimerEvent: {}
[178.190041] (-) TimerEvent: {}
[178.290710] (-) TimerEvent: {}
[178.393111] (-) TimerEvent: {}
[178.495570] (-) TimerEvent: {}
[178.597359] (-) TimerEvent: {}
[178.697926] (-) TimerEvent: {}
[178.736239] (fsd_common_msgs) StdoutLine: {'line': b'[ 82%] \x1b[32mBuilding CXX object CMakeFiles/fsd_common_msgs__rosidl_typesupport_cpp.dir/rosidl_typesupport_cpp/fsd_common_msgs/msg/time__type_support.cpp.o\x1b[0m\n'}
[178.799040] (-) TimerEvent: {}
[178.899679] (-) TimerEvent: {}
[179.000314] (-) TimerEvent: {}
[179.100978] (-) TimerEvent: {}
[179.201908] (-) TimerEvent: {}
[179.302462] (-) TimerEvent: {}
[179.403081] (-) TimerEvent: {}
[179.504392] (-) TimerEvent: {}
[179.513276] (fsd_common_msgs) StdoutLine: {'line': b'[ 82%] \x1b[32mBuilding CXX object CMakeFiles/fsd_common_msgs__rosidl_typesupport_cpp.dir/rosidl_typesupport_cpp/fsd_common_msgs/msg/track__type_support.cpp.o\x1b[0m\n'}
[179.604829] (-) TimerEvent: {}
[179.708174] (-) TimerEvent: {}
[179.809727] (-) TimerEvent: {}
[179.912901] (-) TimerEvent: {}
[180.014521] (-) TimerEvent: {}
[180.115294] (-) TimerEvent: {}
[180.215979] (-) TimerEvent: {}
[180.300878] (fsd_common_msgs) StdoutLine: {'line': b'[ 83%] \x1b[32mBuilding CXX object CMakeFiles/fsd_common_msgs__rosidl_typesupport_cpp.dir/rosidl_typesupport_cpp/fsd_common_msgs/msg/trajectory_point__type_support.cpp.o\x1b[0m\n'}
[180.316117] (-) TimerEvent: {}
[180.416810] (-) TimerEvent: {}
[180.518333] (-) TimerEvent: {}
[180.619405] (-) TimerEvent: {}
[180.720416] (-) TimerEvent: {}
[180.825861] (-) TimerEvent: {}
[180.926364] (-) TimerEvent: {}
[181.026904] (-) TimerEvent: {}
[181.122171] (fsd_common_msgs) StdoutLine: {'line': b'[ 83%] \x1b[32mBuilding CXX object CMakeFiles/fsd_common_msgs__rosidl_typesupport_cpp.dir/rosidl_typesupport_cpp/fsd_common_msgs/msg/visualization__type_support.cpp.o\x1b[0m\n'}
[181.128064] (-) TimerEvent: {}
[181.229322] (-) TimerEvent: {}
[181.330020] (-) TimerEvent: {}
[181.430651] (-) TimerEvent: {}
[181.531258] (-) TimerEvent: {}
[181.633121] (-) TimerEvent: {}
[181.734547] (-) TimerEvent: {}
[181.837090] (-) TimerEvent: {}
[181.938368] (-) TimerEvent: {}
[181.971059] (fsd_common_msgs) StdoutLine: {'line': b'[ 83%] \x1b[32mBuilding CXX object CMakeFiles/fsd_common_msgs__rosidl_typesupport_cpp.dir/rosidl_typesupport_cpp/fsd_common_msgs/msg/yolo_cone__type_support.cpp.o\x1b[0m\n'}
[182.038514] (-) TimerEvent: {}
[182.140724] (-) TimerEvent: {}
[182.242047] (-) TimerEvent: {}
[182.342490] (-) TimerEvent: {}
[182.443105] (-) TimerEvent: {}
[182.544373] (-) TimerEvent: {}
[182.645261] (-) TimerEvent: {}
[182.710657] (fsd_common_msgs) StdoutLine: {'line': b'[ 84%] \x1b[32mBuilding CXX object CMakeFiles/fsd_common_msgs__rosidl_typesupport_cpp.dir/rosidl_typesupport_cpp/fsd_common_msgs/msg/yolo_cone_detections__type_support.cpp.o\x1b[0m\n'}
[182.745399] (-) TimerEvent: {}
[182.846014] (-) TimerEvent: {}
[182.946717] (-) TimerEvent: {}
[183.048121] (-) TimerEvent: {}
[183.149850] (-) TimerEvent: {}
[183.250382] (-) TimerEvent: {}
[183.350859] (-) TimerEvent: {}
[183.452120] (-) TimerEvent: {}
[183.553005] (-) TimerEvent: {}
[183.573786] (fsd_common_msgs) StdoutLine: {'line': b'[ 84%] \x1b[32mBuilding CXX object CMakeFiles/fsd_common_msgs__rosidl_typesupport_cpp.dir/rosidl_typesupport_cpp/fsd_common_msgs/msg/yolo_cone_detections_track__type_support.cpp.o\x1b[0m\n'}
[183.653898] (-) TimerEvent: {}
[183.755148] (-) TimerEvent: {}
[183.857273] (-) TimerEvent: {}
[183.958736] (-) TimerEvent: {}
[184.060025] (-) TimerEvent: {}
[184.162013] (-) TimerEvent: {}
[184.262579] (-) TimerEvent: {}
[184.363215] (-) TimerEvent: {}
[184.463661] (-) TimerEvent: {}
[184.523797] (fsd_common_msgs) StdoutLine: {'line': b'[ 85%] \x1b[32mBuilding CXX object CMakeFiles/fsd_common_msgs__rosidl_typesupport_cpp.dir/rosidl_typesupport_cpp/fsd_common_msgs/msg/yolo_cone_track__type_support.cpp.o\x1b[0m\n'}
[184.563840] (-) TimerEvent: {}
[184.666353] (-) TimerEvent: {}
[184.772676] (-) TimerEvent: {}
[184.873313] (-) TimerEvent: {}
[184.976579] (-) TimerEvent: {}
[185.077203] (-) TimerEvent: {}
[185.182070] (-) TimerEvent: {}
[185.282522] (-) TimerEvent: {}
[185.384482] (-) TimerEvent: {}
[185.488719] (-) TimerEvent: {}
[185.546640] (fsd_common_msgs) StdoutLine: {'line': b'[ 85%] \x1b[32m\x1b[1mLinking CXX shared library libfsd_common_msgs__rosidl_typesupport_cpp.so\x1b[0m\n'}
[185.589180] (-) TimerEvent: {}
[185.689871] (-) TimerEvent: {}
[185.703864] (fsd_common_msgs) StdoutLine: {'line': b'[ 85%] Built target fsd_common_msgs__rosidl_typesupport_cpp\n'}
[185.789995] (-) TimerEvent: {}
[185.890582] (-) TimerEvent: {}
[185.991055] (-) TimerEvent: {}
[186.092762] (-) TimerEvent: {}
[186.193569] (-) TimerEvent: {}
[186.294858] (-) TimerEvent: {}
[186.397709] (-) TimerEvent: {}
[186.498945] (-) TimerEvent: {}
[186.572865] (fsd_common_msgs) StdoutLine: {'line': b'running egg_info\n'}
[186.580544] (fsd_common_msgs) StdoutLine: {'line': b'creating fsd_common_msgs.egg-info\n'}
[186.581952] (fsd_common_msgs) StdoutLine: {'line': b'writing fsd_common_msgs.egg-info/PKG-INFO\n'}
[186.584364] (fsd_common_msgs) StdoutLine: {'line': b'writing dependency_links to fsd_common_msgs.egg-info/dependency_links.txt\n'}
[186.584615] (fsd_common_msgs) StdoutLine: {'line': b'writing top-level names to fsd_common_msgs.egg-info/top_level.txt\n'}
[186.586445] (fsd_common_msgs) StdoutLine: {'line': b"writing manifest file 'fsd_common_msgs.egg-info/SOURCES.txt'\n"}
[186.600859] (-) TimerEvent: {}
[186.613097] (fsd_common_msgs) StdoutLine: {'line': b"reading manifest file 'fsd_common_msgs.egg-info/SOURCES.txt'\n"}
[186.619888] (fsd_common_msgs) StdoutLine: {'line': b"writing manifest file 'fsd_common_msgs.egg-info/SOURCES.txt'\n"}
[186.701003] (-) TimerEvent: {}
[186.762703] (fsd_common_msgs) StdoutLine: {'line': b'[ 85%] Built target ament_cmake_python_build_fsd_common_msgs_egg\n'}
[186.802094] (-) TimerEvent: {}
[186.840007] (fsd_common_msgs) StdoutLine: {'line': b'[ 85%] Built target fsd_common_msgs\n'}
[186.902719] (-) TimerEvent: {}
[186.913497] (fsd_common_msgs) StdoutLine: {'line': b'[ 85%] \x1b[34m\x1b[1mGenerating Python code for ROS interfaces\x1b[0m\n'}
[187.002841] (-) TimerEvent: {}
[187.103363] (-) TimerEvent: {}
[187.205606] (-) TimerEvent: {}
[187.306312] (-) TimerEvent: {}
[187.408901] (-) TimerEvent: {}
[187.509455] (-) TimerEvent: {}
[187.609968] (-) TimerEvent: {}
[187.710420] (-) TimerEvent: {}
[187.810820] (-) TimerEvent: {}
[187.912109] (-) TimerEvent: {}
[188.013929] (-) TimerEvent: {}
[188.114364] (-) TimerEvent: {}
[188.214784] (-) TimerEvent: {}
[188.315335] (-) TimerEvent: {}
[188.416294] (-) TimerEvent: {}
[188.518065] (-) TimerEvent: {}
[188.619640] (-) TimerEvent: {}
[188.722341] (-) TimerEvent: {}
[188.823929] (-) TimerEvent: {}
[188.925150] (-) TimerEvent: {}
[189.026960] (-) TimerEvent: {}
[189.129044] (-) TimerEvent: {}
[189.230999] (-) TimerEvent: {}
[189.332839] (-) TimerEvent: {}
[189.433838] (-) TimerEvent: {}
[189.536027] (-) TimerEvent: {}
[189.636835] (-) TimerEvent: {}
[189.738617] (-) TimerEvent: {}
[189.841520] (-) TimerEvent: {}
[189.942921] (-) TimerEvent: {}
[190.044518] (-) TimerEvent: {}
[190.147027] (-) TimerEvent: {}
[190.247448] (-) TimerEvent: {}
[190.349241] (-) TimerEvent: {}
[190.450891] (-) TimerEvent: {}
[190.552841] (-) TimerEvent: {}
[190.654402] (-) TimerEvent: {}
[190.756432] (-) TimerEvent: {}
[190.857885] (-) TimerEvent: {}
[190.959116] (-) TimerEvent: {}
[191.060615] (-) TimerEvent: {}
[191.162688] (-) TimerEvent: {}
[191.264257] (-) TimerEvent: {}
[191.365842] (-) TimerEvent: {}
[191.466965] (-) TimerEvent: {}
[191.570329] (-) TimerEvent: {}
[191.671687] (-) TimerEvent: {}
[191.773069] (-) TimerEvent: {}
[191.874586] (-) TimerEvent: {}
[191.977001] (-) TimerEvent: {}
[192.078575] (-) TimerEvent: {}
[192.180838] (-) TimerEvent: {}
[192.282849] (-) TimerEvent: {}
[192.383434] (-) TimerEvent: {}
[192.485831] (-) TimerEvent: {}
[192.586714] (-) TimerEvent: {}
[192.690012] (-) TimerEvent: {}
[192.790835] (-) TimerEvent: {}
[192.893028] (-) TimerEvent: {}
[192.993956] (-) TimerEvent: {}
[193.096016] (-) TimerEvent: {}
[193.199482] (-) TimerEvent: {}
[193.299978] (-) TimerEvent: {}
[193.401599] (-) TimerEvent: {}
[193.502053] (-) TimerEvent: {}
[193.603827] (-) TimerEvent: {}
[193.704375] (-) TimerEvent: {}
[193.807377] (-) TimerEvent: {}
[193.908899] (-) TimerEvent: {}
[194.010120] (-) TimerEvent: {}
[194.111062] (-) TimerEvent: {}
[194.212850] (-) TimerEvent: {}
[194.313723] (-) TimerEvent: {}
[194.415968] (-) TimerEvent: {}
[194.517096] (-) TimerEvent: {}
[194.618852] (-) TimerEvent: {}
[194.720152] (-) TimerEvent: {}
[194.822826] (-) TimerEvent: {}
[194.923292] (-) TimerEvent: {}
[195.025848] (-) TimerEvent: {}
[195.126475] (-) TimerEvent: {}
[195.228466] (-) TimerEvent: {}
[195.329413] (-) TimerEvent: {}
[195.430864] (-) TimerEvent: {}
[195.533070] (-) TimerEvent: {}
[195.634557] (-) TimerEvent: {}
[195.735271] (-) TimerEvent: {}
[195.836504] (-) TimerEvent: {}
[195.937321] (-) TimerEvent: {}
[196.038481] (-) TimerEvent: {}
[196.140537] (-) TimerEvent: {}
[196.242052] (-) TimerEvent: {}
[196.342475] (-) TimerEvent: {}
[196.444146] (-) TimerEvent: {}
[196.545848] (-) TimerEvent: {}
[196.646272] (-) TimerEvent: {}
[196.748991] (-) TimerEvent: {}
[196.850381] (-) TimerEvent: {}
[196.952853] (-) TimerEvent: {}
[197.053290] (-) TimerEvent: {}
[197.154001] (-) TimerEvent: {}
[197.255184] (-) TimerEvent: {}
[197.359446] (-) TimerEvent: {}
[197.459843] (-) TimerEvent: {}
[197.560271] (-) TimerEvent: {}
[197.662013] (-) TimerEvent: {}
[197.763536] (-) TimerEvent: {}
[197.864841] (-) TimerEvent: {}
[197.965299] (-) TimerEvent: {}
[198.067118] (-) TimerEvent: {}
[198.168007] (-) TimerEvent: {}
[198.269993] (-) TimerEvent: {}
[198.370454] (-) TimerEvent: {}
[198.471413] (-) TimerEvent: {}
[198.573116] (-) TimerEvent: {}
[198.675698] (-) TimerEvent: {}
[198.777723] (-) TimerEvent: {}
[198.878900] (-) TimerEvent: {}
[198.980879] (-) TimerEvent: {}
[199.081310] (-) TimerEvent: {}
[199.182560] (-) TimerEvent: {}
[199.283162] (-) TimerEvent: {}
[199.384289] (-) TimerEvent: {}
[199.485671] (-) TimerEvent: {}
[199.586873] (-) TimerEvent: {}
[199.689022] (-) TimerEvent: {}
[199.792853] (-) TimerEvent: {}
[199.893313] (-) TimerEvent: {}
[199.994087] (-) TimerEvent: {}
[200.097063] (-) TimerEvent: {}
[200.198022] (-) TimerEvent: {}
[200.302848] (-) TimerEvent: {}
[200.404059] (-) TimerEvent: {}
[200.507861] (-) TimerEvent: {}
[200.608682] (-) TimerEvent: {}
[200.710087] (-) TimerEvent: {}
[200.813067] (-) TimerEvent: {}
[200.913955] (-) TimerEvent: {}
[201.014557] (-) TimerEvent: {}
[201.115212] (-) TimerEvent: {}
[201.216046] (-) TimerEvent: {}
[201.317557] (-) TimerEvent: {}
[201.418244] (-) TimerEvent: {}
[201.518854] (-) TimerEvent: {}
[201.620161] (-) TimerEvent: {}
[201.721923] (-) TimerEvent: {}
[201.822928] (-) TimerEvent: {}
[201.923838] (-) TimerEvent: {}
[202.025053] (-) TimerEvent: {}
[202.126059] (-) TimerEvent: {}
[202.226464] (-) TimerEvent: {}
[202.327895] (-) TimerEvent: {}
[202.428572] (-) TimerEvent: {}
[202.530629] (-) TimerEvent: {}
[202.631827] (-) TimerEvent: {}
[202.733839] (-) TimerEvent: {}
[202.835991] (-) TimerEvent: {}
[202.936869] (-) TimerEvent: {}
[203.038167] (-) TimerEvent: {}
[203.139706] (-) TimerEvent: {}
[203.241432] (-) TimerEvent: {}
[203.342460] (-) TimerEvent: {}
[203.443939] (-) TimerEvent: {}
[203.545244] (-) TimerEvent: {}
[203.646833] (-) TimerEvent: {}
[203.747270] (-) TimerEvent: {}
[203.848847] (-) TimerEvent: {}
[203.950470] (-) TimerEvent: {}
[204.053150] (-) TimerEvent: {}
[204.154204] (-) TimerEvent: {}
[204.256479] (-) TimerEvent: {}
[204.358180] (-) TimerEvent: {}
[204.458641] (-) TimerEvent: {}
[204.562787] (-) TimerEvent: {}
[204.664428] (-) TimerEvent: {}
[204.765943] (-) TimerEvent: {}
[204.866582] (-) TimerEvent: {}
[204.967994] (-) TimerEvent: {}
[205.071599] (-) TimerEvent: {}
[205.139464] (fsd_common_msgs) StdoutLine: {'line': b'[ 85%] Built target fsd_common_msgs__py\n'}
[205.171718] (-) TimerEvent: {}
[205.211132] (fsd_common_msgs) StdoutLine: {'line': b'[ 86%] \x1b[32mBuilding C object CMakeFiles/fsd_common_msgs__rosidl_generator_py.dir/rosidl_generator_py/fsd_common_msgs/msg/_as_state_s.c.o\x1b[0m\n'}
[205.272355] (-) TimerEvent: {}
[205.373602] (-) TimerEvent: {}
[205.474056] (-) TimerEvent: {}
[205.574465] (-) TimerEvent: {}
[205.677811] (-) TimerEvent: {}
[205.778580] (-) TimerEvent: {}
[205.782024] (fsd_common_msgs) StdoutLine: {'line': b'[ 86%] \x1b[32mBuilding C object CMakeFiles/fsd_common_msgs__rosidl_generator_py.dir/rosidl_generator_py/fsd_common_msgs/msg/_asensing_message_s.c.o\x1b[0m\n'}
[205.879611] (-) TimerEvent: {}
[205.980209] (-) TimerEvent: {}
[206.083020] (-) TimerEvent: {}
[206.184519] (-) TimerEvent: {}
[206.260733] (fsd_common_msgs) StdoutLine: {'line': b'[ 87%] \x1b[32mBuilding C object CMakeFiles/fsd_common_msgs__rosidl_generator_py.dir/rosidl_generator_py/fsd_common_msgs/msg/_can_frames_s.c.o\x1b[0m\n'}
[206.286384] (-) TimerEvent: {}
[206.388834] (-) TimerEvent: {}
[206.492256] (-) TimerEvent: {}
[206.592983] (-) TimerEvent: {}
[206.696015] (-) TimerEvent: {}
[206.746410] (fsd_common_msgs) StdoutLine: {'line': b'[ 87%] \x1b[32mBuilding C object CMakeFiles/fsd_common_msgs__rosidl_generator_py.dir/rosidl_generator_py/fsd_common_msgs/msg/_car_state_s.c.o\x1b[0m\n'}
[206.796176] (-) TimerEvent: {}
[206.898227] (-) TimerEvent: {}
[206.999011] (-) TimerEvent: {}
[207.102807] (-) TimerEvent: {}
[207.163915] (fsd_common_msgs) StdoutLine: {'line': b'[ 87%] \x1b[32mBuilding C object CMakeFiles/fsd_common_msgs__rosidl_generator_py.dir/rosidl_generator_py/fsd_common_msgs/msg/_car_state_dt_s.c.o\x1b[0m\n'}
[207.201104] (-) TimerEvent: {}
[207.303360] (-) TimerEvent: {}
[207.403995] (-) TimerEvent: {}
[207.504970] (-) TimerEvent: {}
[207.508386] (fsd_common_msgs) StdoutLine: {'line': b'[ 88%] \x1b[32mBuilding C object CMakeFiles/fsd_common_msgs__rosidl_generator_py.dir/rosidl_generator_py/fsd_common_msgs/msg/_cone_s.c.o\x1b[0m\n'}
[207.605911] (-) TimerEvent: {}
[207.706629] (-) TimerEvent: {}
[207.808891] (-) TimerEvent: {}
[207.911853] (-) TimerEvent: {}
[207.935649] (fsd_common_msgs) StdoutLine: {'line': b'[ 88%] \x1b[32mBuilding C object CMakeFiles/fsd_common_msgs__rosidl_generator_py.dir/rosidl_generator_py/fsd_common_msgs/msg/_cone_dbscan_s.c.o\x1b[0m\n'}
[208.012525] (-) TimerEvent: {}
[208.114658] (-) TimerEvent: {}
[208.215938] (-) TimerEvent: {}
[208.308925] (fsd_common_msgs) StdoutLine: {'line': b'[ 89%] \x1b[32mBuilding C object CMakeFiles/fsd_common_msgs__rosidl_generator_py.dir/rosidl_generator_py/fsd_common_msgs/msg/_cone_detections_s.c.o\x1b[0m\n'}
[208.316162] (-) TimerEvent: {}
[208.418232] (-) TimerEvent: {}
[208.518840] (-) TimerEvent: {}
[208.620433] (-) TimerEvent: {}
[208.650930] (fsd_common_msgs) StdoutLine: {'line': b'[ 89%] \x1b[32mBuilding C object CMakeFiles/fsd_common_msgs__rosidl_generator_py.dir/rosidl_generator_py/fsd_common_msgs/msg/_cone_detections_dbscan_s.c.o\x1b[0m\n'}
[208.720563] (-) TimerEvent: {}
[208.821988] (-) TimerEvent: {}
[208.923847] (-) TimerEvent: {}
[209.025181] (-) TimerEvent: {}
[209.037045] (fsd_common_msgs) StdoutLine: {'line': b'[ 89%] \x1b[32mBuilding C object CMakeFiles/fsd_common_msgs__rosidl_generator_py.dir/rosidl_generator_py/fsd_common_msgs/msg/_control_command_s.c.o\x1b[0m\n'}
[209.126423] (-) TimerEvent: {}
[209.227309] (-) TimerEvent: {}
[209.328460] (-) TimerEvent: {}
[209.418851] (fsd_common_msgs) StdoutLine: {'line': b'[ 90%] \x1b[32mBuilding C object CMakeFiles/fsd_common_msgs__rosidl_generator_py.dir/rosidl_generator_py/fsd_common_msgs/msg/_decision_flag_s.c.o\x1b[0m\n'}
[209.428596] (-) TimerEvent: {}
[209.531080] (-) TimerEvent: {}
[209.632309] (-) TimerEvent: {}
[209.735208] (-) TimerEvent: {}
[209.793960] (fsd_common_msgs) StdoutLine: {'line': b'[ 90%] \x1b[32mBuilding C object CMakeFiles/fsd_common_msgs__rosidl_generator_py.dir/rosidl_generator_py/fsd_common_msgs/msg/_driving_dynamics_s.c.o\x1b[0m\n'}
[209.837388] (-) TimerEvent: {}
[209.938240] (-) TimerEvent: {}
[210.042178] (-) TimerEvent: {}
[210.142800] (-) TimerEvent: {}
[210.227315] (fsd_common_msgs) StdoutLine: {'line': b'[ 91%] \x1b[32mBuilding C object CMakeFiles/fsd_common_msgs__rosidl_generator_py.dir/rosidl_generator_py/fsd_common_msgs/msg/_echiev_message_s.c.o\x1b[0m\n'}
[210.243853] (-) TimerEvent: {}
[210.344262] (-) TimerEvent: {}
[210.445846] (-) TimerEvent: {}
[210.548073] (-) TimerEvent: {}
[210.609142] (fsd_common_msgs) StdoutLine: {'line': b'[ 91%] \x1b[32mBuilding C object CMakeFiles/fsd_common_msgs__rosidl_generator_py.dir/rosidl_generator_py/fsd_common_msgs/msg/_feedback_s.c.o\x1b[0m\n'}
[210.648848] (-) TimerEvent: {}
[210.749435] (-) TimerEvent: {}
[210.851850] (-) TimerEvent: {}
[210.952904] (-) TimerEvent: {}
[210.964984] (fsd_common_msgs) StdoutLine: {'line': b'[ 91%] \x1b[32mBuilding C object CMakeFiles/fsd_common_msgs__rosidl_generator_py.dir/rosidl_generator_py/fsd_common_msgs/msg/_ins_delta_s.c.o\x1b[0m\n'}
[211.054035] (-) TimerEvent: {}
[211.155716] (-) TimerEvent: {}
[211.256388] (-) TimerEvent: {}
[211.289050] (fsd_common_msgs) StdoutLine: {'line': b'[ 92%] \x1b[32mBuilding C object CMakeFiles/fsd_common_msgs__rosidl_generator_py.dir/rosidl_generator_py/fsd_common_msgs/msg/_map_s.c.o\x1b[0m\n'}
[211.357503] (-) TimerEvent: {}
[211.458370] (-) TimerEvent: {}
[211.559870] (-) TimerEvent: {}
[211.661855] (-) TimerEvent: {}
[211.740622] (fsd_common_msgs) StdoutLine: {'line': b'[ 92%] \x1b[32mBuilding C object CMakeFiles/fsd_common_msgs__rosidl_generator_py.dir/rosidl_generator_py/fsd_common_msgs/msg/_mission_s.c.o\x1b[0m\n'}
[211.762402] (-) TimerEvent: {}
[211.865044] (-) TimerEvent: {}
[211.966127] (-) TimerEvent: {}
[212.068941] (-) TimerEvent: {}
[212.132894] (fsd_common_msgs) StdoutLine: {'line': b'[ 93%] \x1b[32mBuilding C object CMakeFiles/fsd_common_msgs__rosidl_generator_py.dir/rosidl_generator_py/fsd_common_msgs/msg/_remote_control_command_s.c.o\x1b[0m\n'}
[212.169081] (-) TimerEvent: {}
[212.270214] (-) TimerEvent: {}
[212.372790] (-) TimerEvent: {}
[212.452191] (fsd_common_msgs) StdoutLine: {'line': b'[ 93%] \x1b[32mBuilding C object CMakeFiles/fsd_common_msgs__rosidl_generator_py.dir/rosidl_generator_py/fsd_common_msgs/msg/_res_and_ami_s.c.o\x1b[0m\n'}
[212.472910] (-) TimerEvent: {}
[212.575838] (-) TimerEvent: {}
[212.676263] (-) TimerEvent: {}
[212.774949] (fsd_common_msgs) StdoutLine: {'line': b'[ 93%] \x1b[32mBuilding C object CMakeFiles/fsd_common_msgs__rosidl_generator_py.dir/rosidl_generator_py/fsd_common_msgs/msg/_skidpad_global_center_line_s.c.o\x1b[0m\n'}
[212.776541] (-) TimerEvent: {}
[212.878480] (-) TimerEvent: {}
[212.981842] (-) TimerEvent: {}
[213.082838] (-) TimerEvent: {}
[213.183608] (-) TimerEvent: {}
[213.189822] (fsd_common_msgs) StdoutLine: {'line': b'[ 94%] \x1b[32mBuilding C object CMakeFiles/fsd_common_msgs__rosidl_generator_py.dir/rosidl_generator_py/fsd_common_msgs/msg/_time_s.c.o\x1b[0m\n'}
[213.283758] (-) TimerEvent: {}
[213.385396] (-) TimerEvent: {}
[213.486014] (-) TimerEvent: {}
[213.558303] (fsd_common_msgs) StdoutLine: {'line': b'[ 94%] \x1b[32mBuilding C object CMakeFiles/fsd_common_msgs__rosidl_generator_py.dir/rosidl_generator_py/fsd_common_msgs/msg/_track_s.c.o\x1b[0m\n'}
[213.590140] (-) TimerEvent: {}
[213.691481] (-) TimerEvent: {}
[213.792317] (-) TimerEvent: {}
[213.894762] (-) TimerEvent: {}
[213.995647] (-) TimerEvent: {}
[214.093995] (fsd_common_msgs) StdoutLine: {'line': b'[ 95%] \x1b[32mBuilding C object CMakeFiles/fsd_common_msgs__rosidl_generator_py.dir/rosidl_generator_py/fsd_common_msgs/msg/_trajectory_point_s.c.o\x1b[0m\n'}
[214.097391] (-) TimerEvent: {}
[214.199411] (-) TimerEvent: {}
[214.302087] (-) TimerEvent: {}
[214.404019] (-) TimerEvent: {}
[214.505275] (-) TimerEvent: {}
[214.581702] (fsd_common_msgs) StdoutLine: {'line': b'[ 95%] \x1b[32mBuilding C object CMakeFiles/fsd_common_msgs__rosidl_generator_py.dir/rosidl_generator_py/fsd_common_msgs/msg/_visualization_s.c.o\x1b[0m\n'}
[214.605366] (-) TimerEvent: {}
[214.706861] (-) TimerEvent: {}
[214.808840] (-) TimerEvent: {}
[214.911080] (-) TimerEvent: {}
[215.013375] (-) TimerEvent: {}
[215.057045] (fsd_common_msgs) StdoutLine: {'line': b'[ 95%] \x1b[32mBuilding C object CMakeFiles/fsd_common_msgs__rosidl_generator_py.dir/rosidl_generator_py/fsd_common_msgs/msg/_yolo_cone_s.c.o\x1b[0m\n'}
[215.117933] (-) TimerEvent: {}
[215.218541] (-) TimerEvent: {}
[215.321733] (-) TimerEvent: {}
[215.422449] (-) TimerEvent: {}
[215.517684] (fsd_common_msgs) StdoutLine: {'line': b'[ 96%] \x1b[32mBuilding C object CMakeFiles/fsd_common_msgs__rosidl_generator_py.dir/rosidl_generator_py/fsd_common_msgs/msg/_yolo_cone_detections_s.c.o\x1b[0m\n'}
[215.522579] (-) TimerEvent: {}
[215.623025] (-) TimerEvent: {}
[215.726190] (-) TimerEvent: {}
[215.824876] (fsd_common_msgs) StdoutLine: {'line': b'[ 96%] \x1b[32mBuilding C object CMakeFiles/fsd_common_msgs__rosidl_generator_py.dir/rosidl_generator_py/fsd_common_msgs/msg/_yolo_cone_detections_track_s.c.o\x1b[0m\n'}
[215.826296] (-) TimerEvent: {}
[215.930074] (-) TimerEvent: {}
[216.030490] (-) TimerEvent: {}
[216.130914] (-) TimerEvent: {}
[216.201735] (fsd_common_msgs) StdoutLine: {'line': b'[ 97%] \x1b[32mBuilding C object CMakeFiles/fsd_common_msgs__rosidl_generator_py.dir/rosidl_generator_py/fsd_common_msgs/msg/_yolo_cone_track_s.c.o\x1b[0m\n'}
[216.231045] (-) TimerEvent: {}
[216.332932] (-) TimerEvent: {}
[216.435698] (-) TimerEvent: {}
[216.536379] (-) TimerEvent: {}
[216.565889] (fsd_common_msgs) StdoutLine: {'line': b'[ 97%] \x1b[32m\x1b[1mLinking C shared library rosidl_generator_py/fsd_common_msgs/libfsd_common_msgs__rosidl_generator_py.so\x1b[0m\n'}
[216.636867] (-) TimerEvent: {}
[216.737460] (-) TimerEvent: {}
[216.837925] (-) TimerEvent: {}
[216.941563] (fsd_common_msgs) StdoutLine: {'line': b'[ 97%] Built target fsd_common_msgs__rosidl_generator_py\n'}
[216.941995] (-) TimerEvent: {}
[217.017986] (fsd_common_msgs) StdoutLine: {'line': b'[ 98%] \x1b[32mBuilding C object CMakeFiles/fsd_common_msgs__rosidl_typesupport_fastrtps_c__pyext.dir/rosidl_generator_py/fsd_common_msgs/_fsd_common_msgs_s.ep.rosidl_typesupport_fastrtps_c.c.o\x1b[0m\n'}
[217.044925] (-) TimerEvent: {}
[217.145485] (-) TimerEvent: {}
[217.246630] (-) TimerEvent: {}
[217.348467] (-) TimerEvent: {}
[217.450276] (-) TimerEvent: {}
[217.554039] (-) TimerEvent: {}
[217.655959] (-) TimerEvent: {}
[217.756396] (-) TimerEvent: {}
[217.807887] (fsd_common_msgs) StdoutLine: {'line': b'[ 98%] \x1b[32m\x1b[1mLinking C shared library rosidl_generator_py/fsd_common_msgs/fsd_common_msgs_s__rosidl_typesupport_fastrtps_c.cpython-310-x86_64-linux-gnu.so\x1b[0m\n'}
[217.857176] (-) TimerEvent: {}
[217.960054] (-) TimerEvent: {}
[218.053030] (fsd_common_msgs) StdoutLine: {'line': b'[ 98%] Built target fsd_common_msgs__rosidl_typesupport_fastrtps_c__pyext\n'}
[218.060713] (-) TimerEvent: {}
[218.152574] (fsd_common_msgs) StdoutLine: {'line': b'[ 99%] \x1b[32mBuilding C object CMakeFiles/fsd_common_msgs__rosidl_typesupport_introspection_c__pyext.dir/rosidl_generator_py/fsd_common_msgs/_fsd_common_msgs_s.ep.rosidl_typesupport_introspection_c.c.o\x1b[0m\n'}
[218.160868] (-) TimerEvent: {}
[218.263058] (-) TimerEvent: {}
[218.364085] (-) TimerEvent: {}
[218.465343] (-) TimerEvent: {}
[218.566677] (-) TimerEvent: {}
[218.669002] (-) TimerEvent: {}
[218.769675] (-) TimerEvent: {}
[218.864053] (fsd_common_msgs) StdoutLine: {'line': b'[ 99%] \x1b[32m\x1b[1mLinking C shared library rosidl_generator_py/fsd_common_msgs/fsd_common_msgs_s__rosidl_typesupport_introspection_c.cpython-310-x86_64-linux-gnu.so\x1b[0m\n'}
[218.870076] (-) TimerEvent: {}
[218.971506] (-) TimerEvent: {}
[219.074356] (-) TimerEvent: {}
[219.114610] (fsd_common_msgs) StdoutLine: {'line': b'[ 99%] Built target fsd_common_msgs__rosidl_typesupport_introspection_c__pyext\n'}
[219.174895] (-) TimerEvent: {}
[219.216228] (fsd_common_msgs) StdoutLine: {'line': b'[100%] \x1b[32mBuilding C object CMakeFiles/fsd_common_msgs__rosidl_typesupport_c__pyext.dir/rosidl_generator_py/fsd_common_msgs/_fsd_common_msgs_s.ep.rosidl_typesupport_c.c.o\x1b[0m\n'}
[219.278387] (-) TimerEvent: {}
[219.379029] (-) TimerEvent: {}
[219.481567] (-) TimerEvent: {}
[219.582161] (-) TimerEvent: {}
[219.683963] (-) TimerEvent: {}
[219.785904] (-) TimerEvent: {}
[219.859236] (fsd_common_msgs) StdoutLine: {'line': b'[100%] \x1b[32m\x1b[1mLinking C shared library rosidl_generator_py/fsd_common_msgs/fsd_common_msgs_s__rosidl_typesupport_c.cpython-310-x86_64-linux-gnu.so\x1b[0m\n'}
[219.887970] (-) TimerEvent: {}
[219.990580] (-) TimerEvent: {}
[220.091182] (-) TimerEvent: {}
[220.108176] (fsd_common_msgs) StdoutLine: {'line': b'[100%] Built target fsd_common_msgs__rosidl_typesupport_c__pyext\n'}
[220.164364] (fsd_common_msgs) CommandEnded: {'returncode': 0}
[220.167526] (fsd_common_msgs) JobProgress: {'identifier': 'fsd_common_msgs', 'progress': 'install'}
[220.192794] (-) TimerEvent: {}
[220.200086] (fsd_common_msgs) Command: {'cmd': ['/usr/bin/cmake', '--install', '/home/jack/ros2_homework_advanced/build/fsd_common_msgs'], 'cwd': '/home/jack/ros2_homework_advanced/build/fsd_common_msgs', 'env': OrderedDict([('LESSOPEN', '| /usr/bin/lesspipe %s'), ('LANGUAGE', 'zh_CN:zh'), ('USER', 'jack'), ('XDG_SESSION_TYPE', 'wayland'), ('SHLVL', '1'), ('LD_LIBRARY_PATH', '/usr/lib/x86_64-linux-gnu/gazebo-11/plugins:/opt/ros/humble/opt/rviz_ogre_vendor/lib:/opt/ros/humble/lib/x86_64-linux-gnu:/opt/ros/humble/lib'), ('HOME', '/home/jack'), ('OLDPWD', '/home/jack/ros2_homework_advanced'), ('DESKTOP_SESSION', 'ubuntu'), ('ROS_PYTHON_VERSION', '3'), ('GNOME_SHELL_SESSION_MODE', 'ubuntu'), ('GTK_MODULES', 'gail:atk-bridge'), ('DBUS_STARTER_BUS_TYPE', 'session'), ('SYSTEMD_EXEC_PID', '85604'), ('DBUS_SESSION_BUS_ADDRESS', 'unix:path=/run/user/1000/bus,guid=4d6229c547727a250530af036a1e291b'), ('COLORTERM', 'truecolor'), ('WAYLAND_DISPLAY', 'wayland-0'), ('ROS_DISTRO', 'humble'), ('GTK_IM_MODULE', 'fcitx'), ('LOGNAME', 'jack'), ('_', '/usr/bin/colcon'), ('ROS_VERSION', '2'), ('XDG_SESSION_CLASS', 'user'), ('USERNAME', 'jack'), ('TERM', 'xterm-256color'), ('GNOME_DESKTOP_SESSION_ID', 'this-is-deprecated'), ('ROS_LOCALHOST_ONLY', '0'), ('PATH', '/opt/ros/humble/bin:/usr/local/sbin:/usr/local/bin:/usr/sbin:/usr/bin:/sbin:/bin:/usr/games:/usr/local/games:/snap/bin:/snap/bin'), ('SESSION_MANAGER', 'local/jack-270E5J-2570EJ:@/tmp/.ICE-unix/85604,unix/jack-270E5J-2570EJ:/tmp/.ICE-unix/85604'), ('XDG_MENU_PREFIX', 'gnome-'), ('GNOME_TERMINAL_SCREEN', '/org/gnome/Terminal/screen/d2b0fd20_1459_4934_b8b5_827c36f59622'), ('GNOME_SETUP_DISPLAY', ':1'), ('XDG_RUNTIME_DIR', '/run/user/1000'), ('DISPLAY', ':0'), ('LANG', 'zh_CN.UTF-8'), ('XDG_CURRENT_DESKTOP', 'ubuntu:GNOME'), ('XMODIFIERS', '@im=fcitx'), ('XDG_SESSION_DESKTOP', 'ubuntu'), ('XAUTHORITY', '/run/user/1000/.mutter-Xwaylandauth.346WP3'), ('LS_COLORS', 'rs=0:di=01;34:ln=01;36:mh=00:pi=40;33:so=01;35:do=01;35:bd=40;33;01:cd=40;33;01:or=40;31;01:mi=00:su=37;41:sg=30;43:ca=30;41:tw=30;42:ow=34;42:st=37;44:ex=01;32:*.tar=01;31:*.tgz=01;31:*.arc=01;31:*.arj=01;31:*.taz=01;31:*.lha=01;31:*.lz4=01;31:*.lzh=01;31:*.lzma=01;31:*.tlz=01;31:*.txz=01;31:*.tzo=01;31:*.t7z=01;31:*.zip=01;31:*.z=01;31:*.dz=01;31:*.gz=01;31:*.lrz=01;31:*.lz=01;31:*.lzo=01;31:*.xz=01;31:*.zst=01;31:*.tzst=01;31:*.bz2=01;31:*.bz=01;31:*.tbz=01;31:*.tbz2=01;31:*.tz=01;31:*.deb=01;31:*.rpm=01;31:*.jar=01;31:*.war=01;31:*.ear=01;31:*.sar=01;31:*.rar=01;31:*.alz=01;31:*.ace=01;31:*.zoo=01;31:*.cpio=01;31:*.7z=01;31:*.rz=01;31:*.cab=01;31:*.wim=01;31:*.swm=01;31:*.dwm=01;31:*.esd=01;31:*.jpg=01;35:*.jpeg=01;35:*.mjpg=01;35:*.mjpeg=01;35:*.gif=01;35:*.bmp=01;35:*.pbm=01;35:*.pgm=01;35:*.ppm=01;35:*.tga=01;35:*.xbm=01;35:*.xpm=01;35:*.tif=01;35:*.tiff=01;35:*.png=01;35:*.svg=01;35:*.svgz=01;35:*.mng=01;35:*.pcx=01;35:*.mov=01;35:*.mpg=01;35:*.mpeg=01;35:*.m2v=01;35:*.mkv=01;35:*.webm=01;35:*.webp=01;35:*.ogm=01;35:*.mp4=01;35:*.m4v=01;35:*.mp4v=01;35:*.vob=01;35:*.qt=01;35:*.nuv=01;35:*.wmv=01;35:*.asf=01;35:*.rm=01;35:*.rmvb=01;35:*.flc=01;35:*.avi=01;35:*.fli=01;35:*.flv=01;35:*.gl=01;35:*.dl=01;35:*.xcf=01;35:*.xwd=01;35:*.yuv=01;35:*.cgm=01;35:*.emf=01;35:*.ogv=01;35:*.ogx=01;35:*.aac=00;36:*.au=00;36:*.flac=00;36:*.m4a=00;36:*.mid=00;36:*.midi=00;36:*.mka=00;36:*.mp3=00;36:*.mpc=00;36:*.ogg=00;36:*.ra=00;36:*.wav=00;36:*.oga=00;36:*.opus=00;36:*.spx=00;36:*.xspf=00;36:'), ('GNOME_TERMINAL_SERVICE', ':1.797'), ('SSH_AGENT_LAUNCHER', 'gnome-keyring'), ('SSH_AUTH_SOCK', '/run/user/1000/keyring/ssh'), ('AMENT_PREFIX_PATH', '/opt/ros/humble'), ('SHELL', '/bin/bash'), ('INSIDE_NAUTILUS_PYTHON', ''), ('QT_ACCESSIBILITY', '1'), ('GDMSESSION', 'ubuntu'), ('LESSCLOSE', '/usr/bin/lesspipe %s %s'), ('QT_IM_MODULE', 'fcitx'), ('PWD', '/home/jack/ros2_homework_advanced/build/fsd_common_msgs'), ('XDG_CONFIG_DIRS', '/etc/xdg/xdg-ubuntu:/etc/xdg'), ('DBUS_STARTER_ADDRESS', 'unix:path=/run/user/1000/bus,guid=4d6229c547727a250530af036a1e291b'), ('XDG_DATA_DIRS', '/usr/share/ubuntu:/home/jack/.local/share/flatpak/exports/share:/var/lib/flatpak/exports/share:/usr/local/share/:/usr/share/:/var/lib/snapd/desktop'), ('PYTHONPATH', '/opt/ros/humble/lib/python3.10/site-packages:/opt/ros/humble/local/lib/python3.10/dist-packages'), ('COLCON', '1'), ('VTE_VERSION', '6800'), ('CMAKE_PREFIX_PATH', '/opt/ros/humble')]), 'shell': False}
[220.247048] (fsd_common_msgs) StdoutLine: {'line': b'-- Install configuration: ""\n'}
[220.247366] (fsd_common_msgs) StdoutLine: {'line': b'-- Installing: /home/jack/ros2_homework_advanced/install/fsd_common_msgs/share/ament_index/resource_index/rosidl_interfaces/fsd_common_msgs\n'}
[220.249621] (fsd_common_msgs) StdoutLine: {'line': b'-- Installing: /home/jack/ros2_homework_advanced/install/fsd_common_msgs/include/fsd_common_msgs/fsd_common_msgs\n'}
[220.251116] (fsd_common_msgs) StdoutLine: {'line': b'-- Installing: /home/jack/ros2_homework_advanced/install/fsd_common_msgs/include/fsd_common_msgs/fsd_common_msgs/msg\n'}
[220.252584] (fsd_common_msgs) StdoutLine: {'line': b'-- Installing: /home/jack/ros2_homework_advanced/install/fsd_common_msgs/include/fsd_common_msgs/fsd_common_msgs/msg/decision_flag.h\n'}
[220.253678] (fsd_common_msgs) StdoutLine: {'line': b'-- Installing: /home/jack/ros2_homework_advanced/install/fsd_common_msgs/include/fsd_common_msgs/fsd_common_msgs/msg/time.h\n'}
[220.254463] (fsd_common_msgs) StdoutLine: {'line': b'-- Installing: /home/jack/ros2_homework_advanced/install/fsd_common_msgs/include/fsd_common_msgs/fsd_common_msgs/msg/can_frames.h\n'}
[220.255717] (fsd_common_msgs) StdoutLine: {'line': b'-- Installing: /home/jack/ros2_homework_advanced/install/fsd_common_msgs/include/fsd_common_msgs/fsd_common_msgs/msg/track.h\n'}
[220.256838] (fsd_common_msgs) StdoutLine: {'line': b'-- Installing: /home/jack/ros2_homework_advanced/install/fsd_common_msgs/include/fsd_common_msgs/fsd_common_msgs/msg/trajectory_point.h\n'}
[220.258314] (fsd_common_msgs) StdoutLine: {'line': b'-- Installing: /home/jack/ros2_homework_advanced/install/fsd_common_msgs/include/fsd_common_msgs/fsd_common_msgs/msg/ins_delta.h\n'}
[220.259700] (fsd_common_msgs) StdoutLine: {'line': b'-- Installing: /home/jack/ros2_homework_advanced/install/fsd_common_msgs/include/fsd_common_msgs/fsd_common_msgs/msg/visualization.h\n'}
[220.261019] (fsd_common_msgs) StdoutLine: {'line': b'-- Installing: /home/jack/ros2_homework_advanced/install/fsd_common_msgs/include/fsd_common_msgs/fsd_common_msgs/msg/cone_dbscan.h\n'}
[220.262186] (fsd_common_msgs) StdoutLine: {'line': b'-- Installing: /home/jack/ros2_homework_advanced/install/fsd_common_msgs/include/fsd_common_msgs/fsd_common_msgs/msg/echiev_message.h\n'}
[220.263506] (fsd_common_msgs) StdoutLine: {'line': b'-- Installing: /home/jack/ros2_homework_advanced/install/fsd_common_msgs/include/fsd_common_msgs/fsd_common_msgs/msg/yolo_cone_detections_track.h\n'}
[220.266540] (fsd_common_msgs) StdoutLine: {'line': b'-- Installing: /home/jack/ros2_homework_advanced/install/fsd_common_msgs/include/fsd_common_msgs/fsd_common_msgs/msg/detail\n'}
[220.271453] (fsd_common_msgs) StdoutLine: {'line': b'-- Installing: /home/jack/ros2_homework_advanced/install/fsd_common_msgs/include/fsd_common_msgs/fsd_common_msgs/msg/detail/skidpad_global_center_line__type_support.h\n'}
[220.272540] (fsd_common_msgs) StdoutLine: {'line': b'-- Installing: /home/jack/ros2_homework_advanced/install/fsd_common_msgs/include/fsd_common_msgs/fsd_common_msgs/msg/detail/trajectory_point__struct.h\n'}
[220.273867] (fsd_common_msgs) StdoutLine: {'line': b'-- Installing: /home/jack/ros2_homework_advanced/install/fsd_common_msgs/include/fsd_common_msgs/fsd_common_msgs/msg/detail/driving_dynamics__struct.h\n'}
[220.277771] (fsd_common_msgs) StdoutLine: {'line': b'-- Installing: /home/jack/ros2_homework_advanced/install/fsd_common_msgs/include/fsd_common_msgs/fsd_common_msgs/msg/detail/track__type_support.h\n'}
[220.279973] (fsd_common_msgs) StdoutLine: {'line': b'-- Installing: /home/jack/ros2_homework_advanced/install/fsd_common_msgs/include/fsd_common_msgs/fsd_common_msgs/msg/detail/mission__type_support.h\n'}
[220.281638] (fsd_common_msgs) StdoutLine: {'line': b'-- Installing: /home/jack/ros2_homework_advanced/install/fsd_common_msgs/include/fsd_common_msgs/fsd_common_msgs/msg/detail/time__struct.h\n'}
[220.281937] (fsd_common_msgs) StdoutLine: {'line': b'-- Installing: /home/jack/ros2_homework_advanced/install/fsd_common_msgs/include/fsd_common_msgs/fsd_common_msgs/msg/detail/map__functions.h\n'}
[220.282138] (fsd_common_msgs) StdoutLine: {'line': b'-- Installing: /home/jack/ros2_homework_advanced/install/fsd_common_msgs/include/fsd_common_msgs/fsd_common_msgs/msg/detail/cone_detections__functions.h\n'}
[220.282284] (fsd_common_msgs) StdoutLine: {'line': b'-- Installing: /home/jack/ros2_homework_advanced/install/fsd_common_msgs/include/fsd_common_msgs/fsd_common_msgs/msg/detail/remote_control_command__struct.h\n'}
[220.282424] (fsd_common_msgs) StdoutLine: {'line': b'-- Installing: /home/jack/ros2_homework_advanced/install/fsd_common_msgs/include/fsd_common_msgs/fsd_common_msgs/msg/detail/can_frames__type_support.h\n'}
[220.282562] (fsd_common_msgs) StdoutLine: {'line': b'-- Installing: /home/jack/ros2_homework_advanced/install/fsd_common_msgs/include/fsd_common_msgs/fsd_common_msgs/msg/detail/yolo_cone__struct.h\n'}
[220.282697] (fsd_common_msgs) StdoutLine: {'line': b'-- Installing: /home/jack/ros2_homework_advanced/install/fsd_common_msgs/include/fsd_common_msgs/fsd_common_msgs/msg/detail/yolo_cone_detections_track__struct.h\n'}
[220.285946] (fsd_common_msgs) StdoutLine: {'line': b'-- Installing: /home/jack/ros2_homework_advanced/install/fsd_common_msgs/include/fsd_common_msgs/fsd_common_msgs/msg/detail/res_and_ami__struct.h\n'}
[220.286926] (fsd_common_msgs) StdoutLine: {'line': b'-- Installing: /home/jack/ros2_homework_advanced/install/fsd_common_msgs/include/fsd_common_msgs/fsd_common_msgs/msg/detail/as_state__type_support.h\n'}
[220.287792] (fsd_common_msgs) StdoutLine: {'line': b'-- Installing: /home/jack/ros2_homework_advanced/install/fsd_common_msgs/include/fsd_common_msgs/fsd_common_msgs/msg/detail/res_and_ami__type_support.h\n'}
[220.289101] (fsd_common_msgs) StdoutLine: {'line': b'-- Installing: /home/jack/ros2_homework_advanced/install/fsd_common_msgs/include/fsd_common_msgs/fsd_common_msgs/msg/detail/decision_flag__struct.h\n'}
[220.289672] (fsd_common_msgs) StdoutLine: {'line': b'-- Installing: /home/jack/ros2_homework_advanced/install/fsd_common_msgs/include/fsd_common_msgs/fsd_common_msgs/msg/detail/time__type_support.h\n'}
[220.290733] (fsd_common_msgs) StdoutLine: {'line': b'-- Installing: /home/jack/ros2_homework_advanced/install/fsd_common_msgs/include/fsd_common_msgs/fsd_common_msgs/msg/detail/asensing_message__type_support.h\n'}
[220.292605] (-) TimerEvent: {}
[220.294984] (fsd_common_msgs) StdoutLine: {'line': b'-- Installing: /home/jack/ros2_homework_advanced/install/fsd_common_msgs/include/fsd_common_msgs/fsd_common_msgs/msg/detail/yolo_cone_detections_track__functions.c\n'}
[220.295873] (fsd_common_msgs) StdoutLine: {'line': b'-- Installing: /home/jack/ros2_homework_advanced/install/fsd_common_msgs/include/fsd_common_msgs/fsd_common_msgs/msg/detail/track__functions.c\n'}
[220.296941] (fsd_common_msgs) StdoutLine: {'line': b'-- Installing: /home/jack/ros2_homework_advanced/install/fsd_common_msgs/include/fsd_common_msgs/fsd_common_msgs/msg/detail/car_state__type_support.h\n'}
[220.297230] (fsd_common_msgs) StdoutLine: {'line': b'-- Installing: /home/jack/ros2_homework_advanced/install/fsd_common_msgs/include/fsd_common_msgs/fsd_common_msgs/msg/detail/cone__struct.h\n'}
[220.297421] (fsd_common_msgs) StdoutLine: {'line': b'-- Installing: /home/jack/ros2_homework_advanced/install/fsd_common_msgs/include/fsd_common_msgs/fsd_common_msgs/msg/detail/as_state__functions.c\n'}
[220.297690] (fsd_common_msgs) StdoutLine: {'line': b'-- Installing: /home/jack/ros2_homework_advanced/install/fsd_common_msgs/include/fsd_common_msgs/fsd_common_msgs/msg/detail/remote_control_command__type_support.h\n'}
[220.303239] (fsd_common_msgs) StdoutLine: {'line': b'-- Installing: /home/jack/ros2_homework_advanced/install/fsd_common_msgs/include/fsd_common_msgs/fsd_common_msgs/msg/detail/cone__type_support.h\n'}
[220.303629] (fsd_common_msgs) StdoutLine: {'line': b'-- Installing: /home/jack/ros2_homework_advanced/install/fsd_common_msgs/include/fsd_common_msgs/fsd_common_msgs/msg/detail/yolo_cone__functions.h\n'}
[220.307339] (fsd_common_msgs) StdoutLine: {'line': b'-- Installing: /home/jack/ros2_homework_advanced/install/fsd_common_msgs/include/fsd_common_msgs/fsd_common_msgs/msg/detail/yolo_cone_detections__type_support.h\n'}
[220.309378] (fsd_common_msgs) StdoutLine: {'line': b'-- Installing: /home/jack/ros2_homework_advanced/install/fsd_common_msgs/include/fsd_common_msgs/fsd_common_msgs/msg/detail/visualization__type_support.h\n'}
[220.311085] (fsd_common_msgs) StdoutLine: {'line': b'-- Installing: /home/jack/ros2_homework_advanced/install/fsd_common_msgs/include/fsd_common_msgs/fsd_common_msgs/msg/detail/asensing_message__functions.h\n'}
[220.312480] (fsd_common_msgs) StdoutLine: {'line': b'-- Installing: /home/jack/ros2_homework_advanced/install/fsd_common_msgs/include/fsd_common_msgs/fsd_common_msgs/msg/detail/cone_dbscan__functions.c\n'}
[220.313162] (fsd_common_msgs) StdoutLine: {'line': b'-- Installing: /home/jack/ros2_homework_advanced/install/fsd_common_msgs/include/fsd_common_msgs/fsd_common_msgs/msg/detail/mission__functions.c\n'}
[220.314093] (fsd_common_msgs) StdoutLine: {'line': b'-- Installing: /home/jack/ros2_homework_advanced/install/fsd_common_msgs/include/fsd_common_msgs/fsd_common_msgs/msg/detail/decision_flag__functions.c\n'}
[220.315265] (fsd_common_msgs) StdoutLine: {'line': b'-- Installing: /home/jack/ros2_homework_advanced/install/fsd_common_msgs/include/fsd_common_msgs/fsd_common_msgs/msg/detail/map__type_support.h\n'}
[220.315440] (fsd_common_msgs) StdoutLine: {'line': b'-- Installing: /home/jack/ros2_homework_advanced/install/fsd_common_msgs/include/fsd_common_msgs/fsd_common_msgs/msg/detail/yolo_cone__type_support.h\n'}
[220.315623] (fsd_common_msgs) StdoutLine: {'line': b'-- Installing: /home/jack/ros2_homework_advanced/install/fsd_common_msgs/include/fsd_common_msgs/fsd_common_msgs/msg/detail/as_state__struct.h\n'}
[220.316509] (fsd_common_msgs) StdoutLine: {'line': b'-- Installing: /home/jack/ros2_homework_advanced/install/fsd_common_msgs/include/fsd_common_msgs/fsd_common_msgs/msg/detail/ins_delta__functions.c\n'}
[220.317835] (fsd_common_msgs) StdoutLine: {'line': b'-- Installing: /home/jack/ros2_homework_advanced/install/fsd_common_msgs/include/fsd_common_msgs/fsd_common_msgs/msg/detail/yolo_cone_detections__struct.h\n'}
[220.318896] (fsd_common_msgs) StdoutLine: {'line': b'-- Installing: /home/jack/ros2_homework_advanced/install/fsd_common_msgs/include/fsd_common_msgs/fsd_common_msgs/msg/detail/control_command__functions.c\n'}
[220.319783] (fsd_common_msgs) StdoutLine: {'line': b'-- Installing: /home/jack/ros2_homework_advanced/install/fsd_common_msgs/include/fsd_common_msgs/fsd_common_msgs/msg/detail/yolo_cone_track__functions.h\n'}
[220.320999] (fsd_common_msgs) StdoutLine: {'line': b'-- Installing: /home/jack/ros2_homework_advanced/install/fsd_common_msgs/include/fsd_common_msgs/fsd_common_msgs/msg/detail/visualization__functions.h\n'}
[220.322362] (fsd_common_msgs) StdoutLine: {'line': b'-- Installing: /home/jack/ros2_homework_advanced/install/fsd_common_msgs/include/fsd_common_msgs/fsd_common_msgs/msg/detail/car_state_dt__functions.h\n'}
[220.322879] (fsd_common_msgs) StdoutLine: {'line': b'-- Installing: /home/jack/ros2_homework_advanced/install/fsd_common_msgs/include/fsd_common_msgs/fsd_common_msgs/msg/detail/echiev_message__functions.c\n'}
[220.323079] (fsd_common_msgs) StdoutLine: {'line': b'-- Installing: /home/jack/ros2_homework_advanced/install/fsd_common_msgs/include/fsd_common_msgs/fsd_common_msgs/msg/detail/driving_dynamics__type_support.h\n'}
[220.324792] (fsd_common_msgs) StdoutLine: {'line': b'-- Installing: /home/jack/ros2_homework_advanced/install/fsd_common_msgs/include/fsd_common_msgs/fsd_common_msgs/msg/detail/car_state_dt__type_support.h\n'}
[220.325821] (fsd_common_msgs) StdoutLine: {'line': b'-- Installing: /home/jack/ros2_homework_advanced/install/fsd_common_msgs/include/fsd_common_msgs/fsd_common_msgs/msg/detail/yolo_cone_detections__functions.c\n'}
[220.326426] (fsd_common_msgs) StdoutLine: {'line': b'-- Installing: /home/jack/ros2_homework_advanced/install/fsd_common_msgs/include/fsd_common_msgs/fsd_common_msgs/msg/detail/asensing_message__struct.h\n'}
[220.327510] (fsd_common_msgs) StdoutLine: {'line': b'-- Installing: /home/jack/ros2_homework_advanced/install/fsd_common_msgs/include/fsd_common_msgs/fsd_common_msgs/msg/detail/can_frames__struct.h\n'}
[220.329320] (fsd_common_msgs) StdoutLine: {'line': b'-- Installing: /home/jack/ros2_homework_advanced/install/fsd_common_msgs/include/fsd_common_msgs/fsd_common_msgs/msg/detail/res_and_ami__functions.h\n'}
[220.330203] (fsd_common_msgs) StdoutLine: {'line': b'-- Installing: /home/jack/ros2_homework_advanced/install/fsd_common_msgs/include/fsd_common_msgs/fsd_common_msgs/msg/detail/ins_delta__struct.h\n'}
[220.330700] (fsd_common_msgs) StdoutLine: {'line': b'-- Installing: /home/jack/ros2_homework_advanced/install/fsd_common_msgs/include/fsd_common_msgs/fsd_common_msgs/msg/detail/cone__functions.h\n'}
[220.333223] (fsd_common_msgs) StdoutLine: {'line': b'-- Installing: /home/jack/ros2_homework_advanced/install/fsd_common_msgs/include/fsd_common_msgs/fsd_common_msgs/msg/detail/cone_detections__type_support.h\n'}
[220.333696] (fsd_common_msgs) StdoutLine: {'line': b'-- Installing: /home/jack/ros2_homework_advanced/install/fsd_common_msgs/include/fsd_common_msgs/fsd_common_msgs/msg/detail/track__functions.h\n'}
[220.335491] (fsd_common_msgs) StdoutLine: {'line': b'-- Installing: /home/jack/ros2_homework_advanced/install/fsd_common_msgs/include/fsd_common_msgs/fsd_common_msgs/msg/detail/visualization__struct.h\n'}
[220.337281] (fsd_common_msgs) StdoutLine: {'line': b'-- Installing: /home/jack/ros2_homework_advanced/install/fsd_common_msgs/include/fsd_common_msgs/fsd_common_msgs/msg/detail/echiev_message__functions.h\n'}
[220.337512] (fsd_common_msgs) StdoutLine: {'line': b'-- Installing: /home/jack/ros2_homework_advanced/install/fsd_common_msgs/include/fsd_common_msgs/fsd_common_msgs/msg/detail/skidpad_global_center_line__struct.h\n'}
[220.337713] (fsd_common_msgs) StdoutLine: {'line': b'-- Installing: /home/jack/ros2_homework_advanced/install/fsd_common_msgs/include/fsd_common_msgs/fsd_common_msgs/msg/detail/car_state__functions.c\n'}
[220.337908] (fsd_common_msgs) StdoutLine: {'line': b'-- Installing: /home/jack/ros2_homework_advanced/install/fsd_common_msgs/include/fsd_common_msgs/fsd_common_msgs/msg/detail/echiev_message__struct.h\n'}
[220.338065] (fsd_common_msgs) StdoutLine: {'line': b'-- Installing: /home/jack/ros2_homework_advanced/install/fsd_common_msgs/include/fsd_common_msgs/fsd_common_msgs/msg/detail/skidpad_global_center_line__functions.c\n'}
[220.343038] (fsd_common_msgs) StdoutLine: {'line': b'-- Installing: /home/jack/ros2_homework_advanced/install/fsd_common_msgs/include/fsd_common_msgs/fsd_common_msgs/msg/detail/track__struct.h\n'}
[220.345370] (fsd_common_msgs) StdoutLine: {'line': b'-- Installing: /home/jack/ros2_homework_advanced/install/fsd_common_msgs/include/fsd_common_msgs/fsd_common_msgs/msg/detail/cone_detections_dbscan__functions.h\n'}
[220.346246] (fsd_common_msgs) StdoutLine: {'line': b'-- Installing: /home/jack/ros2_homework_advanced/install/fsd_common_msgs/include/fsd_common_msgs/fsd_common_msgs/msg/detail/car_state__functions.h\n'}
[220.347088] (fsd_common_msgs) StdoutLine: {'line': b'-- Installing: /home/jack/ros2_homework_advanced/install/fsd_common_msgs/include/fsd_common_msgs/fsd_common_msgs/msg/detail/can_frames__functions.c\n'}
[220.348068] (fsd_common_msgs) StdoutLine: {'line': b'-- Installing: /home/jack/ros2_homework_advanced/install/fsd_common_msgs/include/fsd_common_msgs/fsd_common_msgs/msg/detail/echiev_message__type_support.h\n'}
[220.349144] (fsd_common_msgs) StdoutLine: {'line': b'-- Installing: /home/jack/ros2_homework_advanced/install/fsd_common_msgs/include/fsd_common_msgs/fsd_common_msgs/msg/detail/res_and_ami__functions.c\n'}
[220.351354] (fsd_common_msgs) StdoutLine: {'line': b'-- Installing: /home/jack/ros2_homework_advanced/install/fsd_common_msgs/include/fsd_common_msgs/fsd_common_msgs/msg/detail/yolo_cone_track__functions.c\n'}
[220.351545] (fsd_common_msgs) StdoutLine: {'line': b'-- Installing: /home/jack/ros2_homework_advanced/install/fsd_common_msgs/include/fsd_common_msgs/fsd_common_msgs/msg/detail/yolo_cone_track__struct.h\n'}
[220.352550] (fsd_common_msgs) StdoutLine: {'line': b'-- Installing: /home/jack/ros2_homework_advanced/install/fsd_common_msgs/include/fsd_common_msgs/fsd_common_msgs/msg/detail/trajectory_point__functions.h\n'}
[220.353247] (fsd_common_msgs) StdoutLine: {'line': b'-- Installing: /home/jack/ros2_homework_advanced/install/fsd_common_msgs/include/fsd_common_msgs/fsd_common_msgs/msg/detail/time__functions.h\n'}
[220.354046] (fsd_common_msgs) StdoutLine: {'line': b'-- Installing: /home/jack/ros2_homework_advanced/install/fsd_common_msgs/include/fsd_common_msgs/fsd_common_msgs/msg/detail/as_state__functions.h\n'}
[220.354646] (fsd_common_msgs) StdoutLine: {'line': b'-- Installing: /home/jack/ros2_homework_advanced/install/fsd_common_msgs/include/fsd_common_msgs/fsd_common_msgs/msg/detail/yolo_cone_detections__functions.h\n'}
[220.355783] (fsd_common_msgs) StdoutLine: {'line': b'-- Installing: /home/jack/ros2_homework_advanced/install/fsd_common_msgs/include/fsd_common_msgs/fsd_common_msgs/msg/detail/feedback__functions.c\n'}
[220.356112] (fsd_common_msgs) StdoutLine: {'line': b'-- Installing: /home/jack/ros2_homework_advanced/install/fsd_common_msgs/include/fsd_common_msgs/fsd_common_msgs/msg/detail/asensing_message__functions.c\n'}
[220.356663] (fsd_common_msgs) StdoutLine: {'line': b'-- Installing: /home/jack/ros2_homework_advanced/install/fsd_common_msgs/include/fsd_common_msgs/fsd_common_msgs/msg/detail/cone__functions.c\n'}
[220.357264] (fsd_common_msgs) StdoutLine: {'line': b'-- Installing: /home/jack/ros2_homework_advanced/install/fsd_common_msgs/include/fsd_common_msgs/fsd_common_msgs/msg/detail/visualization__functions.c\n'}
[220.358199] (fsd_common_msgs) StdoutLine: {'line': b'-- Installing: /home/jack/ros2_homework_advanced/install/fsd_common_msgs/include/fsd_common_msgs/fsd_common_msgs/msg/detail/yolo_cone_detections_track__type_support.h\n'}
[220.358859] (fsd_common_msgs) StdoutLine: {'line': b'-- Installing: /home/jack/ros2_homework_advanced/install/fsd_common_msgs/include/fsd_common_msgs/fsd_common_msgs/msg/detail/remote_control_command__functions.c\n'}
[220.360047] (fsd_common_msgs) StdoutLine: {'line': b'-- Installing: /home/jack/ros2_homework_advanced/install/fsd_common_msgs/include/fsd_common_msgs/fsd_common_msgs/msg/detail/cone_detections_dbscan__struct.h\n'}
[220.360351] (fsd_common_msgs) StdoutLine: {'line': b'-- Installing: /home/jack/ros2_homework_advanced/install/fsd_common_msgs/include/fsd_common_msgs/fsd_common_msgs/msg/detail/map__functions.c\n'}
[220.361009] (fsd_common_msgs) StdoutLine: {'line': b'-- Installing: /home/jack/ros2_homework_advanced/install/fsd_common_msgs/include/fsd_common_msgs/fsd_common_msgs/msg/detail/driving_dynamics__functions.c\n'}
[220.361760] (fsd_common_msgs) StdoutLine: {'line': b'-- Installing: /home/jack/ros2_homework_advanced/install/fsd_common_msgs/include/fsd_common_msgs/fsd_common_msgs/msg/detail/feedback__struct.h\n'}
[220.362588] (fsd_common_msgs) StdoutLine: {'line': b'-- Installing: /home/jack/ros2_homework_advanced/install/fsd_common_msgs/include/fsd_common_msgs/fsd_common_msgs/msg/detail/cone_detections__functions.c\n'}
[220.364739] (fsd_common_msgs) StdoutLine: {'line': b'-- Installing: /home/jack/ros2_homework_advanced/install/fsd_common_msgs/include/fsd_common_msgs/fsd_common_msgs/msg/detail/car_state__struct.h\n'}
[220.365822] (fsd_common_msgs) StdoutLine: {'line': b'-- Installing: /home/jack/ros2_homework_advanced/install/fsd_common_msgs/include/fsd_common_msgs/fsd_common_msgs/msg/detail/can_frames__functions.h\n'}
[220.368790] (fsd_common_msgs) StdoutLine: {'line': b'-- Installing: /home/jack/ros2_homework_advanced/install/fsd_common_msgs/include/fsd_common_msgs/fsd_common_msgs/msg/detail/mission__functions.h\n'}
[220.369307] (fsd_common_msgs) StdoutLine: {'line': b'-- Installing: /home/jack/ros2_homework_advanced/install/fsd_common_msgs/include/fsd_common_msgs/fsd_common_msgs/msg/detail/cone_detections__struct.h\n'}
[220.369522] (fsd_common_msgs) StdoutLine: {'line': b'-- Installing: /home/jack/ros2_homework_advanced/install/fsd_common_msgs/include/fsd_common_msgs/fsd_common_msgs/msg/detail/car_state_dt__struct.h\n'}
[220.371171] (fsd_common_msgs) StdoutLine: {'line': b'-- Installing: /home/jack/ros2_homework_advanced/install/fsd_common_msgs/include/fsd_common_msgs/fsd_common_msgs/msg/detail/ins_delta__functions.h\n'}
[220.374017] (fsd_common_msgs) StdoutLine: {'line': b'-- Installing: /home/jack/ros2_homework_advanced/install/fsd_common_msgs/include/fsd_common_msgs/fsd_common_msgs/msg/detail/cone_detections_dbscan__functions.c\n'}
[220.374569] (fsd_common_msgs) StdoutLine: {'line': b'-- Installing: /home/jack/ros2_homework_advanced/install/fsd_common_msgs/include/fsd_common_msgs/fsd_common_msgs/msg/detail/decision_flag__functions.h\n'}
[220.374949] (fsd_common_msgs) StdoutLine: {'line': b'-- Installing: /home/jack/ros2_homework_advanced/install/fsd_common_msgs/include/fsd_common_msgs/fsd_common_msgs/msg/detail/yolo_cone_track__type_support.h\n'}
[220.375129] (fsd_common_msgs) StdoutLine: {'line': b'-- Installing: /home/jack/ros2_homework_advanced/install/fsd_common_msgs/include/fsd_common_msgs/fsd_common_msgs/msg/detail/cone_detections_dbscan__type_support.h\n'}
[220.376378] (fsd_common_msgs) StdoutLine: {'line': b'-- Installing: /home/jack/ros2_homework_advanced/install/fsd_common_msgs/include/fsd_common_msgs/fsd_common_msgs/msg/detail/control_command__type_support.h\n'}
[220.377068] (fsd_common_msgs) StdoutLine: {'line': b'-- Installing: /home/jack/ros2_homework_advanced/install/fsd_common_msgs/include/fsd_common_msgs/fsd_common_msgs/msg/detail/decision_flag__type_support.h\n'}
[220.378261] (fsd_common_msgs) StdoutLine: {'line': b'-- Installing: /home/jack/ros2_homework_advanced/install/fsd_common_msgs/include/fsd_common_msgs/fsd_common_msgs/msg/detail/feedback__type_support.h\n'}
[220.379121] (fsd_common_msgs) StdoutLine: {'line': b'-- Installing: /home/jack/ros2_homework_advanced/install/fsd_common_msgs/include/fsd_common_msgs/fsd_common_msgs/msg/detail/trajectory_point__type_support.h\n'}
[220.380026] (fsd_common_msgs) StdoutLine: {'line': b'-- Installing: /home/jack/ros2_homework_advanced/install/fsd_common_msgs/include/fsd_common_msgs/fsd_common_msgs/msg/detail/mission__struct.h\n'}
[220.380597] (fsd_common_msgs) StdoutLine: {'line': b'-- Installing: /home/jack/ros2_homework_advanced/install/fsd_common_msgs/include/fsd_common_msgs/fsd_common_msgs/msg/detail/control_command__struct.h\n'}
[220.381434] (fsd_common_msgs) StdoutLine: {'line': b'-- Installing: /home/jack/ros2_homework_advanced/install/fsd_common_msgs/include/fsd_common_msgs/fsd_common_msgs/msg/detail/cone_dbscan__struct.h\n'}
[220.382233] (fsd_common_msgs) StdoutLine: {'line': b'-- Installing: /home/jack/ros2_homework_advanced/install/fsd_common_msgs/include/fsd_common_msgs/fsd_common_msgs/msg/detail/control_command__functions.h\n'}
[220.382812] (fsd_common_msgs) StdoutLine: {'line': b'-- Installing: /home/jack/ros2_homework_advanced/install/fsd_common_msgs/include/fsd_common_msgs/fsd_common_msgs/msg/detail/skidpad_global_center_line__functions.h\n'}
[220.383045] (fsd_common_msgs) StdoutLine: {'line': b'-- Installing: /home/jack/ros2_homework_advanced/install/fsd_common_msgs/include/fsd_common_msgs/fsd_common_msgs/msg/detail/car_state_dt__functions.c\n'}
[220.383351] (fsd_common_msgs) StdoutLine: {'line': b'-- Installing: /home/jack/ros2_homework_advanced/install/fsd_common_msgs/include/fsd_common_msgs/fsd_common_msgs/msg/detail/ins_delta__type_support.h\n'}
[220.383716] (fsd_common_msgs) StdoutLine: {'line': b'-- Installing: /home/jack/ros2_homework_advanced/install/fsd_common_msgs/include/fsd_common_msgs/fsd_common_msgs/msg/detail/cone_dbscan__functions.h\n'}
[220.385771] (fsd_common_msgs) StdoutLine: {'line': b'-- Installing: /home/jack/ros2_homework_advanced/install/fsd_common_msgs/include/fsd_common_msgs/fsd_common_msgs/msg/detail/feedback__functions.h\n'}
[220.387077] (fsd_common_msgs) StdoutLine: {'line': b'-- Installing: /home/jack/ros2_homework_advanced/install/fsd_common_msgs/include/fsd_common_msgs/fsd_common_msgs/msg/detail/remote_control_command__functions.h\n'}
[220.387283] (fsd_common_msgs) StdoutLine: {'line': b'-- Installing: /home/jack/ros2_homework_advanced/install/fsd_common_msgs/include/fsd_common_msgs/fsd_common_msgs/msg/detail/yolo_cone__functions.c\n'}
[220.388532] (fsd_common_msgs) StdoutLine: {'line': b'-- Installing: /home/jack/ros2_homework_advanced/install/fsd_common_msgs/include/fsd_common_msgs/fsd_common_msgs/msg/detail/yolo_cone_detections_track__functions.h\n'}
[220.388919] (fsd_common_msgs) StdoutLine: {'line': b'-- Installing: /home/jack/ros2_homework_advanced/install/fsd_common_msgs/include/fsd_common_msgs/fsd_common_msgs/msg/detail/time__functions.c\n'}
[220.389810] (fsd_common_msgs) StdoutLine: {'line': b'-- Installing: /home/jack/ros2_homework_advanced/install/fsd_common_msgs/include/fsd_common_msgs/fsd_common_msgs/msg/detail/map__struct.h\n'}
[220.390012] (fsd_common_msgs) StdoutLine: {'line': b'-- Installing: /home/jack/ros2_homework_advanced/install/fsd_common_msgs/include/fsd_common_msgs/fsd_common_msgs/msg/detail/driving_dynamics__functions.h\n'}
[220.390159] (fsd_common_msgs) StdoutLine: {'line': b'-- Installing: /home/jack/ros2_homework_advanced/install/fsd_common_msgs/include/fsd_common_msgs/fsd_common_msgs/msg/detail/cone_dbscan__type_support.h\n'}
[220.390295] (fsd_common_msgs) StdoutLine: {'line': b'-- Installing: /home/jack/ros2_homework_advanced/install/fsd_common_msgs/include/fsd_common_msgs/fsd_common_msgs/msg/detail/trajectory_point__functions.c\n'}
[220.390427] (fsd_common_msgs) StdoutLine: {'line': b'-- Installing: /home/jack/ros2_homework_advanced/install/fsd_common_msgs/include/fsd_common_msgs/fsd_common_msgs/msg/rosidl_generator_c__visibility_control.h\n'}
[220.390559] (fsd_common_msgs) StdoutLine: {'line': b'-- Installing: /home/jack/ros2_homework_advanced/install/fsd_common_msgs/include/fsd_common_msgs/fsd_common_msgs/msg/cone_detections_dbscan.h\n'}
[220.392303] (-) TimerEvent: {}
[220.393661] (fsd_common_msgs) StdoutLine: {'line': b'-- Installing: /home/jack/ros2_homework_advanced/install/fsd_common_msgs/include/fsd_common_msgs/fsd_common_msgs/msg/driving_dynamics.h\n'}
[220.394497] (fsd_common_msgs) StdoutLine: {'line': b'-- Installing: /home/jack/ros2_homework_advanced/install/fsd_common_msgs/include/fsd_common_msgs/fsd_common_msgs/msg/cone.h\n'}
[220.396154] (fsd_common_msgs) StdoutLine: {'line': b'-- Installing: /home/jack/ros2_homework_advanced/install/fsd_common_msgs/include/fsd_common_msgs/fsd_common_msgs/msg/car_state_dt.h\n'}
[220.396369] (fsd_common_msgs) StdoutLine: {'line': b'-- Installing: /home/jack/ros2_homework_advanced/install/fsd_common_msgs/include/fsd_common_msgs/fsd_common_msgs/msg/asensing_message.h\n'}
[220.396520] (fsd_common_msgs) StdoutLine: {'line': b'-- Installing: /home/jack/ros2_homework_advanced/install/fsd_common_msgs/include/fsd_common_msgs/fsd_common_msgs/msg/feedback.h\n'}
[220.396659] (fsd_common_msgs) StdoutLine: {'line': b'-- Installing: /home/jack/ros2_homework_advanced/install/fsd_common_msgs/include/fsd_common_msgs/fsd_common_msgs/msg/as_state.h\n'}
[220.396827] (fsd_common_msgs) StdoutLine: {'line': b'-- Installing: /home/jack/ros2_homework_advanced/install/fsd_common_msgs/include/fsd_common_msgs/fsd_common_msgs/msg/car_state.h\n'}
[220.396976] (fsd_common_msgs) StdoutLine: {'line': b'-- Installing: /home/jack/ros2_homework_advanced/install/fsd_common_msgs/include/fsd_common_msgs/fsd_common_msgs/msg/yolo_cone.h\n'}
[220.397128] (fsd_common_msgs) StdoutLine: {'line': b'-- Installing: /home/jack/ros2_homework_advanced/install/fsd_common_msgs/include/fsd_common_msgs/fsd_common_msgs/msg/yolo_cone_track.h\n'}
[220.397260] (fsd_common_msgs) StdoutLine: {'line': b'-- Installing: /home/jack/ros2_homework_advanced/install/fsd_common_msgs/include/fsd_common_msgs/fsd_common_msgs/msg/control_command.h\n'}
[220.397389] (fsd_common_msgs) StdoutLine: {'line': b'-- Installing: /home/jack/ros2_homework_advanced/install/fsd_common_msgs/include/fsd_common_msgs/fsd_common_msgs/msg/skidpad_global_center_line.h\n'}
[220.397517] (fsd_common_msgs) StdoutLine: {'line': b'-- Installing: /home/jack/ros2_homework_advanced/install/fsd_common_msgs/include/fsd_common_msgs/fsd_common_msgs/msg/cone_detections.h\n'}
[220.397646] (fsd_common_msgs) StdoutLine: {'line': b'-- Installing: /home/jack/ros2_homework_advanced/install/fsd_common_msgs/include/fsd_common_msgs/fsd_common_msgs/msg/yolo_cone_detections.h\n'}
[220.402305] (fsd_common_msgs) StdoutLine: {'line': b'-- Installing: /home/jack/ros2_homework_advanced/install/fsd_common_msgs/include/fsd_common_msgs/fsd_common_msgs/msg/remote_control_command.h\n'}
[220.402923] (fsd_common_msgs) StdoutLine: {'line': b'-- Installing: /home/jack/ros2_homework_advanced/install/fsd_common_msgs/include/fsd_common_msgs/fsd_common_msgs/msg/map.h\n'}
[220.406983] (fsd_common_msgs) StdoutLine: {'line': b'-- Installing: /home/jack/ros2_homework_advanced/install/fsd_common_msgs/include/fsd_common_msgs/fsd_common_msgs/msg/res_and_ami.h\n'}
[220.407862] (fsd_common_msgs) StdoutLine: {'line': b'-- Installing: /home/jack/ros2_homework_advanced/install/fsd_common_msgs/include/fsd_common_msgs/fsd_common_msgs/msg/mission.h\n'}
[220.408736] (fsd_common_msgs) StdoutLine: {'line': b'-- Installing: /home/jack/ros2_homework_advanced/install/fsd_common_msgs/share/fsd_common_msgs/environment/library_path.sh\n'}
[220.409612] (fsd_common_msgs) StdoutLine: {'line': b'-- Installing: /home/jack/ros2_homework_advanced/install/fsd_common_msgs/share/fsd_common_msgs/environment/library_path.dsv\n'}
[220.410397] (fsd_common_msgs) StdoutLine: {'line': b'-- Installing: /home/jack/ros2_homework_advanced/install/fsd_common_msgs/lib/libfsd_common_msgs__rosidl_generator_c.so\n'}
[220.410936] (fsd_common_msgs) StdoutLine: {'line': b'-- Set runtime path of "/home/jack/ros2_homework_advanced/install/fsd_common_msgs/lib/libfsd_common_msgs__rosidl_generator_c.so" to ""\n'}
[220.412143] (fsd_common_msgs) StdoutLine: {'line': b'-- Up-to-date: /home/jack/ros2_homework_advanced/install/fsd_common_msgs/include/fsd_common_msgs/fsd_common_msgs\n'}
[220.412615] (fsd_common_msgs) StdoutLine: {'line': b'-- Up-to-date: /home/jack/ros2_homework_advanced/install/fsd_common_msgs/include/fsd_common_msgs/fsd_common_msgs/msg\n'}
[220.413658] (fsd_common_msgs) StdoutLine: {'line': b'-- Up-to-date: /home/jack/ros2_homework_advanced/install/fsd_common_msgs/include/fsd_common_msgs/fsd_common_msgs/msg/detail\n'}
[220.413905] (fsd_common_msgs) StdoutLine: {'line': b'-- Installing: /home/jack/ros2_homework_advanced/install/fsd_common_msgs/include/fsd_common_msgs/fsd_common_msgs/msg/detail/time__rosidl_typesupport_fastrtps_c.h\n'}
[220.415123] (fsd_common_msgs) StdoutLine: {'line': b'-- Installing: /home/jack/ros2_homework_advanced/install/fsd_common_msgs/include/fsd_common_msgs/fsd_common_msgs/msg/detail/decision_flag__rosidl_typesupport_fastrtps_c.h\n'}
[220.415536] (fsd_common_msgs) StdoutLine: {'line': b'-- Installing: /home/jack/ros2_homework_advanced/install/fsd_common_msgs/include/fsd_common_msgs/fsd_common_msgs/msg/detail/cone_detections_dbscan__rosidl_typesupport_fastrtps_c.h\n'}
[220.415702] (fsd_common_msgs) StdoutLine: {'line': b'-- Installing: /home/jack/ros2_homework_advanced/install/fsd_common_msgs/include/fsd_common_msgs/fsd_common_msgs/msg/detail/visualization__rosidl_typesupport_fastrtps_c.h\n'}
[220.416699] (fsd_common_msgs) StdoutLine: {'line': b'-- Installing: /home/jack/ros2_homework_advanced/install/fsd_common_msgs/include/fsd_common_msgs/fsd_common_msgs/msg/detail/yolo_cone__rosidl_typesupport_fastrtps_c.h\n'}
[220.418072] (fsd_common_msgs) StdoutLine: {'line': b'-- Installing: /home/jack/ros2_homework_advanced/install/fsd_common_msgs/include/fsd_common_msgs/fsd_common_msgs/msg/detail/yolo_cone_detections__rosidl_typesupport_fastrtps_c.h\n'}
[220.418266] (fsd_common_msgs) StdoutLine: {'line': b'-- Installing: /home/jack/ros2_homework_advanced/install/fsd_common_msgs/include/fsd_common_msgs/fsd_common_msgs/msg/detail/cone_dbscan__rosidl_typesupport_fastrtps_c.h\n'}
[220.418445] (fsd_common_msgs) StdoutLine: {'line': b'-- Installing: /home/jack/ros2_homework_advanced/install/fsd_common_msgs/include/fsd_common_msgs/fsd_common_msgs/msg/detail/yolo_cone_track__rosidl_typesupport_fastrtps_c.h\n'}
[220.419235] (fsd_common_msgs) StdoutLine: {'line': b'-- Installing: /home/jack/ros2_homework_advanced/install/fsd_common_msgs/include/fsd_common_msgs/fsd_common_msgs/msg/detail/car_state_dt__rosidl_typesupport_fastrtps_c.h\n'}
[220.420797] (fsd_common_msgs) StdoutLine: {'line': b'-- Installing: /home/jack/ros2_homework_advanced/install/fsd_common_msgs/include/fsd_common_msgs/fsd_common_msgs/msg/detail/ins_delta__rosidl_typesupport_fastrtps_c.h\n'}
[220.421297] (fsd_common_msgs) StdoutLine: {'line': b'-- Installing: /home/jack/ros2_homework_advanced/install/fsd_common_msgs/include/fsd_common_msgs/fsd_common_msgs/msg/detail/map__rosidl_typesupport_fastrtps_c.h\n'}
[220.422088] (fsd_common_msgs) StdoutLine: {'line': b'-- Installing: /home/jack/ros2_homework_advanced/install/fsd_common_msgs/include/fsd_common_msgs/fsd_common_msgs/msg/detail/yolo_cone_detections_track__rosidl_typesupport_fastrtps_c.h\n'}
[220.422336] (fsd_common_msgs) StdoutLine: {'line': b'-- Installing: /home/jack/ros2_homework_advanced/install/fsd_common_msgs/include/fsd_common_msgs/fsd_common_msgs/msg/detail/track__rosidl_typesupport_fastrtps_c.h\n'}
[220.422543] (fsd_common_msgs) StdoutLine: {'line': b'-- Installing: /home/jack/ros2_homework_advanced/install/fsd_common_msgs/include/fsd_common_msgs/fsd_common_msgs/msg/detail/remote_control_command__rosidl_typesupport_fastrtps_c.h\n'}
[220.422727] (fsd_common_msgs) StdoutLine: {'line': b'-- Installing: /home/jack/ros2_homework_advanced/install/fsd_common_msgs/include/fsd_common_msgs/fsd_common_msgs/msg/detail/cone__rosidl_typesupport_fastrtps_c.h\n'}
[220.424053] (fsd_common_msgs) StdoutLine: {'line': b'-- Installing: /home/jack/ros2_homework_advanced/install/fsd_common_msgs/include/fsd_common_msgs/fsd_common_msgs/msg/detail/mission__rosidl_typesupport_fastrtps_c.h\n'}
[220.424234] (fsd_common_msgs) StdoutLine: {'line': b'-- Installing: /home/jack/ros2_homework_advanced/install/fsd_common_msgs/include/fsd_common_msgs/fsd_common_msgs/msg/detail/skidpad_global_center_line__rosidl_typesupport_fastrtps_c.h\n'}
[220.425120] (fsd_common_msgs) StdoutLine: {'line': b'-- Installing: /home/jack/ros2_homework_advanced/install/fsd_common_msgs/include/fsd_common_msgs/fsd_common_msgs/msg/detail/res_and_ami__rosidl_typesupport_fastrtps_c.h\n'}
[220.426287] (fsd_common_msgs) StdoutLine: {'line': b'-- Installing: /home/jack/ros2_homework_advanced/install/fsd_common_msgs/include/fsd_common_msgs/fsd_common_msgs/msg/detail/control_command__rosidl_typesupport_fastrtps_c.h\n'}
[220.427291] (fsd_common_msgs) StdoutLine: {'line': b'-- Installing: /home/jack/ros2_homework_advanced/install/fsd_common_msgs/include/fsd_common_msgs/fsd_common_msgs/msg/detail/as_state__rosidl_typesupport_fastrtps_c.h\n'}
[220.428926] (fsd_common_msgs) StdoutLine: {'line': b'-- Installing: /home/jack/ros2_homework_advanced/install/fsd_common_msgs/include/fsd_common_msgs/fsd_common_msgs/msg/detail/car_state__rosidl_typesupport_fastrtps_c.h\n'}
[220.430196] (fsd_common_msgs) StdoutLine: {'line': b'-- Installing: /home/jack/ros2_homework_advanced/install/fsd_common_msgs/include/fsd_common_msgs/fsd_common_msgs/msg/detail/driving_dynamics__rosidl_typesupport_fastrtps_c.h\n'}
[220.432485] (fsd_common_msgs) StdoutLine: {'line': b'-- Installing: /home/jack/ros2_homework_advanced/install/fsd_common_msgs/include/fsd_common_msgs/fsd_common_msgs/msg/detail/feedback__rosidl_typesupport_fastrtps_c.h\n'}
[220.434029] (fsd_common_msgs) StdoutLine: {'line': b'-- Installing: /home/jack/ros2_homework_advanced/install/fsd_common_msgs/include/fsd_common_msgs/fsd_common_msgs/msg/detail/asensing_message__rosidl_typesupport_fastrtps_c.h\n'}
[220.435503] (fsd_common_msgs) StdoutLine: {'line': b'-- Installing: /home/jack/ros2_homework_advanced/install/fsd_common_msgs/include/fsd_common_msgs/fsd_common_msgs/msg/detail/trajectory_point__rosidl_typesupport_fastrtps_c.h\n'}
[220.436107] (fsd_common_msgs) StdoutLine: {'line': b'-- Installing: /home/jack/ros2_homework_advanced/install/fsd_common_msgs/include/fsd_common_msgs/fsd_common_msgs/msg/detail/can_frames__rosidl_typesupport_fastrtps_c.h\n'}
[220.438057] (fsd_common_msgs) StdoutLine: {'line': b'-- Installing: /home/jack/ros2_homework_advanced/install/fsd_common_msgs/include/fsd_common_msgs/fsd_common_msgs/msg/detail/echiev_message__rosidl_typesupport_fastrtps_c.h\n'}
[220.438538] (fsd_common_msgs) StdoutLine: {'line': b'-- Installing: /home/jack/ros2_homework_advanced/install/fsd_common_msgs/include/fsd_common_msgs/fsd_common_msgs/msg/detail/cone_detections__rosidl_typesupport_fastrtps_c.h\n'}
[220.438716] (fsd_common_msgs) StdoutLine: {'line': b'-- Installing: /home/jack/ros2_homework_advanced/install/fsd_common_msgs/include/fsd_common_msgs/fsd_common_msgs/msg/rosidl_typesupport_fastrtps_c__visibility_control.h\n'}
[220.438902] (fsd_common_msgs) StdoutLine: {'line': b'-- Installing: /home/jack/ros2_homework_advanced/install/fsd_common_msgs/lib/libfsd_common_msgs__rosidl_typesupport_fastrtps_c.so\n'}
[220.439180] (fsd_common_msgs) StdoutLine: {'line': b'-- Set runtime path of "/home/jack/ros2_homework_advanced/install/fsd_common_msgs/lib/libfsd_common_msgs__rosidl_typesupport_fastrtps_c.so" to ""\n'}
[220.439672] (fsd_common_msgs) StdoutLine: {'line': b'-- Up-to-date: /home/jack/ros2_homework_advanced/install/fsd_common_msgs/include/fsd_common_msgs/fsd_common_msgs\n'}
[220.439936] (fsd_common_msgs) StdoutLine: {'line': b'-- Up-to-date: /home/jack/ros2_homework_advanced/install/fsd_common_msgs/include/fsd_common_msgs/fsd_common_msgs/msg\n'}
[220.440094] (fsd_common_msgs) StdoutLine: {'line': b'-- Up-to-date: /home/jack/ros2_homework_advanced/install/fsd_common_msgs/include/fsd_common_msgs/fsd_common_msgs/msg/detail\n'}
[220.440228] (fsd_common_msgs) StdoutLine: {'line': b'-- Installing: /home/jack/ros2_homework_advanced/install/fsd_common_msgs/include/fsd_common_msgs/fsd_common_msgs/msg/detail/trajectory_point__type_support.c\n'}
[220.440364] (fsd_common_msgs) StdoutLine: {'line': b'-- Installing: /home/jack/ros2_homework_advanced/install/fsd_common_msgs/include/fsd_common_msgs/fsd_common_msgs/msg/detail/cone__rosidl_typesupport_introspection_c.h\n'}
[220.441984] (fsd_common_msgs) StdoutLine: {'line': b'-- Installing: /home/jack/ros2_homework_advanced/install/fsd_common_msgs/include/fsd_common_msgs/fsd_common_msgs/msg/detail/map__type_support.c\n'}
[220.442224] (fsd_common_msgs) StdoutLine: {'line': b'-- Installing: /home/jack/ros2_homework_advanced/install/fsd_common_msgs/include/fsd_common_msgs/fsd_common_msgs/msg/detail/trajectory_point__rosidl_typesupport_introspection_c.h\n'}
[220.442388] (fsd_common_msgs) StdoutLine: {'line': b'-- Installing: /home/jack/ros2_homework_advanced/install/fsd_common_msgs/include/fsd_common_msgs/fsd_common_msgs/msg/detail/yolo_cone_track__type_support.c\n'}
[220.442538] (fsd_common_msgs) StdoutLine: {'line': b'-- Installing: /home/jack/ros2_homework_advanced/install/fsd_common_msgs/include/fsd_common_msgs/fsd_common_msgs/msg/detail/car_state__type_support.c\n'}
[220.442677] (fsd_common_msgs) StdoutLine: {'line': b'-- Installing: /home/jack/ros2_homework_advanced/install/fsd_common_msgs/include/fsd_common_msgs/fsd_common_msgs/msg/detail/ins_delta__rosidl_typesupport_introspection_c.h\n'}
[220.442854] (fsd_common_msgs) StdoutLine: {'line': b'-- Installing: /home/jack/ros2_homework_advanced/install/fsd_common_msgs/include/fsd_common_msgs/fsd_common_msgs/msg/detail/car_state_dt__type_support.c\n'}
[220.444592] (fsd_common_msgs) StdoutLine: {'line': b'-- Installing: /home/jack/ros2_homework_advanced/install/fsd_common_msgs/include/fsd_common_msgs/fsd_common_msgs/msg/detail/decision_flag__rosidl_typesupport_introspection_c.h\n'}
[220.445059] (fsd_common_msgs) StdoutLine: {'line': b'-- Installing: /home/jack/ros2_homework_advanced/install/fsd_common_msgs/include/fsd_common_msgs/fsd_common_msgs/msg/detail/mission__type_support.c\n'}
[220.445262] (fsd_common_msgs) StdoutLine: {'line': b'-- Installing: /home/jack/ros2_homework_advanced/install/fsd_common_msgs/include/fsd_common_msgs/fsd_common_msgs/msg/detail/track__rosidl_typesupport_introspection_c.h\n'}
[220.445416] (fsd_common_msgs) StdoutLine: {'line': b'-- Installing: /home/jack/ros2_homework_advanced/install/fsd_common_msgs/include/fsd_common_msgs/fsd_common_msgs/msg/detail/can_frames__type_support.c\n'}
[220.445559] (fsd_common_msgs) StdoutLine: {'line': b'-- Installing: /home/jack/ros2_homework_advanced/install/fsd_common_msgs/include/fsd_common_msgs/fsd_common_msgs/msg/detail/car_state__rosidl_typesupport_introspection_c.h\n'}
[220.445698] (fsd_common_msgs) StdoutLine: {'line': b'-- Installing: /home/jack/ros2_homework_advanced/install/fsd_common_msgs/include/fsd_common_msgs/fsd_common_msgs/msg/detail/mission__rosidl_typesupport_introspection_c.h\n'}
[220.447245] (fsd_common_msgs) StdoutLine: {'line': b'-- Installing: /home/jack/ros2_homework_advanced/install/fsd_common_msgs/include/fsd_common_msgs/fsd_common_msgs/msg/detail/cone_detections_dbscan__rosidl_typesupport_introspection_c.h\n'}
[220.447478] (fsd_common_msgs) StdoutLine: {'line': b'-- Installing: /home/jack/ros2_homework_advanced/install/fsd_common_msgs/include/fsd_common_msgs/fsd_common_msgs/msg/detail/asensing_message__type_support.c\n'}
[220.448206] (fsd_common_msgs) StdoutLine: {'line': b'-- Installing: /home/jack/ros2_homework_advanced/install/fsd_common_msgs/include/fsd_common_msgs/fsd_common_msgs/msg/detail/cone_detections__rosidl_typesupport_introspection_c.h\n'}
[220.448763] (fsd_common_msgs) StdoutLine: {'line': b'-- Installing: /home/jack/ros2_homework_advanced/install/fsd_common_msgs/include/fsd_common_msgs/fsd_common_msgs/msg/detail/skidpad_global_center_line__rosidl_typesupport_introspection_c.h\n'}
[220.449589] (fsd_common_msgs) StdoutLine: {'line': b'-- Installing: /home/jack/ros2_homework_advanced/install/fsd_common_msgs/include/fsd_common_msgs/fsd_common_msgs/msg/detail/driving_dynamics__type_support.c\n'}
[220.450554] (fsd_common_msgs) StdoutLine: {'line': b'-- Installing: /home/jack/ros2_homework_advanced/install/fsd_common_msgs/include/fsd_common_msgs/fsd_common_msgs/msg/detail/visualization__type_support.c\n'}
[220.450737] (fsd_common_msgs) StdoutLine: {'line': b'-- Installing: /home/jack/ros2_homework_advanced/install/fsd_common_msgs/include/fsd_common_msgs/fsd_common_msgs/msg/detail/yolo_cone_detections_track__rosidl_typesupport_introspection_c.h\n'}
[220.450929] (fsd_common_msgs) StdoutLine: {'line': b'-- Installing: /home/jack/ros2_homework_advanced/install/fsd_common_msgs/include/fsd_common_msgs/fsd_common_msgs/msg/detail/asensing_message__rosidl_typesupport_introspection_c.h\n'}
[220.451070] (fsd_common_msgs) StdoutLine: {'line': b'-- Installing: /home/jack/ros2_homework_advanced/install/fsd_common_msgs/include/fsd_common_msgs/fsd_common_msgs/msg/detail/track__type_support.c\n'}
[220.451241] (fsd_common_msgs) StdoutLine: {'line': b'-- Installing: /home/jack/ros2_homework_advanced/install/fsd_common_msgs/include/fsd_common_msgs/fsd_common_msgs/msg/detail/decision_flag__type_support.c\n'}
[220.451378] (fsd_common_msgs) StdoutLine: {'line': b'-- Installing: /home/jack/ros2_homework_advanced/install/fsd_common_msgs/include/fsd_common_msgs/fsd_common_msgs/msg/detail/feedback__rosidl_typesupport_introspection_c.h\n'}
[220.451511] (fsd_common_msgs) StdoutLine: {'line': b'-- Installing: /home/jack/ros2_homework_advanced/install/fsd_common_msgs/include/fsd_common_msgs/fsd_common_msgs/msg/detail/time__type_support.c\n'}
[220.451655] (fsd_common_msgs) StdoutLine: {'line': b'-- Installing: /home/jack/ros2_homework_advanced/install/fsd_common_msgs/include/fsd_common_msgs/fsd_common_msgs/msg/detail/res_and_ami__type_support.c\n'}
[220.452808] (fsd_common_msgs) StdoutLine: {'line': b'-- Installing: /home/jack/ros2_homework_advanced/install/fsd_common_msgs/include/fsd_common_msgs/fsd_common_msgs/msg/detail/cone_dbscan__type_support.c\n'}
[220.453005] (fsd_common_msgs) StdoutLine: {'line': b'-- Installing: /home/jack/ros2_homework_advanced/install/fsd_common_msgs/include/fsd_common_msgs/fsd_common_msgs/msg/detail/visualization__rosidl_typesupport_introspection_c.h\n'}
[220.453150] (fsd_common_msgs) StdoutLine: {'line': b'-- Installing: /home/jack/ros2_homework_advanced/install/fsd_common_msgs/include/fsd_common_msgs/fsd_common_msgs/msg/detail/yolo_cone_detections__type_support.c\n'}
[220.453283] (fsd_common_msgs) StdoutLine: {'line': b'-- Installing: /home/jack/ros2_homework_advanced/install/fsd_common_msgs/include/fsd_common_msgs/fsd_common_msgs/msg/detail/yolo_cone__type_support.c\n'}
[220.453411] (fsd_common_msgs) StdoutLine: {'line': b'-- Installing: /home/jack/ros2_homework_advanced/install/fsd_common_msgs/include/fsd_common_msgs/fsd_common_msgs/msg/detail/cone_detections__type_support.c\n'}
[220.453559] (fsd_common_msgs) StdoutLine: {'line': b'-- Installing: /home/jack/ros2_homework_advanced/install/fsd_common_msgs/include/fsd_common_msgs/fsd_common_msgs/msg/detail/as_state__rosidl_typesupport_introspection_c.h\n'}
[220.454814] (fsd_common_msgs) StdoutLine: {'line': b'-- Installing: /home/jack/ros2_homework_advanced/install/fsd_common_msgs/include/fsd_common_msgs/fsd_common_msgs/msg/detail/feedback__type_support.c\n'}
[220.455459] (fsd_common_msgs) StdoutLine: {'line': b'-- Installing: /home/jack/ros2_homework_advanced/install/fsd_common_msgs/include/fsd_common_msgs/fsd_common_msgs/msg/detail/can_frames__rosidl_typesupport_introspection_c.h\n'}
[220.455950] (fsd_common_msgs) StdoutLine: {'line': b'-- Installing: /home/jack/ros2_homework_advanced/install/fsd_common_msgs/include/fsd_common_msgs/fsd_common_msgs/msg/detail/control_command__rosidl_typesupport_introspection_c.h\n'}
[220.456894] (fsd_common_msgs) StdoutLine: {'line': b'-- Installing: /home/jack/ros2_homework_advanced/install/fsd_common_msgs/include/fsd_common_msgs/fsd_common_msgs/msg/detail/echiev_message__rosidl_typesupport_introspection_c.h\n'}
[220.457228] (fsd_common_msgs) StdoutLine: {'line': b'-- Installing: /home/jack/ros2_homework_advanced/install/fsd_common_msgs/include/fsd_common_msgs/fsd_common_msgs/msg/detail/map__rosidl_typesupport_introspection_c.h\n'}
[220.457383] (fsd_common_msgs) StdoutLine: {'line': b'-- Installing: /home/jack/ros2_homework_advanced/install/fsd_common_msgs/include/fsd_common_msgs/fsd_common_msgs/msg/detail/cone__type_support.c\n'}
[220.458378] (fsd_common_msgs) StdoutLine: {'line': b'-- Installing: /home/jack/ros2_homework_advanced/install/fsd_common_msgs/include/fsd_common_msgs/fsd_common_msgs/msg/detail/yolo_cone_detections_track__type_support.c\n'}
[220.458822] (fsd_common_msgs) StdoutLine: {'line': b'-- Installing: /home/jack/ros2_homework_advanced/install/fsd_common_msgs/include/fsd_common_msgs/fsd_common_msgs/msg/detail/yolo_cone_track__rosidl_typesupport_introspection_c.h\n'}
[220.460559] (fsd_common_msgs) StdoutLine: {'line': b'-- Installing: /home/jack/ros2_homework_advanced/install/fsd_common_msgs/include/fsd_common_msgs/fsd_common_msgs/msg/detail/yolo_cone__rosidl_typesupport_introspection_c.h\n'}
[220.462032] (fsd_common_msgs) StdoutLine: {'line': b'-- Installing: /home/jack/ros2_homework_advanced/install/fsd_common_msgs/include/fsd_common_msgs/fsd_common_msgs/msg/detail/remote_control_command__rosidl_typesupport_introspection_c.h\n'}
[220.463044] (fsd_common_msgs) StdoutLine: {'line': b'-- Installing: /home/jack/ros2_homework_advanced/install/fsd_common_msgs/include/fsd_common_msgs/fsd_common_msgs/msg/detail/as_state__type_support.c\n'}
[220.464953] (fsd_common_msgs) StdoutLine: {'line': b'-- Installing: /home/jack/ros2_homework_advanced/install/fsd_common_msgs/include/fsd_common_msgs/fsd_common_msgs/msg/detail/car_state_dt__rosidl_typesupport_introspection_c.h\n'}
[220.465233] (fsd_common_msgs) StdoutLine: {'line': b'-- Installing: /home/jack/ros2_homework_advanced/install/fsd_common_msgs/include/fsd_common_msgs/fsd_common_msgs/msg/detail/echiev_message__type_support.c\n'}
[220.466671] (fsd_common_msgs) StdoutLine: {'line': b'-- Installing: /home/jack/ros2_homework_advanced/install/fsd_common_msgs/include/fsd_common_msgs/fsd_common_msgs/msg/detail/cone_dbscan__rosidl_typesupport_introspection_c.h\n'}
[220.468251] (fsd_common_msgs) StdoutLine: {'line': b'-- Installing: /home/jack/ros2_homework_advanced/install/fsd_common_msgs/include/fsd_common_msgs/fsd_common_msgs/msg/detail/yolo_cone_detections__rosidl_typesupport_introspection_c.h\n'}
[220.468502] (fsd_common_msgs) StdoutLine: {'line': b'-- Installing: /home/jack/ros2_homework_advanced/install/fsd_common_msgs/include/fsd_common_msgs/fsd_common_msgs/msg/detail/driving_dynamics__rosidl_typesupport_introspection_c.h\n'}
[220.468686] (fsd_common_msgs) StdoutLine: {'line': b'-- Installing: /home/jack/ros2_homework_advanced/install/fsd_common_msgs/include/fsd_common_msgs/fsd_common_msgs/msg/detail/time__rosidl_typesupport_introspection_c.h\n'}
[220.468868] (fsd_common_msgs) StdoutLine: {'line': b'-- Installing: /home/jack/ros2_homework_advanced/install/fsd_common_msgs/include/fsd_common_msgs/fsd_common_msgs/msg/detail/res_and_ami__rosidl_typesupport_introspection_c.h\n'}
[220.469415] (fsd_common_msgs) StdoutLine: {'line': b'-- Installing: /home/jack/ros2_homework_advanced/install/fsd_common_msgs/include/fsd_common_msgs/fsd_common_msgs/msg/detail/ins_delta__type_support.c\n'}
[220.470084] (fsd_common_msgs) StdoutLine: {'line': b'-- Installing: /home/jack/ros2_homework_advanced/install/fsd_common_msgs/include/fsd_common_msgs/fsd_common_msgs/msg/detail/cone_detections_dbscan__type_support.c\n'}
[220.470770] (fsd_common_msgs) StdoutLine: {'line': b'-- Installing: /home/jack/ros2_homework_advanced/install/fsd_common_msgs/include/fsd_common_msgs/fsd_common_msgs/msg/detail/skidpad_global_center_line__type_support.c\n'}
[220.470966] (fsd_common_msgs) StdoutLine: {'line': b'-- Installing: /home/jack/ros2_homework_advanced/install/fsd_common_msgs/include/fsd_common_msgs/fsd_common_msgs/msg/detail/control_command__type_support.c\n'}
[220.471967] (fsd_common_msgs) StdoutLine: {'line': b'-- Installing: /home/jack/ros2_homework_advanced/install/fsd_common_msgs/include/fsd_common_msgs/fsd_common_msgs/msg/detail/remote_control_command__type_support.c\n'}
[220.472221] (fsd_common_msgs) StdoutLine: {'line': b'-- Installing: /home/jack/ros2_homework_advanced/install/fsd_common_msgs/include/fsd_common_msgs/fsd_common_msgs/msg/rosidl_typesupport_introspection_c__visibility_control.h\n'}
[220.472836] (fsd_common_msgs) StdoutLine: {'line': b'-- Installing: /home/jack/ros2_homework_advanced/install/fsd_common_msgs/lib/libfsd_common_msgs__rosidl_typesupport_introspection_c.so\n'}
[220.473971] (fsd_common_msgs) StdoutLine: {'line': b'-- Set runtime path of "/home/jack/ros2_homework_advanced/install/fsd_common_msgs/lib/libfsd_common_msgs__rosidl_typesupport_introspection_c.so" to ""\n'}
[220.474193] (fsd_common_msgs) StdoutLine: {'line': b'-- Installing: /home/jack/ros2_homework_advanced/install/fsd_common_msgs/lib/libfsd_common_msgs__rosidl_typesupport_c.so\n'}
[220.474708] (fsd_common_msgs) StdoutLine: {'line': b'-- Set runtime path of "/home/jack/ros2_homework_advanced/install/fsd_common_msgs/lib/libfsd_common_msgs__rosidl_typesupport_c.so" to ""\n'}
[220.475445] (fsd_common_msgs) StdoutLine: {'line': b'-- Up-to-date: /home/jack/ros2_homework_advanced/install/fsd_common_msgs/include/fsd_common_msgs/fsd_common_msgs\n'}
[220.475875] (fsd_common_msgs) StdoutLine: {'line': b'-- Up-to-date: /home/jack/ros2_homework_advanced/install/fsd_common_msgs/include/fsd_common_msgs/fsd_common_msgs/msg\n'}
[220.476069] (fsd_common_msgs) StdoutLine: {'line': b'-- Installing: /home/jack/ros2_homework_advanced/install/fsd_common_msgs/include/fsd_common_msgs/fsd_common_msgs/msg/cone_detections_dbscan.hpp\n'}
[220.476727] (fsd_common_msgs) StdoutLine: {'line': b'-- Installing: /home/jack/ros2_homework_advanced/install/fsd_common_msgs/include/fsd_common_msgs/fsd_common_msgs/msg/echiev_message.hpp\n'}
[220.476963] (fsd_common_msgs) StdoutLine: {'line': b'-- Installing: /home/jack/ros2_homework_advanced/install/fsd_common_msgs/include/fsd_common_msgs/fsd_common_msgs/msg/control_command.hpp\n'}
[220.477122] (fsd_common_msgs) StdoutLine: {'line': b'-- Installing: /home/jack/ros2_homework_advanced/install/fsd_common_msgs/include/fsd_common_msgs/fsd_common_msgs/msg/cone_detections.hpp\n'}
[220.478512] (fsd_common_msgs) StdoutLine: {'line': b'-- Installing: /home/jack/ros2_homework_advanced/install/fsd_common_msgs/include/fsd_common_msgs/fsd_common_msgs/msg/cone_dbscan.hpp\n'}
[220.479192] (fsd_common_msgs) StdoutLine: {'line': b'-- Installing: /home/jack/ros2_homework_advanced/install/fsd_common_msgs/include/fsd_common_msgs/fsd_common_msgs/msg/rosidl_generator_cpp__visibility_control.hpp\n'}
[220.480072] (fsd_common_msgs) StdoutLine: {'line': b'-- Installing: /home/jack/ros2_homework_advanced/install/fsd_common_msgs/include/fsd_common_msgs/fsd_common_msgs/msg/car_state.hpp\n'}
[220.480462] (fsd_common_msgs) StdoutLine: {'line': b'-- Installing: /home/jack/ros2_homework_advanced/install/fsd_common_msgs/include/fsd_common_msgs/fsd_common_msgs/msg/yolo_cone_detections_track.hpp\n'}
[220.480667] (fsd_common_msgs) StdoutLine: {'line': b'-- Installing: /home/jack/ros2_homework_advanced/install/fsd_common_msgs/include/fsd_common_msgs/fsd_common_msgs/msg/ins_delta.hpp\n'}
[220.481034] (fsd_common_msgs) StdoutLine: {'line': b'-- Installing: /home/jack/ros2_homework_advanced/install/fsd_common_msgs/include/fsd_common_msgs/fsd_common_msgs/msg/decision_flag.hpp\n'}
[220.481455] (fsd_common_msgs) StdoutLine: {'line': b'-- Installing: /home/jack/ros2_homework_advanced/install/fsd_common_msgs/include/fsd_common_msgs/fsd_common_msgs/msg/yolo_cone.hpp\n'}
[220.481613] (fsd_common_msgs) StdoutLine: {'line': b'-- Installing: /home/jack/ros2_homework_advanced/install/fsd_common_msgs/include/fsd_common_msgs/fsd_common_msgs/msg/trajectory_point.hpp\n'}
[220.481767] (fsd_common_msgs) StdoutLine: {'line': b'-- Installing: /home/jack/ros2_homework_advanced/install/fsd_common_msgs/include/fsd_common_msgs/fsd_common_msgs/msg/car_state_dt.hpp\n'}
[220.481965] (fsd_common_msgs) StdoutLine: {'line': b'-- Up-to-date: /home/jack/ros2_homework_advanced/install/fsd_common_msgs/include/fsd_common_msgs/fsd_common_msgs/msg/detail\n'}
[220.482332] (fsd_common_msgs) StdoutLine: {'line': b'-- Installing: /home/jack/ros2_homework_advanced/install/fsd_common_msgs/include/fsd_common_msgs/fsd_common_msgs/msg/detail/as_state__traits.hpp\n'}
[220.482602] (fsd_common_msgs) StdoutLine: {'line': b'-- Installing: /home/jack/ros2_homework_advanced/install/fsd_common_msgs/include/fsd_common_msgs/fsd_common_msgs/msg/detail/driving_dynamics__type_support.hpp\n'}
[220.482773] (fsd_common_msgs) StdoutLine: {'line': b'-- Installing: /home/jack/ros2_homework_advanced/install/fsd_common_msgs/include/fsd_common_msgs/fsd_common_msgs/msg/detail/cone_detections_dbscan__traits.hpp\n'}
[220.482939] (fsd_common_msgs) StdoutLine: {'line': b'-- Installing: /home/jack/ros2_homework_advanced/install/fsd_common_msgs/include/fsd_common_msgs/fsd_common_msgs/msg/detail/cone_detections__builder.hpp\n'}
[220.483467] (fsd_common_msgs) StdoutLine: {'line': b'-- Installing: /home/jack/ros2_homework_advanced/install/fsd_common_msgs/include/fsd_common_msgs/fsd_common_msgs/msg/detail/skidpad_global_center_line__traits.hpp\n'}
[220.484344] (fsd_common_msgs) StdoutLine: {'line': b'-- Installing: /home/jack/ros2_homework_advanced/install/fsd_common_msgs/include/fsd_common_msgs/fsd_common_msgs/msg/detail/as_state__type_support.hpp\n'}
[220.484567] (fsd_common_msgs) StdoutLine: {'line': b'-- Installing: /home/jack/ros2_homework_advanced/install/fsd_common_msgs/include/fsd_common_msgs/fsd_common_msgs/msg/detail/trajectory_point__builder.hpp\n'}
[220.485335] (fsd_common_msgs) StdoutLine: {'line': b'-- Installing: /home/jack/ros2_homework_advanced/install/fsd_common_msgs/include/fsd_common_msgs/fsd_common_msgs/msg/detail/control_command__builder.hpp\n'}
[220.485883] (fsd_common_msgs) StdoutLine: {'line': b'-- Installing: /home/jack/ros2_homework_advanced/install/fsd_common_msgs/include/fsd_common_msgs/fsd_common_msgs/msg/detail/control_command__traits.hpp\n'}
[220.486356] (fsd_common_msgs) StdoutLine: {'line': b'-- Installing: /home/jack/ros2_homework_advanced/install/fsd_common_msgs/include/fsd_common_msgs/fsd_common_msgs/msg/detail/ins_delta__struct.hpp\n'}
[220.486797] (fsd_common_msgs) StdoutLine: {'line': b'-- Installing: /home/jack/ros2_homework_advanced/install/fsd_common_msgs/include/fsd_common_msgs/fsd_common_msgs/msg/detail/track__builder.hpp\n'}
[220.487382] (fsd_common_msgs) StdoutLine: {'line': b'-- Installing: /home/jack/ros2_homework_advanced/install/fsd_common_msgs/include/fsd_common_msgs/fsd_common_msgs/msg/detail/cone__builder.hpp\n'}
[220.487547] (fsd_common_msgs) StdoutLine: {'line': b'-- Installing: /home/jack/ros2_homework_advanced/install/fsd_common_msgs/include/fsd_common_msgs/fsd_common_msgs/msg/detail/control_command__struct.hpp\n'}
[220.488141] (fsd_common_msgs) StdoutLine: {'line': b'-- Installing: /home/jack/ros2_homework_advanced/install/fsd_common_msgs/include/fsd_common_msgs/fsd_common_msgs/msg/detail/skidpad_global_center_line__struct.hpp\n'}
[220.489832] (fsd_common_msgs) StdoutLine: {'line': b'-- Installing: /home/jack/ros2_homework_advanced/install/fsd_common_msgs/include/fsd_common_msgs/fsd_common_msgs/msg/detail/decision_flag__type_support.hpp\n'}
[220.490086] (fsd_common_msgs) StdoutLine: {'line': b'-- Installing: /home/jack/ros2_homework_advanced/install/fsd_common_msgs/include/fsd_common_msgs/fsd_common_msgs/msg/detail/cone_dbscan__type_support.hpp\n'}
[220.490238] (fsd_common_msgs) StdoutLine: {'line': b'-- Installing: /home/jack/ros2_homework_advanced/install/fsd_common_msgs/include/fsd_common_msgs/fsd_common_msgs/msg/detail/yolo_cone_detections_track__builder.hpp\n'}
[220.490376] (fsd_common_msgs) StdoutLine: {'line': b'-- Installing: /home/jack/ros2_homework_advanced/install/fsd_common_msgs/include/fsd_common_msgs/fsd_common_msgs/msg/detail/track__struct.hpp\n'}
[220.490511] (fsd_common_msgs) StdoutLine: {'line': b'-- Installing: /home/jack/ros2_homework_advanced/install/fsd_common_msgs/include/fsd_common_msgs/fsd_common_msgs/msg/detail/asensing_message__builder.hpp\n'}
[220.490730] (fsd_common_msgs) StdoutLine: {'line': b'-- Installing: /home/jack/ros2_homework_advanced/install/fsd_common_msgs/include/fsd_common_msgs/fsd_common_msgs/msg/detail/yolo_cone__type_support.hpp\n'}
[220.490912] (fsd_common_msgs) StdoutLine: {'line': b'-- Installing: /home/jack/ros2_homework_advanced/install/fsd_common_msgs/include/fsd_common_msgs/fsd_common_msgs/msg/detail/remote_control_command__type_support.hpp\n'}
[220.491049] (fsd_common_msgs) StdoutLine: {'line': b'-- Installing: /home/jack/ros2_homework_advanced/install/fsd_common_msgs/include/fsd_common_msgs/fsd_common_msgs/msg/detail/driving_dynamics__struct.hpp\n'}
[220.491196] (fsd_common_msgs) StdoutLine: {'line': b'-- Installing: /home/jack/ros2_homework_advanced/install/fsd_common_msgs/include/fsd_common_msgs/fsd_common_msgs/msg/detail/car_state_dt__builder.hpp\n'}
[220.491335] (fsd_common_msgs) StdoutLine: {'line': b'-- Installing: /home/jack/ros2_homework_advanced/install/fsd_common_msgs/include/fsd_common_msgs/fsd_common_msgs/msg/detail/visualization__traits.hpp\n'}
[220.491465] (fsd_common_msgs) StdoutLine: {'line': b'-- Installing: /home/jack/ros2_homework_advanced/install/fsd_common_msgs/include/fsd_common_msgs/fsd_common_msgs/msg/detail/car_state__type_support.hpp\n'}
[220.495408] (-) TimerEvent: {}
[220.495795] (fsd_common_msgs) StdoutLine: {'line': b'-- Installing: /home/jack/ros2_homework_advanced/install/fsd_common_msgs/include/fsd_common_msgs/fsd_common_msgs/msg/detail/yolo_cone_detections__struct.hpp\n'}
[220.496070] (fsd_common_msgs) StdoutLine: {'line': b'-- Installing: /home/jack/ros2_homework_advanced/install/fsd_common_msgs/include/fsd_common_msgs/fsd_common_msgs/msg/detail/as_state__builder.hpp\n'}
[220.497829] (fsd_common_msgs) StdoutLine: {'line': b'-- Installing: /home/jack/ros2_homework_advanced/install/fsd_common_msgs/include/fsd_common_msgs/fsd_common_msgs/msg/detail/map__builder.hpp\n'}
[220.498434] (fsd_common_msgs) StdoutLine: {'line': b'-- Installing: /home/jack/ros2_homework_advanced/install/fsd_common_msgs/include/fsd_common_msgs/fsd_common_msgs/msg/detail/decision_flag__builder.hpp\n'}
[220.498611] (fsd_common_msgs) StdoutLine: {'line': b'-- Installing: /home/jack/ros2_homework_advanced/install/fsd_common_msgs/include/fsd_common_msgs/fsd_common_msgs/msg/detail/yolo_cone__traits.hpp\n'}
[220.500249] (fsd_common_msgs) StdoutLine: {'line': b'-- Installing: /home/jack/ros2_homework_advanced/install/fsd_common_msgs/include/fsd_common_msgs/fsd_common_msgs/msg/detail/cone__traits.hpp\n'}
[220.500528] (fsd_common_msgs) StdoutLine: {'line': b'-- Installing: /home/jack/ros2_homework_advanced/install/fsd_common_msgs/include/fsd_common_msgs/fsd_common_msgs/msg/detail/car_state_dt__traits.hpp\n'}
[220.500683] (fsd_common_msgs) StdoutLine: {'line': b'-- Installing: /home/jack/ros2_homework_advanced/install/fsd_common_msgs/include/fsd_common_msgs/fsd_common_msgs/msg/detail/mission__struct.hpp\n'}
[220.501858] (fsd_common_msgs) StdoutLine: {'line': b'-- Installing: /home/jack/ros2_homework_advanced/install/fsd_common_msgs/include/fsd_common_msgs/fsd_common_msgs/msg/detail/as_state__struct.hpp\n'}
[220.502057] (fsd_common_msgs) StdoutLine: {'line': b'-- Installing: /home/jack/ros2_homework_advanced/install/fsd_common_msgs/include/fsd_common_msgs/fsd_common_msgs/msg/detail/time__struct.hpp\n'}
[220.503815] (fsd_common_msgs) StdoutLine: {'line': b'-- Installing: /home/jack/ros2_homework_advanced/install/fsd_common_msgs/include/fsd_common_msgs/fsd_common_msgs/msg/detail/cone__type_support.hpp\n'}
[220.504100] (fsd_common_msgs) StdoutLine: {'line': b'-- Installing: /home/jack/ros2_homework_advanced/install/fsd_common_msgs/include/fsd_common_msgs/fsd_common_msgs/msg/detail/trajectory_point__traits.hpp\n'}
[220.504254] (fsd_common_msgs) StdoutLine: {'line': b'-- Installing: /home/jack/ros2_homework_advanced/install/fsd_common_msgs/include/fsd_common_msgs/fsd_common_msgs/msg/detail/map__struct.hpp\n'}
[220.504393] (fsd_common_msgs) StdoutLine: {'line': b'-- Installing: /home/jack/ros2_homework_advanced/install/fsd_common_msgs/include/fsd_common_msgs/fsd_common_msgs/msg/detail/cone_detections_dbscan__struct.hpp\n'}
[220.504527] (fsd_common_msgs) StdoutLine: {'line': b'-- Installing: /home/jack/ros2_homework_advanced/install/fsd_common_msgs/include/fsd_common_msgs/fsd_common_msgs/msg/detail/yolo_cone_detections_track__struct.hpp\n'}
[220.504659] (fsd_common_msgs) StdoutLine: {'line': b'-- Installing: /home/jack/ros2_homework_advanced/install/fsd_common_msgs/include/fsd_common_msgs/fsd_common_msgs/msg/detail/car_state__traits.hpp\n'}
[220.506897] (fsd_common_msgs) StdoutLine: {'line': b'-- Installing: /home/jack/ros2_homework_advanced/install/fsd_common_msgs/include/fsd_common_msgs/fsd_common_msgs/msg/detail/map__type_support.hpp\n'}
[220.507124] (fsd_common_msgs) StdoutLine: {'line': b'-- Installing: /home/jack/ros2_homework_advanced/install/fsd_common_msgs/include/fsd_common_msgs/fsd_common_msgs/msg/detail/time__traits.hpp\n'}
[220.507272] (fsd_common_msgs) StdoutLine: {'line': b'-- Installing: /home/jack/ros2_homework_advanced/install/fsd_common_msgs/include/fsd_common_msgs/fsd_common_msgs/msg/detail/yolo_cone_track__traits.hpp\n'}
[220.507407] (fsd_common_msgs) StdoutLine: {'line': b'-- Installing: /home/jack/ros2_homework_advanced/install/fsd_common_msgs/include/fsd_common_msgs/fsd_common_msgs/msg/detail/yolo_cone__struct.hpp\n'}
[220.507537] (fsd_common_msgs) StdoutLine: {'line': b'-- Installing: /home/jack/ros2_homework_advanced/install/fsd_common_msgs/include/fsd_common_msgs/fsd_common_msgs/msg/detail/echiev_message__type_support.hpp\n'}
[220.507695] (fsd_common_msgs) StdoutLine: {'line': b'-- Installing: /home/jack/ros2_homework_advanced/install/fsd_common_msgs/include/fsd_common_msgs/fsd_common_msgs/msg/detail/cone_dbscan__builder.hpp\n'}
[220.507867] (fsd_common_msgs) StdoutLine: {'line': b'-- Installing: /home/jack/ros2_homework_advanced/install/fsd_common_msgs/include/fsd_common_msgs/fsd_common_msgs/msg/detail/cone_detections__type_support.hpp\n'}
[220.508006] (fsd_common_msgs) StdoutLine: {'line': b'-- Installing: /home/jack/ros2_homework_advanced/install/fsd_common_msgs/include/fsd_common_msgs/fsd_common_msgs/msg/detail/echiev_message__traits.hpp\n'}
[220.508135] (fsd_common_msgs) StdoutLine: {'line': b'-- Installing: /home/jack/ros2_homework_advanced/install/fsd_common_msgs/include/fsd_common_msgs/fsd_common_msgs/msg/detail/time__builder.hpp\n'}
[220.508262] (fsd_common_msgs) StdoutLine: {'line': b'-- Installing: /home/jack/ros2_homework_advanced/install/fsd_common_msgs/include/fsd_common_msgs/fsd_common_msgs/msg/detail/can_frames__traits.hpp\n'}
[220.508389] (fsd_common_msgs) StdoutLine: {'line': b'-- Installing: /home/jack/ros2_homework_advanced/install/fsd_common_msgs/include/fsd_common_msgs/fsd_common_msgs/msg/detail/visualization__type_support.hpp\n'}
[220.508517] (fsd_common_msgs) StdoutLine: {'line': b'-- Installing: /home/jack/ros2_homework_advanced/install/fsd_common_msgs/include/fsd_common_msgs/fsd_common_msgs/msg/detail/trajectory_point__struct.hpp\n'}
[220.508645] (fsd_common_msgs) StdoutLine: {'line': b'-- Installing: /home/jack/ros2_homework_advanced/install/fsd_common_msgs/include/fsd_common_msgs/fsd_common_msgs/msg/detail/mission__builder.hpp\n'}
[220.512161] (fsd_common_msgs) StdoutLine: {'line': b'-- Installing: /home/jack/ros2_homework_advanced/install/fsd_common_msgs/include/fsd_common_msgs/fsd_common_msgs/msg/detail/map__traits.hpp\n'}
[220.512380] (fsd_common_msgs) StdoutLine: {'line': b'-- Installing: /home/jack/ros2_homework_advanced/install/fsd_common_msgs/include/fsd_common_msgs/fsd_common_msgs/msg/detail/can_frames__builder.hpp\n'}
[220.512551] (fsd_common_msgs) StdoutLine: {'line': b'-- Installing: /home/jack/ros2_homework_advanced/install/fsd_common_msgs/include/fsd_common_msgs/fsd_common_msgs/msg/detail/res_and_ami__struct.hpp\n'}
[220.512691] (fsd_common_msgs) StdoutLine: {'line': b'-- Installing: /home/jack/ros2_homework_advanced/install/fsd_common_msgs/include/fsd_common_msgs/fsd_common_msgs/msg/detail/cone_dbscan__traits.hpp\n'}
[220.514573] (fsd_common_msgs) StdoutLine: {'line': b'-- Installing: /home/jack/ros2_homework_advanced/install/fsd_common_msgs/include/fsd_common_msgs/fsd_common_msgs/msg/detail/can_frames__type_support.hpp\n'}
[220.514912] (fsd_common_msgs) StdoutLine: {'line': b'-- Installing: /home/jack/ros2_homework_advanced/install/fsd_common_msgs/include/fsd_common_msgs/fsd_common_msgs/msg/detail/visualization__struct.hpp\n'}
[220.515077] (fsd_common_msgs) StdoutLine: {'line': b'-- Installing: /home/jack/ros2_homework_advanced/install/fsd_common_msgs/include/fsd_common_msgs/fsd_common_msgs/msg/detail/yolo_cone_track__struct.hpp\n'}
[220.515216] (fsd_common_msgs) StdoutLine: {'line': b'-- Installing: /home/jack/ros2_homework_advanced/install/fsd_common_msgs/include/fsd_common_msgs/fsd_common_msgs/msg/detail/driving_dynamics__traits.hpp\n'}
[220.515348] (fsd_common_msgs) StdoutLine: {'line': b'-- Installing: /home/jack/ros2_homework_advanced/install/fsd_common_msgs/include/fsd_common_msgs/fsd_common_msgs/msg/detail/mission__traits.hpp\n'}
[220.515486] (fsd_common_msgs) StdoutLine: {'line': b'-- Installing: /home/jack/ros2_homework_advanced/install/fsd_common_msgs/include/fsd_common_msgs/fsd_common_msgs/msg/detail/mission__type_support.hpp\n'}
[220.515616] (fsd_common_msgs) StdoutLine: {'line': b'-- Installing: /home/jack/ros2_homework_advanced/install/fsd_common_msgs/include/fsd_common_msgs/fsd_common_msgs/msg/detail/asensing_message__type_support.hpp\n'}
[220.517917] (fsd_common_msgs) StdoutLine: {'line': b'-- Installing: /home/jack/ros2_homework_advanced/install/fsd_common_msgs/include/fsd_common_msgs/fsd_common_msgs/msg/detail/yolo_cone_detections_track__type_support.hpp\n'}
[220.518288] (fsd_common_msgs) StdoutLine: {'line': b'-- Installing: /home/jack/ros2_homework_advanced/install/fsd_common_msgs/include/fsd_common_msgs/fsd_common_msgs/msg/detail/asensing_message__struct.hpp\n'}
[220.518452] (fsd_common_msgs) StdoutLine: {'line': b'-- Installing: /home/jack/ros2_homework_advanced/install/fsd_common_msgs/include/fsd_common_msgs/fsd_common_msgs/msg/detail/remote_control_command__traits.hpp\n'}
[220.518594] (fsd_common_msgs) StdoutLine: {'line': b'-- Installing: /home/jack/ros2_homework_advanced/install/fsd_common_msgs/include/fsd_common_msgs/fsd_common_msgs/msg/detail/skidpad_global_center_line__builder.hpp\n'}
[220.518729] (fsd_common_msgs) StdoutLine: {'line': b'-- Installing: /home/jack/ros2_homework_advanced/install/fsd_common_msgs/include/fsd_common_msgs/fsd_common_msgs/msg/detail/track__type_support.hpp\n'}
[220.518898] (fsd_common_msgs) StdoutLine: {'line': b'-- Installing: /home/jack/ros2_homework_advanced/install/fsd_common_msgs/include/fsd_common_msgs/fsd_common_msgs/msg/detail/visualization__builder.hpp\n'}
[220.519035] (fsd_common_msgs) StdoutLine: {'line': b'-- Installing: /home/jack/ros2_homework_advanced/install/fsd_common_msgs/include/fsd_common_msgs/fsd_common_msgs/msg/detail/echiev_message__struct.hpp\n'}
[220.519164] (fsd_common_msgs) StdoutLine: {'line': b'-- Installing: /home/jack/ros2_homework_advanced/install/fsd_common_msgs/include/fsd_common_msgs/fsd_common_msgs/msg/detail/trajectory_point__type_support.hpp\n'}
[220.519294] (fsd_common_msgs) StdoutLine: {'line': b'-- Installing: /home/jack/ros2_homework_advanced/install/fsd_common_msgs/include/fsd_common_msgs/fsd_common_msgs/msg/detail/cone__struct.hpp\n'}
[220.521899] (fsd_common_msgs) StdoutLine: {'line': b'-- Installing: /home/jack/ros2_homework_advanced/install/fsd_common_msgs/include/fsd_common_msgs/fsd_common_msgs/msg/detail/yolo_cone_detections__type_support.hpp\n'}
[220.522213] (fsd_common_msgs) StdoutLine: {'line': b'-- Installing: /home/jack/ros2_homework_advanced/install/fsd_common_msgs/include/fsd_common_msgs/fsd_common_msgs/msg/detail/feedback__builder.hpp\n'}
[220.522371] (fsd_common_msgs) StdoutLine: {'line': b'-- Installing: /home/jack/ros2_homework_advanced/install/fsd_common_msgs/include/fsd_common_msgs/fsd_common_msgs/msg/detail/driving_dynamics__builder.hpp\n'}
[220.522512] (fsd_common_msgs) StdoutLine: {'line': b'-- Installing: /home/jack/ros2_homework_advanced/install/fsd_common_msgs/include/fsd_common_msgs/fsd_common_msgs/msg/detail/decision_flag__traits.hpp\n'}
[220.522646] (fsd_common_msgs) StdoutLine: {'line': b'-- Installing: /home/jack/ros2_homework_advanced/install/fsd_common_msgs/include/fsd_common_msgs/fsd_common_msgs/msg/detail/yolo_cone__builder.hpp\n'}
[220.525440] (fsd_common_msgs) StdoutLine: {'line': b'-- Installing: /home/jack/ros2_homework_advanced/install/fsd_common_msgs/include/fsd_common_msgs/fsd_common_msgs/msg/detail/car_state__builder.hpp\n'}
[220.525725] (fsd_common_msgs) StdoutLine: {'line': b'-- Installing: /home/jack/ros2_homework_advanced/install/fsd_common_msgs/include/fsd_common_msgs/fsd_common_msgs/msg/detail/yolo_cone_detections_track__traits.hpp\n'}
[220.528395] (fsd_common_msgs) StdoutLine: {'line': b'-- Installing: /home/jack/ros2_homework_advanced/install/fsd_common_msgs/include/fsd_common_msgs/fsd_common_msgs/msg/detail/cone_detections_dbscan__builder.hpp\n'}
[220.530865] (fsd_common_msgs) StdoutLine: {'line': b'-- Installing: /home/jack/ros2_homework_advanced/install/fsd_common_msgs/include/fsd_common_msgs/fsd_common_msgs/msg/detail/car_state_dt__type_support.hpp\n'}
[220.531111] (fsd_common_msgs) StdoutLine: {'line': b'-- Installing: /home/jack/ros2_homework_advanced/install/fsd_common_msgs/include/fsd_common_msgs/fsd_common_msgs/msg/detail/car_state__struct.hpp\n'}
[220.531262] (fsd_common_msgs) StdoutLine: {'line': b'-- Installing: /home/jack/ros2_homework_advanced/install/fsd_common_msgs/include/fsd_common_msgs/fsd_common_msgs/msg/detail/can_frames__struct.hpp\n'}
[220.532944] (fsd_common_msgs) StdoutLine: {'line': b'-- Installing: /home/jack/ros2_homework_advanced/install/fsd_common_msgs/include/fsd_common_msgs/fsd_common_msgs/msg/detail/yolo_cone_detections__builder.hpp\n'}
[220.533148] (fsd_common_msgs) StdoutLine: {'line': b'-- Installing: /home/jack/ros2_homework_advanced/install/fsd_common_msgs/include/fsd_common_msgs/fsd_common_msgs/msg/detail/feedback__traits.hpp\n'}
[220.534355] (fsd_common_msgs) StdoutLine: {'line': b'-- Installing: /home/jack/ros2_homework_advanced/install/fsd_common_msgs/include/fsd_common_msgs/fsd_common_msgs/msg/detail/skidpad_global_center_line__type_support.hpp\n'}
[220.535787] (fsd_common_msgs) StdoutLine: {'line': b'-- Installing: /home/jack/ros2_homework_advanced/install/fsd_common_msgs/include/fsd_common_msgs/fsd_common_msgs/msg/detail/feedback__type_support.hpp\n'}
[220.536058] (fsd_common_msgs) StdoutLine: {'line': b'-- Installing: /home/jack/ros2_homework_advanced/install/fsd_common_msgs/include/fsd_common_msgs/fsd_common_msgs/msg/detail/cone_detections_dbscan__type_support.hpp\n'}
[220.536213] (fsd_common_msgs) StdoutLine: {'line': b'-- Installing: /home/jack/ros2_homework_advanced/install/fsd_common_msgs/include/fsd_common_msgs/fsd_common_msgs/msg/detail/cone_dbscan__struct.hpp\n'}
[220.536351] (fsd_common_msgs) StdoutLine: {'line': b'-- Installing: /home/jack/ros2_homework_advanced/install/fsd_common_msgs/include/fsd_common_msgs/fsd_common_msgs/msg/detail/yolo_cone_detections__traits.hpp\n'}
[220.536484] (fsd_common_msgs) StdoutLine: {'line': b'-- Installing: /home/jack/ros2_homework_advanced/install/fsd_common_msgs/include/fsd_common_msgs/fsd_common_msgs/msg/detail/yolo_cone_track__builder.hpp\n'}
[220.536614] (fsd_common_msgs) StdoutLine: {'line': b'-- Installing: /home/jack/ros2_homework_advanced/install/fsd_common_msgs/include/fsd_common_msgs/fsd_common_msgs/msg/detail/yolo_cone_track__type_support.hpp\n'}
[220.538205] (fsd_common_msgs) StdoutLine: {'line': b'-- Installing: /home/jack/ros2_homework_advanced/install/fsd_common_msgs/include/fsd_common_msgs/fsd_common_msgs/msg/detail/cone_detections__traits.hpp\n'}
[220.538478] (fsd_common_msgs) StdoutLine: {'line': b'-- Installing: /home/jack/ros2_homework_advanced/install/fsd_common_msgs/include/fsd_common_msgs/fsd_common_msgs/msg/detail/remote_control_command__builder.hpp\n'}
[220.538636] (fsd_common_msgs) StdoutLine: {'line': b'-- Installing: /home/jack/ros2_homework_advanced/install/fsd_common_msgs/include/fsd_common_msgs/fsd_common_msgs/msg/detail/ins_delta__builder.hpp\n'}
[220.538794] (fsd_common_msgs) StdoutLine: {'line': b'-- Installing: /home/jack/ros2_homework_advanced/install/fsd_common_msgs/include/fsd_common_msgs/fsd_common_msgs/msg/detail/res_and_ami__traits.hpp\n'}
[220.538949] (fsd_common_msgs) StdoutLine: {'line': b'-- Installing: /home/jack/ros2_homework_advanced/install/fsd_common_msgs/include/fsd_common_msgs/fsd_common_msgs/msg/detail/feedback__struct.hpp\n'}
[220.539086] (fsd_common_msgs) StdoutLine: {'line': b'-- Installing: /home/jack/ros2_homework_advanced/install/fsd_common_msgs/include/fsd_common_msgs/fsd_common_msgs/msg/detail/cone_detections__struct.hpp\n'}
[220.539222] (fsd_common_msgs) StdoutLine: {'line': b'-- Installing: /home/jack/ros2_homework_advanced/install/fsd_common_msgs/include/fsd_common_msgs/fsd_common_msgs/msg/detail/res_and_ami__type_support.hpp\n'}
[220.539357] (fsd_common_msgs) StdoutLine: {'line': b'-- Installing: /home/jack/ros2_homework_advanced/install/fsd_common_msgs/include/fsd_common_msgs/fsd_common_msgs/msg/detail/ins_delta__traits.hpp\n'}
[220.539489] (fsd_common_msgs) StdoutLine: {'line': b'-- Installing: /home/jack/ros2_homework_advanced/install/fsd_common_msgs/include/fsd_common_msgs/fsd_common_msgs/msg/detail/asensing_message__traits.hpp\n'}
[220.539620] (fsd_common_msgs) StdoutLine: {'line': b'-- Installing: /home/jack/ros2_homework_advanced/install/fsd_common_msgs/include/fsd_common_msgs/fsd_common_msgs/msg/detail/remote_control_command__struct.hpp\n'}
[220.541041] (fsd_common_msgs) StdoutLine: {'line': b'-- Installing: /home/jack/ros2_homework_advanced/install/fsd_common_msgs/include/fsd_common_msgs/fsd_common_msgs/msg/detail/decision_flag__struct.hpp\n'}
[220.541897] (fsd_common_msgs) StdoutLine: {'line': b'-- Installing: /home/jack/ros2_homework_advanced/install/fsd_common_msgs/include/fsd_common_msgs/fsd_common_msgs/msg/detail/time__type_support.hpp\n'}
[220.542110] (fsd_common_msgs) StdoutLine: {'line': b'-- Installing: /home/jack/ros2_homework_advanced/install/fsd_common_msgs/include/fsd_common_msgs/fsd_common_msgs/msg/detail/ins_delta__type_support.hpp\n'}
[220.542278] (fsd_common_msgs) StdoutLine: {'line': b'-- Installing: /home/jack/ros2_homework_advanced/install/fsd_common_msgs/include/fsd_common_msgs/fsd_common_msgs/msg/detail/echiev_message__builder.hpp\n'}
[220.542416] (fsd_common_msgs) StdoutLine: {'line': b'-- Installing: /home/jack/ros2_homework_advanced/install/fsd_common_msgs/include/fsd_common_msgs/fsd_common_msgs/msg/detail/car_state_dt__struct.hpp\n'}
[220.542550] (fsd_common_msgs) StdoutLine: {'line': b'-- Installing: /home/jack/ros2_homework_advanced/install/fsd_common_msgs/include/fsd_common_msgs/fsd_common_msgs/msg/detail/control_command__type_support.hpp\n'}
[220.542682] (fsd_common_msgs) StdoutLine: {'line': b'-- Installing: /home/jack/ros2_homework_advanced/install/fsd_common_msgs/include/fsd_common_msgs/fsd_common_msgs/msg/detail/res_and_ami__builder.hpp\n'}
[220.542849] (fsd_common_msgs) StdoutLine: {'line': b'-- Installing: /home/jack/ros2_homework_advanced/install/fsd_common_msgs/include/fsd_common_msgs/fsd_common_msgs/msg/detail/track__traits.hpp\n'}
[220.542992] (fsd_common_msgs) StdoutLine: {'line': b'-- Installing: /home/jack/ros2_homework_advanced/install/fsd_common_msgs/include/fsd_common_msgs/fsd_common_msgs/msg/skidpad_global_center_line.hpp\n'}
[220.543122] (fsd_common_msgs) StdoutLine: {'line': b'-- Installing: /home/jack/ros2_homework_advanced/install/fsd_common_msgs/include/fsd_common_msgs/fsd_common_msgs/msg/as_state.hpp\n'}
[220.543249] (fsd_common_msgs) StdoutLine: {'line': b'-- Installing: /home/jack/ros2_homework_advanced/install/fsd_common_msgs/include/fsd_common_msgs/fsd_common_msgs/msg/remote_control_command.hpp\n'}
[220.543376] (fsd_common_msgs) StdoutLine: {'line': b'-- Installing: /home/jack/ros2_homework_advanced/install/fsd_common_msgs/include/fsd_common_msgs/fsd_common_msgs/msg/mission.hpp\n'}
[220.543502] (fsd_common_msgs) StdoutLine: {'line': b'-- Installing: /home/jack/ros2_homework_advanced/install/fsd_common_msgs/include/fsd_common_msgs/fsd_common_msgs/msg/visualization.hpp\n'}
[220.543625] (fsd_common_msgs) StdoutLine: {'line': b'-- Installing: /home/jack/ros2_homework_advanced/install/fsd_common_msgs/include/fsd_common_msgs/fsd_common_msgs/msg/cone.hpp\n'}
[220.546416] (fsd_common_msgs) StdoutLine: {'line': b'-- Installing: /home/jack/ros2_homework_advanced/install/fsd_common_msgs/include/fsd_common_msgs/fsd_common_msgs/msg/yolo_cone_detections.hpp\n'}
[220.546707] (fsd_common_msgs) StdoutLine: {'line': b'-- Installing: /home/jack/ros2_homework_advanced/install/fsd_common_msgs/include/fsd_common_msgs/fsd_common_msgs/msg/track.hpp\n'}
[220.546891] (fsd_common_msgs) StdoutLine: {'line': b'-- Installing: /home/jack/ros2_homework_advanced/install/fsd_common_msgs/include/fsd_common_msgs/fsd_common_msgs/msg/yolo_cone_track.hpp\n'}
[220.547036] (fsd_common_msgs) StdoutLine: {'line': b'-- Installing: /home/jack/ros2_homework_advanced/install/fsd_common_msgs/include/fsd_common_msgs/fsd_common_msgs/msg/feedback.hpp\n'}
[220.547169] (fsd_common_msgs) StdoutLine: {'line': b'-- Installing: /home/jack/ros2_homework_advanced/install/fsd_common_msgs/include/fsd_common_msgs/fsd_common_msgs/msg/driving_dynamics.hpp\n'}
[220.547299] (fsd_common_msgs) StdoutLine: {'line': b'-- Installing: /home/jack/ros2_homework_advanced/install/fsd_common_msgs/include/fsd_common_msgs/fsd_common_msgs/msg/time.hpp\n'}
[220.547427] (fsd_common_msgs) StdoutLine: {'line': b'-- Installing: /home/jack/ros2_homework_advanced/install/fsd_common_msgs/include/fsd_common_msgs/fsd_common_msgs/msg/asensing_message.hpp\n'}
[220.547584] (fsd_common_msgs) StdoutLine: {'line': b'-- Installing: /home/jack/ros2_homework_advanced/install/fsd_common_msgs/include/fsd_common_msgs/fsd_common_msgs/msg/map.hpp\n'}
[220.547714] (fsd_common_msgs) StdoutLine: {'line': b'-- Installing: /home/jack/ros2_homework_advanced/install/fsd_common_msgs/include/fsd_common_msgs/fsd_common_msgs/msg/res_and_ami.hpp\n'}
[220.547872] (fsd_common_msgs) StdoutLine: {'line': b'-- Installing: /home/jack/ros2_homework_advanced/install/fsd_common_msgs/include/fsd_common_msgs/fsd_common_msgs/msg/can_frames.hpp\n'}
[220.548006] (fsd_common_msgs) StdoutLine: {'line': b'-- Up-to-date: /home/jack/ros2_homework_advanced/install/fsd_common_msgs/include/fsd_common_msgs/fsd_common_msgs\n'}
[220.548134] (fsd_common_msgs) StdoutLine: {'line': b'-- Up-to-date: /home/jack/ros2_homework_advanced/install/fsd_common_msgs/include/fsd_common_msgs/fsd_common_msgs/msg\n'}
[220.548261] (fsd_common_msgs) StdoutLine: {'line': b'-- Up-to-date: /home/jack/ros2_homework_advanced/install/fsd_common_msgs/include/fsd_common_msgs/fsd_common_msgs/msg/detail\n'}
[220.548387] (fsd_common_msgs) StdoutLine: {'line': b'-- Installing: /home/jack/ros2_homework_advanced/install/fsd_common_msgs/include/fsd_common_msgs/fsd_common_msgs/msg/detail/as_state__rosidl_typesupport_fastrtps_cpp.hpp\n'}
[220.548514] (fsd_common_msgs) StdoutLine: {'line': b'-- Installing: /home/jack/ros2_homework_advanced/install/fsd_common_msgs/include/fsd_common_msgs/fsd_common_msgs/msg/detail/res_and_ami__rosidl_typesupport_fastrtps_cpp.hpp\n'}
[220.548655] (fsd_common_msgs) StdoutLine: {'line': b'-- Installing: /home/jack/ros2_homework_advanced/install/fsd_common_msgs/include/fsd_common_msgs/fsd_common_msgs/msg/detail/cone_detections__rosidl_typesupport_fastrtps_cpp.hpp\n'}
[220.550128] (fsd_common_msgs) StdoutLine: {'line': b'-- Installing: /home/jack/ros2_homework_advanced/install/fsd_common_msgs/include/fsd_common_msgs/fsd_common_msgs/msg/detail/map__rosidl_typesupport_fastrtps_cpp.hpp\n'}
[220.550374] (fsd_common_msgs) StdoutLine: {'line': b'-- Installing: /home/jack/ros2_homework_advanced/install/fsd_common_msgs/include/fsd_common_msgs/fsd_common_msgs/msg/detail/feedback__rosidl_typesupport_fastrtps_cpp.hpp\n'}
[220.550564] (fsd_common_msgs) StdoutLine: {'line': b'-- Installing: /home/jack/ros2_homework_advanced/install/fsd_common_msgs/include/fsd_common_msgs/fsd_common_msgs/msg/detail/can_frames__rosidl_typesupport_fastrtps_cpp.hpp\n'}
[220.550727] (fsd_common_msgs) StdoutLine: {'line': b'-- Installing: /home/jack/ros2_homework_advanced/install/fsd_common_msgs/include/fsd_common_msgs/fsd_common_msgs/msg/detail/remote_control_command__rosidl_typesupport_fastrtps_cpp.hpp\n'}
[220.550938] (fsd_common_msgs) StdoutLine: {'line': b'-- Installing: /home/jack/ros2_homework_advanced/install/fsd_common_msgs/include/fsd_common_msgs/fsd_common_msgs/msg/detail/mission__rosidl_typesupport_fastrtps_cpp.hpp\n'}
[220.551083] (fsd_common_msgs) StdoutLine: {'line': b'-- Installing: /home/jack/ros2_homework_advanced/install/fsd_common_msgs/include/fsd_common_msgs/fsd_common_msgs/msg/detail/ins_delta__rosidl_typesupport_fastrtps_cpp.hpp\n'}
[220.551241] (fsd_common_msgs) StdoutLine: {'line': b'-- Installing: /home/jack/ros2_homework_advanced/install/fsd_common_msgs/include/fsd_common_msgs/fsd_common_msgs/msg/detail/yolo_cone_track__rosidl_typesupport_fastrtps_cpp.hpp\n'}
[220.551376] (fsd_common_msgs) StdoutLine: {'line': b'-- Installing: /home/jack/ros2_homework_advanced/install/fsd_common_msgs/include/fsd_common_msgs/fsd_common_msgs/msg/detail/echiev_message__rosidl_typesupport_fastrtps_cpp.hpp\n'}
[220.551505] (fsd_common_msgs) StdoutLine: {'line': b'-- Installing: /home/jack/ros2_homework_advanced/install/fsd_common_msgs/include/fsd_common_msgs/fsd_common_msgs/msg/detail/car_state_dt__rosidl_typesupport_fastrtps_cpp.hpp\n'}
[220.551655] (fsd_common_msgs) StdoutLine: {'line': b'-- Installing: /home/jack/ros2_homework_advanced/install/fsd_common_msgs/include/fsd_common_msgs/fsd_common_msgs/msg/detail/track__rosidl_typesupport_fastrtps_cpp.hpp\n'}
[220.551812] (fsd_common_msgs) StdoutLine: {'line': b'-- Installing: /home/jack/ros2_homework_advanced/install/fsd_common_msgs/include/fsd_common_msgs/fsd_common_msgs/msg/detail/cone__rosidl_typesupport_fastrtps_cpp.hpp\n'}
[220.551978] (fsd_common_msgs) StdoutLine: {'line': b'-- Installing: /home/jack/ros2_homework_advanced/install/fsd_common_msgs/include/fsd_common_msgs/fsd_common_msgs/msg/detail/cone_dbscan__rosidl_typesupport_fastrtps_cpp.hpp\n'}
[220.552110] (fsd_common_msgs) StdoutLine: {'line': b'-- Installing: /home/jack/ros2_homework_advanced/install/fsd_common_msgs/include/fsd_common_msgs/fsd_common_msgs/msg/detail/cone_detections_dbscan__rosidl_typesupport_fastrtps_cpp.hpp\n'}
[220.552265] (fsd_common_msgs) StdoutLine: {'line': b'-- Installing: /home/jack/ros2_homework_advanced/install/fsd_common_msgs/include/fsd_common_msgs/fsd_common_msgs/msg/detail/asensing_message__rosidl_typesupport_fastrtps_cpp.hpp\n'}
[220.552395] (fsd_common_msgs) StdoutLine: {'line': b'-- Installing: /home/jack/ros2_homework_advanced/install/fsd_common_msgs/include/fsd_common_msgs/fsd_common_msgs/msg/detail/yolo_cone_detections_track__rosidl_typesupport_fastrtps_cpp.hpp\n'}
[220.552524] (fsd_common_msgs) StdoutLine: {'line': b'-- Installing: /home/jack/ros2_homework_advanced/install/fsd_common_msgs/include/fsd_common_msgs/fsd_common_msgs/msg/detail/dds_fastrtps\n'}
[220.552652] (fsd_common_msgs) StdoutLine: {'line': b'-- Installing: /home/jack/ros2_homework_advanced/install/fsd_common_msgs/include/fsd_common_msgs/fsd_common_msgs/msg/detail/time__rosidl_typesupport_fastrtps_cpp.hpp\n'}
[220.552799] (fsd_common_msgs) StdoutLine: {'line': b'-- Installing: /home/jack/ros2_homework_advanced/install/fsd_common_msgs/include/fsd_common_msgs/fsd_common_msgs/msg/detail/driving_dynamics__rosidl_typesupport_fastrtps_cpp.hpp\n'}
[220.552943] (fsd_common_msgs) StdoutLine: {'line': b'-- Installing: /home/jack/ros2_homework_advanced/install/fsd_common_msgs/include/fsd_common_msgs/fsd_common_msgs/msg/detail/trajectory_point__rosidl_typesupport_fastrtps_cpp.hpp\n'}
[220.553071] (fsd_common_msgs) StdoutLine: {'line': b'-- Installing: /home/jack/ros2_homework_advanced/install/fsd_common_msgs/include/fsd_common_msgs/fsd_common_msgs/msg/detail/visualization__rosidl_typesupport_fastrtps_cpp.hpp\n'}
[220.553221] (fsd_common_msgs) StdoutLine: {'line': b'-- Installing: /home/jack/ros2_homework_advanced/install/fsd_common_msgs/include/fsd_common_msgs/fsd_common_msgs/msg/detail/car_state__rosidl_typesupport_fastrtps_cpp.hpp\n'}
[220.553351] (fsd_common_msgs) StdoutLine: {'line': b'-- Installing: /home/jack/ros2_homework_advanced/install/fsd_common_msgs/include/fsd_common_msgs/fsd_common_msgs/msg/detail/yolo_cone_detections__rosidl_typesupport_fastrtps_cpp.hpp\n'}
[220.553497] (fsd_common_msgs) StdoutLine: {'line': b'-- Installing: /home/jack/ros2_homework_advanced/install/fsd_common_msgs/include/fsd_common_msgs/fsd_common_msgs/msg/detail/decision_flag__rosidl_typesupport_fastrtps_cpp.hpp\n'}
[220.553628] (fsd_common_msgs) StdoutLine: {'line': b'-- Installing: /home/jack/ros2_homework_advanced/install/fsd_common_msgs/include/fsd_common_msgs/fsd_common_msgs/msg/detail/skidpad_global_center_line__rosidl_typesupport_fastrtps_cpp.hpp\n'}
[220.553787] (fsd_common_msgs) StdoutLine: {'line': b'-- Installing: /home/jack/ros2_homework_advanced/install/fsd_common_msgs/include/fsd_common_msgs/fsd_common_msgs/msg/detail/yolo_cone__rosidl_typesupport_fastrtps_cpp.hpp\n'}
[220.553942] (fsd_common_msgs) StdoutLine: {'line': b'-- Installing: /home/jack/ros2_homework_advanced/install/fsd_common_msgs/include/fsd_common_msgs/fsd_common_msgs/msg/detail/control_command__rosidl_typesupport_fastrtps_cpp.hpp\n'}
[220.554116] (fsd_common_msgs) StdoutLine: {'line': b'-- Installing: /home/jack/ros2_homework_advanced/install/fsd_common_msgs/include/fsd_common_msgs/fsd_common_msgs/msg/rosidl_typesupport_fastrtps_cpp__visibility_control.h\n'}
[220.554247] (fsd_common_msgs) StdoutLine: {'line': b'-- Installing: /home/jack/ros2_homework_advanced/install/fsd_common_msgs/lib/libfsd_common_msgs__rosidl_typesupport_fastrtps_cpp.so\n'}
[220.554385] (fsd_common_msgs) StdoutLine: {'line': b'-- Set runtime path of "/home/jack/ros2_homework_advanced/install/fsd_common_msgs/lib/libfsd_common_msgs__rosidl_typesupport_fastrtps_cpp.so" to ""\n'}
[220.554512] (fsd_common_msgs) StdoutLine: {'line': b'-- Up-to-date: /home/jack/ros2_homework_advanced/install/fsd_common_msgs/include/fsd_common_msgs/fsd_common_msgs\n'}
[220.554638] (fsd_common_msgs) StdoutLine: {'line': b'-- Up-to-date: /home/jack/ros2_homework_advanced/install/fsd_common_msgs/include/fsd_common_msgs/fsd_common_msgs/msg\n'}
[220.554810] (fsd_common_msgs) StdoutLine: {'line': b'-- Up-to-date: /home/jack/ros2_homework_advanced/install/fsd_common_msgs/include/fsd_common_msgs/fsd_common_msgs/msg/detail\n'}
[220.554955] (fsd_common_msgs) StdoutLine: {'line': b'-- Installing: /home/jack/ros2_homework_advanced/install/fsd_common_msgs/include/fsd_common_msgs/fsd_common_msgs/msg/detail/decision_flag__type_support.cpp\n'}
[220.555084] (fsd_common_msgs) StdoutLine: {'line': b'-- Installing: /home/jack/ros2_homework_advanced/install/fsd_common_msgs/include/fsd_common_msgs/fsd_common_msgs/msg/detail/yolo_cone_detections__rosidl_typesupport_introspection_cpp.hpp\n'}
[220.555227] (fsd_common_msgs) StdoutLine: {'line': b'-- Installing: /home/jack/ros2_homework_advanced/install/fsd_common_msgs/include/fsd_common_msgs/fsd_common_msgs/msg/detail/visualization__type_support.cpp\n'}
[220.555356] (fsd_common_msgs) StdoutLine: {'line': b'-- Installing: /home/jack/ros2_homework_advanced/install/fsd_common_msgs/include/fsd_common_msgs/fsd_common_msgs/msg/detail/mission__rosidl_typesupport_introspection_cpp.hpp\n'}
[220.556025] (fsd_common_msgs) StdoutLine: {'line': b'-- Installing: /home/jack/ros2_homework_advanced/install/fsd_common_msgs/include/fsd_common_msgs/fsd_common_msgs/msg/detail/cone__type_support.cpp\n'}
[220.556209] (fsd_common_msgs) StdoutLine: {'line': b'-- Installing: /home/jack/ros2_homework_advanced/install/fsd_common_msgs/include/fsd_common_msgs/fsd_common_msgs/msg/detail/track__type_support.cpp\n'}
[220.556343] (fsd_common_msgs) StdoutLine: {'line': b'-- Installing: /home/jack/ros2_homework_advanced/install/fsd_common_msgs/include/fsd_common_msgs/fsd_common_msgs/msg/detail/yolo_cone__type_support.cpp\n'}
[220.556472] (fsd_common_msgs) StdoutLine: {'line': b'-- Installing: /home/jack/ros2_homework_advanced/install/fsd_common_msgs/include/fsd_common_msgs/fsd_common_msgs/msg/detail/driving_dynamics__type_support.cpp\n'}
[220.556599] (fsd_common_msgs) StdoutLine: {'line': b'-- Installing: /home/jack/ros2_homework_advanced/install/fsd_common_msgs/include/fsd_common_msgs/fsd_common_msgs/msg/detail/control_command__type_support.cpp\n'}
[220.556727] (fsd_common_msgs) StdoutLine: {'line': b'-- Installing: /home/jack/ros2_homework_advanced/install/fsd_common_msgs/include/fsd_common_msgs/fsd_common_msgs/msg/detail/track__rosidl_typesupport_introspection_cpp.hpp\n'}
[220.556887] (fsd_common_msgs) StdoutLine: {'line': b'-- Installing: /home/jack/ros2_homework_advanced/install/fsd_common_msgs/include/fsd_common_msgs/fsd_common_msgs/msg/detail/yolo_cone_track__type_support.cpp\n'}
[220.557024] (fsd_common_msgs) StdoutLine: {'line': b'-- Installing: /home/jack/ros2_homework_advanced/install/fsd_common_msgs/include/fsd_common_msgs/fsd_common_msgs/msg/detail/car_state__rosidl_typesupport_introspection_cpp.hpp\n'}
[220.557155] (fsd_common_msgs) StdoutLine: {'line': b'-- Installing: /home/jack/ros2_homework_advanced/install/fsd_common_msgs/include/fsd_common_msgs/fsd_common_msgs/msg/detail/yolo_cone_detections_track__type_support.cpp\n'}
[220.557315] (fsd_common_msgs) StdoutLine: {'line': b'-- Installing: /home/jack/ros2_homework_advanced/install/fsd_common_msgs/include/fsd_common_msgs/fsd_common_msgs/msg/detail/yolo_cone__rosidl_typesupport_introspection_cpp.hpp\n'}
[220.557487] (fsd_common_msgs) StdoutLine: {'line': b'-- Installing: /home/jack/ros2_homework_advanced/install/fsd_common_msgs/include/fsd_common_msgs/fsd_common_msgs/msg/detail/cone_detections_dbscan__type_support.cpp\n'}
[220.557627] (fsd_common_msgs) StdoutLine: {'line': b'-- Installing: /home/jack/ros2_homework_advanced/install/fsd_common_msgs/include/fsd_common_msgs/fsd_common_msgs/msg/detail/cone_detections_dbscan__rosidl_typesupport_introspection_cpp.hpp\n'}
[220.558216] (fsd_common_msgs) StdoutLine: {'line': b'-- Installing: /home/jack/ros2_homework_advanced/install/fsd_common_msgs/include/fsd_common_msgs/fsd_common_msgs/msg/detail/cone_detections__type_support.cpp\n'}
[220.558519] (fsd_common_msgs) StdoutLine: {'line': b'-- Installing: /home/jack/ros2_homework_advanced/install/fsd_common_msgs/include/fsd_common_msgs/fsd_common_msgs/msg/detail/skidpad_global_center_line__type_support.cpp\n'}
[220.558728] (fsd_common_msgs) StdoutLine: {'line': b'-- Installing: /home/jack/ros2_homework_advanced/install/fsd_common_msgs/include/fsd_common_msgs/fsd_common_msgs/msg/detail/as_state__rosidl_typesupport_introspection_cpp.hpp\n'}
[220.559025] (fsd_common_msgs) StdoutLine: {'line': b'-- Installing: /home/jack/ros2_homework_advanced/install/fsd_common_msgs/include/fsd_common_msgs/fsd_common_msgs/msg/detail/cone_dbscan__rosidl_typesupport_introspection_cpp.hpp\n'}
[220.559221] (fsd_common_msgs) StdoutLine: {'line': b'-- Installing: /home/jack/ros2_homework_advanced/install/fsd_common_msgs/include/fsd_common_msgs/fsd_common_msgs/msg/detail/map__rosidl_typesupport_introspection_cpp.hpp\n'}
[220.559363] (fsd_common_msgs) StdoutLine: {'line': b'-- Installing: /home/jack/ros2_homework_advanced/install/fsd_common_msgs/include/fsd_common_msgs/fsd_common_msgs/msg/detail/asensing_message__rosidl_typesupport_introspection_cpp.hpp\n'}
[220.559503] (fsd_common_msgs) StdoutLine: {'line': b'-- Installing: /home/jack/ros2_homework_advanced/install/fsd_common_msgs/include/fsd_common_msgs/fsd_common_msgs/msg/detail/asensing_message__type_support.cpp\n'}
[220.559641] (fsd_common_msgs) StdoutLine: {'line': b'-- Installing: /home/jack/ros2_homework_advanced/install/fsd_common_msgs/include/fsd_common_msgs/fsd_common_msgs/msg/detail/can_frames__rosidl_typesupport_introspection_cpp.hpp\n'}
[220.559839] (fsd_common_msgs) StdoutLine: {'line': b'-- Installing: /home/jack/ros2_homework_advanced/install/fsd_common_msgs/include/fsd_common_msgs/fsd_common_msgs/msg/detail/ins_delta__rosidl_typesupport_introspection_cpp.hpp\n'}
[220.560083] (fsd_common_msgs) StdoutLine: {'line': b'-- Installing: /home/jack/ros2_homework_advanced/install/fsd_common_msgs/include/fsd_common_msgs/fsd_common_msgs/msg/detail/feedback__rosidl_typesupport_introspection_cpp.hpp\n'}
[220.560242] (fsd_common_msgs) StdoutLine: {'line': b'-- Installing: /home/jack/ros2_homework_advanced/install/fsd_common_msgs/include/fsd_common_msgs/fsd_common_msgs/msg/detail/cone_detections__rosidl_typesupport_introspection_cpp.hpp\n'}
[220.560379] (fsd_common_msgs) StdoutLine: {'line': b'-- Installing: /home/jack/ros2_homework_advanced/install/fsd_common_msgs/include/fsd_common_msgs/fsd_common_msgs/msg/detail/map__type_support.cpp\n'}
[220.560515] (fsd_common_msgs) StdoutLine: {'line': b'-- Installing: /home/jack/ros2_homework_advanced/install/fsd_common_msgs/include/fsd_common_msgs/fsd_common_msgs/msg/detail/car_state_dt__rosidl_typesupport_introspection_cpp.hpp\n'}
[220.560667] (fsd_common_msgs) StdoutLine: {'line': b'-- Installing: /home/jack/ros2_homework_advanced/install/fsd_common_msgs/include/fsd_common_msgs/fsd_common_msgs/msg/detail/res_and_ami__rosidl_typesupport_introspection_cpp.hpp\n'}
[220.560826] (fsd_common_msgs) StdoutLine: {'line': b'-- Installing: /home/jack/ros2_homework_advanced/install/fsd_common_msgs/include/fsd_common_msgs/fsd_common_msgs/msg/detail/time__type_support.cpp\n'}
[220.560967] (fsd_common_msgs) StdoutLine: {'line': b'-- Installing: /home/jack/ros2_homework_advanced/install/fsd_common_msgs/include/fsd_common_msgs/fsd_common_msgs/msg/detail/remote_control_command__rosidl_typesupport_introspection_cpp.hpp\n'}
[220.561097] (fsd_common_msgs) StdoutLine: {'line': b'-- Installing: /home/jack/ros2_homework_advanced/install/fsd_common_msgs/include/fsd_common_msgs/fsd_common_msgs/msg/detail/mission__type_support.cpp\n'}
[220.561273] (fsd_common_msgs) StdoutLine: {'line': b'-- Installing: /home/jack/ros2_homework_advanced/install/fsd_common_msgs/include/fsd_common_msgs/fsd_common_msgs/msg/detail/yolo_cone_detections__type_support.cpp\n'}
[220.561408] (fsd_common_msgs) StdoutLine: {'line': b'-- Installing: /home/jack/ros2_homework_advanced/install/fsd_common_msgs/include/fsd_common_msgs/fsd_common_msgs/msg/detail/cone__rosidl_typesupport_introspection_cpp.hpp\n'}
[220.561537] (fsd_common_msgs) StdoutLine: {'line': b'-- Installing: /home/jack/ros2_homework_advanced/install/fsd_common_msgs/include/fsd_common_msgs/fsd_common_msgs/msg/detail/car_state_dt__type_support.cpp\n'}
[220.561679] (fsd_common_msgs) StdoutLine: {'line': b'-- Installing: /home/jack/ros2_homework_advanced/install/fsd_common_msgs/include/fsd_common_msgs/fsd_common_msgs/msg/detail/visualization__rosidl_typesupport_introspection_cpp.hpp\n'}
[220.561838] (fsd_common_msgs) StdoutLine: {'line': b'-- Installing: /home/jack/ros2_homework_advanced/install/fsd_common_msgs/include/fsd_common_msgs/fsd_common_msgs/msg/detail/as_state__type_support.cpp\n'}
[220.561974] (fsd_common_msgs) StdoutLine: {'line': b'-- Installing: /home/jack/ros2_homework_advanced/install/fsd_common_msgs/include/fsd_common_msgs/fsd_common_msgs/msg/detail/can_frames__type_support.cpp\n'}
[220.562102] (fsd_common_msgs) StdoutLine: {'line': b'-- Installing: /home/jack/ros2_homework_advanced/install/fsd_common_msgs/include/fsd_common_msgs/fsd_common_msgs/msg/detail/yolo_cone_detections_track__rosidl_typesupport_introspection_cpp.hpp\n'}
[220.562252] (fsd_common_msgs) StdoutLine: {'line': b'-- Installing: /home/jack/ros2_homework_advanced/install/fsd_common_msgs/include/fsd_common_msgs/fsd_common_msgs/msg/detail/skidpad_global_center_line__rosidl_typesupport_introspection_cpp.hpp\n'}
[220.562382] (fsd_common_msgs) StdoutLine: {'line': b'-- Installing: /home/jack/ros2_homework_advanced/install/fsd_common_msgs/include/fsd_common_msgs/fsd_common_msgs/msg/detail/res_and_ami__type_support.cpp\n'}
[220.562510] (fsd_common_msgs) StdoutLine: {'line': b'-- Installing: /home/jack/ros2_homework_advanced/install/fsd_common_msgs/include/fsd_common_msgs/fsd_common_msgs/msg/detail/echiev_message__type_support.cpp\n'}
[220.562636] (fsd_common_msgs) StdoutLine: {'line': b'-- Installing: /home/jack/ros2_homework_advanced/install/fsd_common_msgs/include/fsd_common_msgs/fsd_common_msgs/msg/detail/echiev_message__rosidl_typesupport_introspection_cpp.hpp\n'}
[220.562956] (fsd_common_msgs) StdoutLine: {'line': b'-- Installing: /home/jack/ros2_homework_advanced/install/fsd_common_msgs/include/fsd_common_msgs/fsd_common_msgs/msg/detail/car_state__type_support.cpp\n'}
[220.563134] (fsd_common_msgs) StdoutLine: {'line': b'-- Installing: /home/jack/ros2_homework_advanced/install/fsd_common_msgs/include/fsd_common_msgs/fsd_common_msgs/msg/detail/control_command__rosidl_typesupport_introspection_cpp.hpp\n'}
[220.563267] (fsd_common_msgs) StdoutLine: {'line': b'-- Installing: /home/jack/ros2_homework_advanced/install/fsd_common_msgs/include/fsd_common_msgs/fsd_common_msgs/msg/detail/driving_dynamics__rosidl_typesupport_introspection_cpp.hpp\n'}
[220.563395] (fsd_common_msgs) StdoutLine: {'line': b'-- Installing: /home/jack/ros2_homework_advanced/install/fsd_common_msgs/include/fsd_common_msgs/fsd_common_msgs/msg/detail/remote_control_command__type_support.cpp\n'}
[220.563522] (fsd_common_msgs) StdoutLine: {'line': b'-- Installing: /home/jack/ros2_homework_advanced/install/fsd_common_msgs/include/fsd_common_msgs/fsd_common_msgs/msg/detail/trajectory_point__rosidl_typesupport_introspection_cpp.hpp\n'}
[220.563649] (fsd_common_msgs) StdoutLine: {'line': b'-- Installing: /home/jack/ros2_homework_advanced/install/fsd_common_msgs/include/fsd_common_msgs/fsd_common_msgs/msg/detail/time__rosidl_typesupport_introspection_cpp.hpp\n'}
[220.563864] (fsd_common_msgs) StdoutLine: {'line': b'-- Installing: /home/jack/ros2_homework_advanced/install/fsd_common_msgs/include/fsd_common_msgs/fsd_common_msgs/msg/detail/yolo_cone_track__rosidl_typesupport_introspection_cpp.hpp\n'}
[220.564025] (fsd_common_msgs) StdoutLine: {'line': b'-- Installing: /home/jack/ros2_homework_advanced/install/fsd_common_msgs/include/fsd_common_msgs/fsd_common_msgs/msg/detail/feedback__type_support.cpp\n'}
[220.564155] (fsd_common_msgs) StdoutLine: {'line': b'-- Installing: /home/jack/ros2_homework_advanced/install/fsd_common_msgs/include/fsd_common_msgs/fsd_common_msgs/msg/detail/cone_dbscan__type_support.cpp\n'}
[220.564300] (fsd_common_msgs) StdoutLine: {'line': b'-- Installing: /home/jack/ros2_homework_advanced/install/fsd_common_msgs/include/fsd_common_msgs/fsd_common_msgs/msg/detail/decision_flag__rosidl_typesupport_introspection_cpp.hpp\n'}
[220.564430] (fsd_common_msgs) StdoutLine: {'line': b'-- Installing: /home/jack/ros2_homework_advanced/install/fsd_common_msgs/include/fsd_common_msgs/fsd_common_msgs/msg/detail/ins_delta__type_support.cpp\n'}
[220.564558] (fsd_common_msgs) StdoutLine: {'line': b'-- Installing: /home/jack/ros2_homework_advanced/install/fsd_common_msgs/include/fsd_common_msgs/fsd_common_msgs/msg/detail/trajectory_point__type_support.cpp\n'}
[220.564703] (fsd_common_msgs) StdoutLine: {'line': b'-- Installing: /home/jack/ros2_homework_advanced/install/fsd_common_msgs/lib/libfsd_common_msgs__rosidl_typesupport_introspection_cpp.so\n'}
[220.564861] (fsd_common_msgs) StdoutLine: {'line': b'-- Set runtime path of "/home/jack/ros2_homework_advanced/install/fsd_common_msgs/lib/libfsd_common_msgs__rosidl_typesupport_introspection_cpp.so" to ""\n'}
[220.564996] (fsd_common_msgs) StdoutLine: {'line': b'-- Installing: /home/jack/ros2_homework_advanced/install/fsd_common_msgs/lib/libfsd_common_msgs__rosidl_typesupport_cpp.so\n'}
[220.565124] (fsd_common_msgs) StdoutLine: {'line': b'-- Set runtime path of "/home/jack/ros2_homework_advanced/install/fsd_common_msgs/lib/libfsd_common_msgs__rosidl_typesupport_cpp.so" to ""\n'}
[220.565285] (fsd_common_msgs) StdoutLine: {'line': b'-- Installing: /home/jack/ros2_homework_advanced/install/fsd_common_msgs/share/fsd_common_msgs/environment/pythonpath.sh\n'}
[220.565416] (fsd_common_msgs) StdoutLine: {'line': b'-- Installing: /home/jack/ros2_homework_advanced/install/fsd_common_msgs/share/fsd_common_msgs/environment/pythonpath.dsv\n'}
[220.565546] (fsd_common_msgs) StdoutLine: {'line': b'-- Installing: /home/jack/ros2_homework_advanced/install/fsd_common_msgs/local/lib/python3.10/dist-packages/fsd_common_msgs-0.0.0-py3.10.egg-info\n'}
[220.565677] (fsd_common_msgs) StdoutLine: {'line': b'-- Installing: /home/jack/ros2_homework_advanced/install/fsd_common_msgs/local/lib/python3.10/dist-packages/fsd_common_msgs-0.0.0-py3.10.egg-info/SOURCES.txt\n'}
[220.565829] (fsd_common_msgs) StdoutLine: {'line': b'-- Installing: /home/jack/ros2_homework_advanced/install/fsd_common_msgs/local/lib/python3.10/dist-packages/fsd_common_msgs-0.0.0-py3.10.egg-info/dependency_links.txt\n'}
[220.565972] (fsd_common_msgs) StdoutLine: {'line': b'-- Installing: /home/jack/ros2_homework_advanced/install/fsd_common_msgs/local/lib/python3.10/dist-packages/fsd_common_msgs-0.0.0-py3.10.egg-info/PKG-INFO\n'}
[220.566103] (fsd_common_msgs) StdoutLine: {'line': b'-- Installing: /home/jack/ros2_homework_advanced/install/fsd_common_msgs/local/lib/python3.10/dist-packages/fsd_common_msgs-0.0.0-py3.10.egg-info/top_level.txt\n'}
[220.566831] (fsd_common_msgs) StdoutLine: {'line': b'-- Installing: /home/jack/ros2_homework_advanced/install/fsd_common_msgs/local/lib/python3.10/dist-packages/fsd_common_msgs\n'}
[220.567082] (fsd_common_msgs) StdoutLine: {'line': b'-- Installing: /home/jack/ros2_homework_advanced/install/fsd_common_msgs/local/lib/python3.10/dist-packages/fsd_common_msgs/_fsd_common_msgs_s.ep.rosidl_typesupport_c.c\n'}
[220.567227] (fsd_common_msgs) StdoutLine: {'line': b'-- Installing: /home/jack/ros2_homework_advanced/install/fsd_common_msgs/local/lib/python3.10/dist-packages/fsd_common_msgs/_fsd_common_msgs_s.ep.rosidl_typesupport_introspection_c.c\n'}
[220.567391] (fsd_common_msgs) StdoutLine: {'line': b'-- Installing: /home/jack/ros2_homework_advanced/install/fsd_common_msgs/local/lib/python3.10/dist-packages/fsd_common_msgs/fsd_common_msgs_s__rosidl_typesupport_fastrtps_c.cpython-310-x86_64-linux-gnu.so\n'}
[220.567536] (fsd_common_msgs) StdoutLine: {'line': b'-- Installing: /home/jack/ros2_homework_advanced/install/fsd_common_msgs/local/lib/python3.10/dist-packages/fsd_common_msgs/__init__.py\n'}
[220.567667] (fsd_common_msgs) StdoutLine: {'line': b'-- Installing: /home/jack/ros2_homework_advanced/install/fsd_common_msgs/local/lib/python3.10/dist-packages/fsd_common_msgs/msg\n'}
[220.567853] (fsd_common_msgs) StdoutLine: {'line': b'-- Installing: /home/jack/ros2_homework_advanced/install/fsd_common_msgs/local/lib/python3.10/dist-packages/fsd_common_msgs/msg/_can_frames.py\n'}
[220.567999] (fsd_common_msgs) StdoutLine: {'line': b'-- Installing: /home/jack/ros2_homework_advanced/install/fsd_common_msgs/local/lib/python3.10/dist-packages/fsd_common_msgs/msg/_yolo_cone_track_s.c\n'}
[220.568129] (fsd_common_msgs) StdoutLine: {'line': b'-- Installing: /home/jack/ros2_homework_advanced/install/fsd_common_msgs/local/lib/python3.10/dist-packages/fsd_common_msgs/msg/_ins_delta.py\n'}
[220.568272] (fsd_common_msgs) StdoutLine: {'line': b'-- Installing: /home/jack/ros2_homework_advanced/install/fsd_common_msgs/local/lib/python3.10/dist-packages/fsd_common_msgs/msg/_yolo_cone.py\n'}
[220.568401] (fsd_common_msgs) StdoutLine: {'line': b'-- Installing: /home/jack/ros2_homework_advanced/install/fsd_common_msgs/local/lib/python3.10/dist-packages/fsd_common_msgs/msg/_decision_flag.py\n'}
[220.568528] (fsd_common_msgs) StdoutLine: {'line': b'-- Installing: /home/jack/ros2_homework_advanced/install/fsd_common_msgs/local/lib/python3.10/dist-packages/fsd_common_msgs/msg/_feedback_s.c\n'}
[220.568654] (fsd_common_msgs) StdoutLine: {'line': b'-- Installing: /home/jack/ros2_homework_advanced/install/fsd_common_msgs/local/lib/python3.10/dist-packages/fsd_common_msgs/msg/_ins_delta_s.c\n'}
[220.568821] (fsd_common_msgs) StdoutLine: {'line': b'-- Installing: /home/jack/ros2_homework_advanced/install/fsd_common_msgs/local/lib/python3.10/dist-packages/fsd_common_msgs/msg/_cone.py\n'}
[220.568961] (fsd_common_msgs) StdoutLine: {'line': b'-- Installing: /home/jack/ros2_homework_advanced/install/fsd_common_msgs/local/lib/python3.10/dist-packages/fsd_common_msgs/msg/_res_and_ami_s.c\n'}
[220.569089] (fsd_common_msgs) StdoutLine: {'line': b'-- Installing: /home/jack/ros2_homework_advanced/install/fsd_common_msgs/local/lib/python3.10/dist-packages/fsd_common_msgs/msg/_time_s.c\n'}
[220.569232] (fsd_common_msgs) StdoutLine: {'line': b'-- Installing: /home/jack/ros2_homework_advanced/install/fsd_common_msgs/local/lib/python3.10/dist-packages/fsd_common_msgs/msg/_trajectory_point_s.c\n'}
[220.569359] (fsd_common_msgs) StdoutLine: {'line': b'-- Installing: /home/jack/ros2_homework_advanced/install/fsd_common_msgs/local/lib/python3.10/dist-packages/fsd_common_msgs/msg/_can_frames_s.c\n'}
[220.569485] (fsd_common_msgs) StdoutLine: {'line': b'-- Installing: /home/jack/ros2_homework_advanced/install/fsd_common_msgs/local/lib/python3.10/dist-packages/fsd_common_msgs/msg/_remote_control_command_s.c\n'}
[220.569641] (fsd_common_msgs) StdoutLine: {'line': b'-- Installing: /home/jack/ros2_homework_advanced/install/fsd_common_msgs/local/lib/python3.10/dist-packages/fsd_common_msgs/msg/_cone_dbscan_s.c\n'}
[220.569782] (fsd_common_msgs) StdoutLine: {'line': b'-- Installing: /home/jack/ros2_homework_advanced/install/fsd_common_msgs/local/lib/python3.10/dist-packages/fsd_common_msgs/msg/_mission_s.c\n'}
[220.569926] (fsd_common_msgs) StdoutLine: {'line': b'-- Installing: /home/jack/ros2_homework_advanced/install/fsd_common_msgs/local/lib/python3.10/dist-packages/fsd_common_msgs/msg/__init__.py\n'}
[220.570055] (fsd_common_msgs) StdoutLine: {'line': b'-- Installing: /home/jack/ros2_homework_advanced/install/fsd_common_msgs/local/lib/python3.10/dist-packages/fsd_common_msgs/msg/_yolo_cone_detections.py\n'}
[220.570206] (fsd_common_msgs) StdoutLine: {'line': b'-- Installing: /home/jack/ros2_homework_advanced/install/fsd_common_msgs/local/lib/python3.10/dist-packages/fsd_common_msgs/msg/_cone_detections_s.c\n'}
[220.570349] (fsd_common_msgs) StdoutLine: {'line': b'-- Installing: /home/jack/ros2_homework_advanced/install/fsd_common_msgs/local/lib/python3.10/dist-packages/fsd_common_msgs/msg/_car_state_dt_s.c\n'}
[220.570477] (fsd_common_msgs) StdoutLine: {'line': b'-- Installing: /home/jack/ros2_homework_advanced/install/fsd_common_msgs/local/lib/python3.10/dist-packages/fsd_common_msgs/msg/_visualization.py\n'}
[220.570602] (fsd_common_msgs) StdoutLine: {'line': b'-- Installing: /home/jack/ros2_homework_advanced/install/fsd_common_msgs/local/lib/python3.10/dist-packages/fsd_common_msgs/msg/_echiev_message_s.c\n'}
[220.570726] (fsd_common_msgs) StdoutLine: {'line': b'-- Installing: /home/jack/ros2_homework_advanced/install/fsd_common_msgs/local/lib/python3.10/dist-packages/fsd_common_msgs/msg/_as_state.py\n'}
[220.570877] (fsd_common_msgs) StdoutLine: {'line': b'-- Installing: /home/jack/ros2_homework_advanced/install/fsd_common_msgs/local/lib/python3.10/dist-packages/fsd_common_msgs/msg/_driving_dynamics.py\n'}
[220.571010] (fsd_common_msgs) StdoutLine: {'line': b'-- Installing: /home/jack/ros2_homework_advanced/install/fsd_common_msgs/local/lib/python3.10/dist-packages/fsd_common_msgs/msg/_trajectory_point.py\n'}
[220.571137] (fsd_common_msgs) StdoutLine: {'line': b'-- Installing: /home/jack/ros2_homework_advanced/install/fsd_common_msgs/local/lib/python3.10/dist-packages/fsd_common_msgs/msg/_control_command_s.c\n'}
[220.571309] (fsd_common_msgs) StdoutLine: {'line': b'-- Installing: /home/jack/ros2_homework_advanced/install/fsd_common_msgs/local/lib/python3.10/dist-packages/fsd_common_msgs/msg/_visualization_s.c\n'}
[220.571438] (fsd_common_msgs) StdoutLine: {'line': b'-- Installing: /home/jack/ros2_homework_advanced/install/fsd_common_msgs/local/lib/python3.10/dist-packages/fsd_common_msgs/msg/_as_state_s.c\n'}
[220.571566] (fsd_common_msgs) StdoutLine: {'line': b'-- Installing: /home/jack/ros2_homework_advanced/install/fsd_common_msgs/local/lib/python3.10/dist-packages/fsd_common_msgs/msg/_yolo_cone_detections_s.c\n'}
[220.571694] (fsd_common_msgs) StdoutLine: {'line': b'-- Installing: /home/jack/ros2_homework_advanced/install/fsd_common_msgs/local/lib/python3.10/dist-packages/fsd_common_msgs/msg/_track_s.c\n'}
[220.571849] (fsd_common_msgs) StdoutLine: {'line': b'-- Installing: /home/jack/ros2_homework_advanced/install/fsd_common_msgs/local/lib/python3.10/dist-packages/fsd_common_msgs/msg/_time.py\n'}
[220.571983] (fsd_common_msgs) StdoutLine: {'line': b'-- Installing: /home/jack/ros2_homework_advanced/install/fsd_common_msgs/local/lib/python3.10/dist-packages/fsd_common_msgs/msg/_driving_dynamics_s.c\n'}
[220.572138] (fsd_common_msgs) StdoutLine: {'line': b'-- Installing: /home/jack/ros2_homework_advanced/install/fsd_common_msgs/local/lib/python3.10/dist-packages/fsd_common_msgs/msg/_feedback.py\n'}
[220.572268] (fsd_common_msgs) StdoutLine: {'line': b'-- Installing: /home/jack/ros2_homework_advanced/install/fsd_common_msgs/local/lib/python3.10/dist-packages/fsd_common_msgs/msg/_track.py\n'}
[220.572397] (fsd_common_msgs) StdoutLine: {'line': b'-- Installing: /home/jack/ros2_homework_advanced/install/fsd_common_msgs/local/lib/python3.10/dist-packages/fsd_common_msgs/msg/_res_and_ami.py\n'}
[220.572525] (fsd_common_msgs) StdoutLine: {'line': b'-- Installing: /home/jack/ros2_homework_advanced/install/fsd_common_msgs/local/lib/python3.10/dist-packages/fsd_common_msgs/msg/_car_state.py\n'}
[220.572653] (fsd_common_msgs) StdoutLine: {'line': b'-- Installing: /home/jack/ros2_homework_advanced/install/fsd_common_msgs/local/lib/python3.10/dist-packages/fsd_common_msgs/msg/_cone_detections.py\n'}
[220.572816] (fsd_common_msgs) StdoutLine: {'line': b'-- Installing: /home/jack/ros2_homework_advanced/install/fsd_common_msgs/local/lib/python3.10/dist-packages/fsd_common_msgs/msg/_yolo_cone_track.py\n'}
[220.572961] (fsd_common_msgs) StdoutLine: {'line': b'-- Installing: /home/jack/ros2_homework_advanced/install/fsd_common_msgs/local/lib/python3.10/dist-packages/fsd_common_msgs/msg/_asensing_message_s.c\n'}
[220.573114] (fsd_common_msgs) StdoutLine: {'line': b'-- Installing: /home/jack/ros2_homework_advanced/install/fsd_common_msgs/local/lib/python3.10/dist-packages/fsd_common_msgs/msg/_skidpad_global_center_line.py\n'}
[220.573270] (fsd_common_msgs) StdoutLine: {'line': b'-- Installing: /home/jack/ros2_homework_advanced/install/fsd_common_msgs/local/lib/python3.10/dist-packages/fsd_common_msgs/msg/_car_state_s.c\n'}
[220.573403] (fsd_common_msgs) StdoutLine: {'line': b'-- Installing: /home/jack/ros2_homework_advanced/install/fsd_common_msgs/local/lib/python3.10/dist-packages/fsd_common_msgs/msg/_skidpad_global_center_line_s.c\n'}
[220.573532] (fsd_common_msgs) StdoutLine: {'line': b'-- Installing: /home/jack/ros2_homework_advanced/install/fsd_common_msgs/local/lib/python3.10/dist-packages/fsd_common_msgs/msg/_remote_control_command.py\n'}
[220.573660] (fsd_common_msgs) StdoutLine: {'line': b'-- Installing: /home/jack/ros2_homework_advanced/install/fsd_common_msgs/local/lib/python3.10/dist-packages/fsd_common_msgs/msg/_car_state_dt.py\n'}
[220.573833] (fsd_common_msgs) StdoutLine: {'line': b'-- Installing: /home/jack/ros2_homework_advanced/install/fsd_common_msgs/local/lib/python3.10/dist-packages/fsd_common_msgs/msg/_map.py\n'}
[220.573973] (fsd_common_msgs) StdoutLine: {'line': b'-- Installing: /home/jack/ros2_homework_advanced/install/fsd_common_msgs/local/lib/python3.10/dist-packages/fsd_common_msgs/msg/_echiev_message.py\n'}
[220.574101] (fsd_common_msgs) StdoutLine: {'line': b'-- Installing: /home/jack/ros2_homework_advanced/install/fsd_common_msgs/local/lib/python3.10/dist-packages/fsd_common_msgs/msg/_yolo_cone_s.c\n'}
[220.574244] (fsd_common_msgs) StdoutLine: {'line': b'-- Installing: /home/jack/ros2_homework_advanced/install/fsd_common_msgs/local/lib/python3.10/dist-packages/fsd_common_msgs/msg/_yolo_cone_detections_track.py\n'}
[220.574372] (fsd_common_msgs) StdoutLine: {'line': b'-- Installing: /home/jack/ros2_homework_advanced/install/fsd_common_msgs/local/lib/python3.10/dist-packages/fsd_common_msgs/msg/_decision_flag_s.c\n'}
[220.574497] (fsd_common_msgs) StdoutLine: {'line': b'-- Installing: /home/jack/ros2_homework_advanced/install/fsd_common_msgs/local/lib/python3.10/dist-packages/fsd_common_msgs/msg/_control_command.py\n'}
[220.574641] (fsd_common_msgs) StdoutLine: {'line': b'-- Installing: /home/jack/ros2_homework_advanced/install/fsd_common_msgs/local/lib/python3.10/dist-packages/fsd_common_msgs/msg/_yolo_cone_detections_track_s.c\n'}
[220.574781] (fsd_common_msgs) StdoutLine: {'line': b'-- Installing: /home/jack/ros2_homework_advanced/install/fsd_common_msgs/local/lib/python3.10/dist-packages/fsd_common_msgs/msg/_cone_detections_dbscan.py\n'}
[220.574923] (fsd_common_msgs) StdoutLine: {'line': b'-- Installing: /home/jack/ros2_homework_advanced/install/fsd_common_msgs/local/lib/python3.10/dist-packages/fsd_common_msgs/msg/_map_s.c\n'}
[220.575050] (fsd_common_msgs) StdoutLine: {'line': b'-- Installing: /home/jack/ros2_homework_advanced/install/fsd_common_msgs/local/lib/python3.10/dist-packages/fsd_common_msgs/msg/_asensing_message.py\n'}
[220.575217] (fsd_common_msgs) StdoutLine: {'line': b'-- Installing: /home/jack/ros2_homework_advanced/install/fsd_common_msgs/local/lib/python3.10/dist-packages/fsd_common_msgs/msg/_mission.py\n'}
[220.575349] (fsd_common_msgs) StdoutLine: {'line': b'-- Installing: /home/jack/ros2_homework_advanced/install/fsd_common_msgs/local/lib/python3.10/dist-packages/fsd_common_msgs/msg/_cone_dbscan.py\n'}
[220.575475] (fsd_common_msgs) StdoutLine: {'line': b'-- Installing: /home/jack/ros2_homework_advanced/install/fsd_common_msgs/local/lib/python3.10/dist-packages/fsd_common_msgs/msg/_cone_detections_dbscan_s.c\n'}
[220.575602] (fsd_common_msgs) StdoutLine: {'line': b'-- Installing: /home/jack/ros2_homework_advanced/install/fsd_common_msgs/local/lib/python3.10/dist-packages/fsd_common_msgs/msg/_cone_s.c\n'}
[220.575727] (fsd_common_msgs) StdoutLine: {'line': b'-- Installing: /home/jack/ros2_homework_advanced/install/fsd_common_msgs/local/lib/python3.10/dist-packages/fsd_common_msgs/_fsd_common_msgs_s.ep.rosidl_typesupport_fastrtps_c.c\n'}
[220.578362] (fsd_common_msgs) StdoutLine: {'line': b'-- Installing: /home/jack/ros2_homework_advanced/install/fsd_common_msgs/local/lib/python3.10/dist-packages/fsd_common_msgs/fsd_common_msgs_s__rosidl_typesupport_introspection_c.cpython-310-x86_64-linux-gnu.so\n'}
[220.578568] (fsd_common_msgs) StdoutLine: {'line': b'-- Installing: /home/jack/ros2_homework_advanced/install/fsd_common_msgs/local/lib/python3.10/dist-packages/fsd_common_msgs/fsd_common_msgs_s__rosidl_typesupport_c.cpython-310-x86_64-linux-gnu.so\n'}
[220.578718] (fsd_common_msgs) StdoutLine: {'line': b'-- Installing: /home/jack/ros2_homework_advanced/install/fsd_common_msgs/local/lib/python3.10/dist-packages/fsd_common_msgs/libfsd_common_msgs__rosidl_generator_py.so\n'}
[220.596828] (-) TimerEvent: {}
[220.697257] (-) TimerEvent: {}
[220.799522] (-) TimerEvent: {}
[220.800099] (fsd_common_msgs) StdoutLine: {'line': b"Listing '/home/jack/ros2_homework_advanced/install/fsd_common_msgs/local/lib/python3.10/dist-packages/fsd_common_msgs'...\n"}
[220.800389] (fsd_common_msgs) StdoutLine: {'line': b"Compiling '/home/jack/ros2_homework_advanced/install/fsd_common_msgs/local/lib/python3.10/dist-packages/fsd_common_msgs/__init__.py'...\n"}
[220.800577] (fsd_common_msgs) StdoutLine: {'line': b"Listing '/home/jack/ros2_homework_advanced/install/fsd_common_msgs/local/lib/python3.10/dist-packages/fsd_common_msgs/msg'...\n"}
[220.800794] (fsd_common_msgs) StdoutLine: {'line': b"Compiling '/home/jack/ros2_homework_advanced/install/fsd_common_msgs/local/lib/python3.10/dist-packages/fsd_common_msgs/msg/__init__.py'...\n"}
[220.801401] (fsd_common_msgs) StdoutLine: {'line': b"Compiling '/home/jack/ros2_homework_advanced/install/fsd_common_msgs/local/lib/python3.10/dist-packages/fsd_common_msgs/msg/_as_state.py'...\n"}
[220.801573] (fsd_common_msgs) StdoutLine: {'line': b"Compiling '/home/jack/ros2_homework_advanced/install/fsd_common_msgs/local/lib/python3.10/dist-packages/fsd_common_msgs/msg/_asensing_message.py'...\n"}
[220.801736] (fsd_common_msgs) StdoutLine: {'line': b"Compiling '/home/jack/ros2_homework_advanced/install/fsd_common_msgs/local/lib/python3.10/dist-packages/fsd_common_msgs/msg/_can_frames.py'...\n"}
[220.802721] (fsd_common_msgs) StdoutLine: {'line': b"Compiling '/home/jack/ros2_homework_advanced/install/fsd_common_msgs/local/lib/python3.10/dist-packages/fsd_common_msgs/msg/_car_state.py'...\n"}
[220.802948] (fsd_common_msgs) StdoutLine: {'line': b"Compiling '/home/jack/ros2_homework_advanced/install/fsd_common_msgs/local/lib/python3.10/dist-packages/fsd_common_msgs/msg/_car_state_dt.py'...\n"}
[220.803099] (fsd_common_msgs) StdoutLine: {'line': b"Compiling '/home/jack/ros2_homework_advanced/install/fsd_common_msgs/local/lib/python3.10/dist-packages/fsd_common_msgs/msg/_cone.py'...\n"}
[220.803273] (fsd_common_msgs) StdoutLine: {'line': b"Compiling '/home/jack/ros2_homework_advanced/install/fsd_common_msgs/local/lib/python3.10/dist-packages/fsd_common_msgs/msg/_cone_dbscan.py'...\n"}
[220.803413] (fsd_common_msgs) StdoutLine: {'line': b"Compiling '/home/jack/ros2_homework_advanced/install/fsd_common_msgs/local/lib/python3.10/dist-packages/fsd_common_msgs/msg/_cone_detections.py'...\n"}
[220.803548] (fsd_common_msgs) StdoutLine: {'line': b"Compiling '/home/jack/ros2_homework_advanced/install/fsd_common_msgs/local/lib/python3.10/dist-packages/fsd_common_msgs/msg/_cone_detections_dbscan.py'...\n"}
[220.803684] (fsd_common_msgs) StdoutLine: {'line': b"Compiling '/home/jack/ros2_homework_advanced/install/fsd_common_msgs/local/lib/python3.10/dist-packages/fsd_common_msgs/msg/_control_command.py'...\n"}
[220.807012] (fsd_common_msgs) StdoutLine: {'line': b"Compiling '/home/jack/ros2_homework_advanced/install/fsd_common_msgs/local/lib/python3.10/dist-packages/fsd_common_msgs/msg/_decision_flag.py'...\n"}
[220.807233] (fsd_common_msgs) StdoutLine: {'line': b"Compiling '/home/jack/ros2_homework_advanced/install/fsd_common_msgs/local/lib/python3.10/dist-packages/fsd_common_msgs/msg/_driving_dynamics.py'...\n"}
[220.807411] (fsd_common_msgs) StdoutLine: {'line': b"Compiling '/home/jack/ros2_homework_advanced/install/fsd_common_msgs/local/lib/python3.10/dist-packages/fsd_common_msgs/msg/_echiev_message.py'...\n"}
[220.807570] (fsd_common_msgs) StdoutLine: {'line': b"Compiling '/home/jack/ros2_homework_advanced/install/fsd_common_msgs/local/lib/python3.10/dist-packages/fsd_common_msgs/msg/_feedback.py'...\n"}
[220.807717] (fsd_common_msgs) StdoutLine: {'line': b"Compiling '/home/jack/ros2_homework_advanced/install/fsd_common_msgs/local/lib/python3.10/dist-packages/fsd_common_msgs/msg/_ins_delta.py'...\n"}
[220.807918] (fsd_common_msgs) StdoutLine: {'line': b"Compiling '/home/jack/ros2_homework_advanced/install/fsd_common_msgs/local/lib/python3.10/dist-packages/fsd_common_msgs/msg/_map.py'...\n"}
[220.808058] (fsd_common_msgs) StdoutLine: {'line': b"Compiling '/home/jack/ros2_homework_advanced/install/fsd_common_msgs/local/lib/python3.10/dist-packages/fsd_common_msgs/msg/_mission.py'...\n"}
[220.808212] (fsd_common_msgs) StdoutLine: {'line': b"Compiling '/home/jack/ros2_homework_advanced/install/fsd_common_msgs/local/lib/python3.10/dist-packages/fsd_common_msgs/msg/_remote_control_command.py'...\n"}
[220.808348] (fsd_common_msgs) StdoutLine: {'line': b"Compiling '/home/jack/ros2_homework_advanced/install/fsd_common_msgs/local/lib/python3.10/dist-packages/fsd_common_msgs/msg/_res_and_ami.py'...\n"}
[220.808480] (fsd_common_msgs) StdoutLine: {'line': b"Compiling '/home/jack/ros2_homework_advanced/install/fsd_common_msgs/local/lib/python3.10/dist-packages/fsd_common_msgs/msg/_skidpad_global_center_line.py'...\n"}
[220.808612] (fsd_common_msgs) StdoutLine: {'line': b"Compiling '/home/jack/ros2_homework_advanced/install/fsd_common_msgs/local/lib/python3.10/dist-packages/fsd_common_msgs/msg/_time.py'...\n"}
[220.809588] (fsd_common_msgs) StdoutLine: {'line': b"Compiling '/home/jack/ros2_homework_advanced/install/fsd_common_msgs/local/lib/python3.10/dist-packages/fsd_common_msgs/msg/_track.py'...\n"}
[220.809886] (fsd_common_msgs) StdoutLine: {'line': b"Compiling '/home/jack/ros2_homework_advanced/install/fsd_common_msgs/local/lib/python3.10/dist-packages/fsd_common_msgs/msg/_trajectory_point.py'...\n"}
[220.810037] (fsd_common_msgs) StdoutLine: {'line': b"Compiling '/home/jack/ros2_homework_advanced/install/fsd_common_msgs/local/lib/python3.10/dist-packages/fsd_common_msgs/msg/_visualization.py'...\n"}
[220.810200] (fsd_common_msgs) StdoutLine: {'line': b"Compiling '/home/jack/ros2_homework_advanced/install/fsd_common_msgs/local/lib/python3.10/dist-packages/fsd_common_msgs/msg/_yolo_cone.py'...\n"}
[220.810356] (fsd_common_msgs) StdoutLine: {'line': b"Compiling '/home/jack/ros2_homework_advanced/install/fsd_common_msgs/local/lib/python3.10/dist-packages/fsd_common_msgs/msg/_yolo_cone_detections.py'...\n"}
[220.810494] (fsd_common_msgs) StdoutLine: {'line': b"Compiling '/home/jack/ros2_homework_advanced/install/fsd_common_msgs/local/lib/python3.10/dist-packages/fsd_common_msgs/msg/_yolo_cone_detections_track.py'...\n"}
[220.810629] (fsd_common_msgs) StdoutLine: {'line': b"Compiling '/home/jack/ros2_homework_advanced/install/fsd_common_msgs/local/lib/python3.10/dist-packages/fsd_common_msgs/msg/_yolo_cone_track.py'...\n"}
[220.826948] (fsd_common_msgs) StdoutLine: {'line': b'-- Installing: /home/jack/ros2_homework_advanced/install/fsd_common_msgs/local/lib/python3.10/dist-packages/fsd_common_msgs/fsd_common_msgs_s__rosidl_typesupport_fastrtps_c.cpython-310-x86_64-linux-gnu.so\n'}
[220.828984] (fsd_common_msgs) StdoutLine: {'line': b'-- Set runtime path of "/home/jack/ros2_homework_advanced/install/fsd_common_msgs/local/lib/python3.10/dist-packages/fsd_common_msgs/fsd_common_msgs_s__rosidl_typesupport_fastrtps_c.cpython-310-x86_64-linux-gnu.so" to ""\n'}
[220.829348] (fsd_common_msgs) StdoutLine: {'line': b'-- Installing: /home/jack/ros2_homework_advanced/install/fsd_common_msgs/local/lib/python3.10/dist-packages/fsd_common_msgs/fsd_common_msgs_s__rosidl_typesupport_introspection_c.cpython-310-x86_64-linux-gnu.so\n'}
[220.830402] (fsd_common_msgs) StdoutLine: {'line': b'-- Set runtime path of "/home/jack/ros2_homework_advanced/install/fsd_common_msgs/local/lib/python3.10/dist-packages/fsd_common_msgs/fsd_common_msgs_s__rosidl_typesupport_introspection_c.cpython-310-x86_64-linux-gnu.so" to ""\n'}
[220.831765] (fsd_common_msgs) StdoutLine: {'line': b'-- Installing: /home/jack/ros2_homework_advanced/install/fsd_common_msgs/local/lib/python3.10/dist-packages/fsd_common_msgs/fsd_common_msgs_s__rosidl_typesupport_c.cpython-310-x86_64-linux-gnu.so\n'}
[220.834885] (fsd_common_msgs) StdoutLine: {'line': b'-- Set runtime path of "/home/jack/ros2_homework_advanced/install/fsd_common_msgs/local/lib/python3.10/dist-packages/fsd_common_msgs/fsd_common_msgs_s__rosidl_typesupport_c.cpython-310-x86_64-linux-gnu.so" to ""\n'}
[220.835222] (fsd_common_msgs) StdoutLine: {'line': b'-- Installing: /home/jack/ros2_homework_advanced/install/fsd_common_msgs/lib/libfsd_common_msgs__rosidl_generator_py.so\n'}
[220.836155] (fsd_common_msgs) StdoutLine: {'line': b'-- Set runtime path of "/home/jack/ros2_homework_advanced/install/fsd_common_msgs/lib/libfsd_common_msgs__rosidl_generator_py.so" to ""\n'}
[220.837845] (fsd_common_msgs) StdoutLine: {'line': b'-- Installing: /home/jack/ros2_homework_advanced/install/fsd_common_msgs/share/ament_index/resource_index/rust_packages/fsd_common_msgs\n'}
[220.838193] (fsd_common_msgs) StdoutLine: {'line': b'-- Installing: /home/jack/ros2_homework_advanced/install/fsd_common_msgs/share/fsd_common_msgs/rust\n'}
[220.838386] (fsd_common_msgs) StdoutLine: {'line': b'-- Installing: /home/jack/ros2_homework_advanced/install/fsd_common_msgs/share/fsd_common_msgs/rust/src\n'}
[220.838551] (fsd_common_msgs) StdoutLine: {'line': b'-- Installing: /home/jack/ros2_homework_advanced/install/fsd_common_msgs/share/fsd_common_msgs/rust/src/msg\n'}
[220.840169] (fsd_common_msgs) StdoutLine: {'line': b'-- Installing: /home/jack/ros2_homework_advanced/install/fsd_common_msgs/share/fsd_common_msgs/rust/src/msg/rmw.rs\n'}
[220.840499] (fsd_common_msgs) StdoutLine: {'line': b'-- Installing: /home/jack/ros2_homework_advanced/install/fsd_common_msgs/share/fsd_common_msgs/rust/src/msg.rs\n'}
[220.840765] (fsd_common_msgs) StdoutLine: {'line': b'-- Installing: /home/jack/ros2_homework_advanced/install/fsd_common_msgs/share/fsd_common_msgs/rust/src/lib.rs\n'}
[220.841280] (fsd_common_msgs) StdoutLine: {'line': b'-- Installing: /home/jack/ros2_homework_advanced/install/fsd_common_msgs/share/fsd_common_msgs/rust/Cargo.toml\n'}
[220.842718] (fsd_common_msgs) StdoutLine: {'line': b'-- Installing: /home/jack/ros2_homework_advanced/install/fsd_common_msgs/share/fsd_common_msgs/rust/build.rs\n'}
[220.843094] (fsd_common_msgs) StdoutLine: {'line': b'-- Installing: /home/jack/ros2_homework_advanced/install/fsd_common_msgs/share/fsd_common_msgs/msg/AsState.idl\n'}
[220.845055] (fsd_common_msgs) StdoutLine: {'line': b'-- Installing: /home/jack/ros2_homework_advanced/install/fsd_common_msgs/share/fsd_common_msgs/msg/AsensingMessage.idl\n'}
[220.845394] (fsd_common_msgs) StdoutLine: {'line': b'-- Installing: /home/jack/ros2_homework_advanced/install/fsd_common_msgs/share/fsd_common_msgs/msg/CanFrames.idl\n'}
[220.848987] (fsd_common_msgs) StdoutLine: {'line': b'-- Installing: /home/jack/ros2_homework_advanced/install/fsd_common_msgs/share/fsd_common_msgs/msg/CarState.idl\n'}
[220.849387] (fsd_common_msgs) StdoutLine: {'line': b'-- Installing: /home/jack/ros2_homework_advanced/install/fsd_common_msgs/share/fsd_common_msgs/msg/CarStateDt.idl\n'}
[220.849562] (fsd_common_msgs) StdoutLine: {'line': b'-- Installing: /home/jack/ros2_homework_advanced/install/fsd_common_msgs/share/fsd_common_msgs/msg/Cone.idl\n'}
[220.849707] (fsd_common_msgs) StdoutLine: {'line': b'-- Installing: /home/jack/ros2_homework_advanced/install/fsd_common_msgs/share/fsd_common_msgs/msg/ConeDbscan.idl\n'}
[220.849920] (fsd_common_msgs) StdoutLine: {'line': b'-- Installing: /home/jack/ros2_homework_advanced/install/fsd_common_msgs/share/fsd_common_msgs/msg/ConeDetections.idl\n'}
[220.850098] (fsd_common_msgs) StdoutLine: {'line': b'-- Installing: /home/jack/ros2_homework_advanced/install/fsd_common_msgs/share/fsd_common_msgs/msg/ConeDetectionsDbscan.idl\n'}
[220.853827] (fsd_common_msgs) StdoutLine: {'line': b'-- Installing: /home/jack/ros2_homework_advanced/install/fsd_common_msgs/share/fsd_common_msgs/msg/ControlCommand.idl\n'}
[220.854128] (fsd_common_msgs) StdoutLine: {'line': b'-- Installing: /home/jack/ros2_homework_advanced/install/fsd_common_msgs/share/fsd_common_msgs/msg/DecisionFlag.idl\n'}
[220.854564] (fsd_common_msgs) StdoutLine: {'line': b'-- Installing: /home/jack/ros2_homework_advanced/install/fsd_common_msgs/share/fsd_common_msgs/msg/DrivingDynamics.idl\n'}
[220.854985] (fsd_common_msgs) StdoutLine: {'line': b'-- Installing: /home/jack/ros2_homework_advanced/install/fsd_common_msgs/share/fsd_common_msgs/msg/EchievMessage.idl\n'}
[220.855354] (fsd_common_msgs) StdoutLine: {'line': b'-- Installing: /home/jack/ros2_homework_advanced/install/fsd_common_msgs/share/fsd_common_msgs/msg/Feedback.idl\n'}
[220.855539] (fsd_common_msgs) StdoutLine: {'line': b'-- Installing: /home/jack/ros2_homework_advanced/install/fsd_common_msgs/share/fsd_common_msgs/msg/InsDelta.idl\n'}
[220.856208] (fsd_common_msgs) StdoutLine: {'line': b'-- Installing: /home/jack/ros2_homework_advanced/install/fsd_common_msgs/share/fsd_common_msgs/msg/Map.idl\n'}
[220.857847] (fsd_common_msgs) StdoutLine: {'line': b'-- Installing: /home/jack/ros2_homework_advanced/install/fsd_common_msgs/share/fsd_common_msgs/msg/Mission.idl\n'}
[220.858144] (fsd_common_msgs) StdoutLine: {'line': b'-- Installing: /home/jack/ros2_homework_advanced/install/fsd_common_msgs/share/fsd_common_msgs/msg/RemoteControlCommand.idl\n'}
[220.859832] (fsd_common_msgs) StdoutLine: {'line': b'-- Installing: /home/jack/ros2_homework_advanced/install/fsd_common_msgs/share/fsd_common_msgs/msg/ResAndAmi.idl\n'}
[220.860170] (fsd_common_msgs) StdoutLine: {'line': b'-- Installing: /home/jack/ros2_homework_advanced/install/fsd_common_msgs/share/fsd_common_msgs/msg/SkidpadGlobalCenterLine.idl\n'}
[220.860649] (fsd_common_msgs) StdoutLine: {'line': b'-- Installing: /home/jack/ros2_homework_advanced/install/fsd_common_msgs/share/fsd_common_msgs/msg/Time.idl\n'}
[220.862837] (fsd_common_msgs) StdoutLine: {'line': b'-- Installing: /home/jack/ros2_homework_advanced/install/fsd_common_msgs/share/fsd_common_msgs/msg/Track.idl\n'}
[220.863136] (fsd_common_msgs) StdoutLine: {'line': b'-- Installing: /home/jack/ros2_homework_advanced/install/fsd_common_msgs/share/fsd_common_msgs/msg/TrajectoryPoint.idl\n'}
[220.863739] (fsd_common_msgs) StdoutLine: {'line': b'-- Installing: /home/jack/ros2_homework_advanced/install/fsd_common_msgs/share/fsd_common_msgs/msg/Visualization.idl\n'}
[220.865131] (fsd_common_msgs) StdoutLine: {'line': b'-- Installing: /home/jack/ros2_homework_advanced/install/fsd_common_msgs/share/fsd_common_msgs/msg/YoloCone.idl\n'}
[220.866351] (fsd_common_msgs) StdoutLine: {'line': b'-- Installing: /home/jack/ros2_homework_advanced/install/fsd_common_msgs/share/fsd_common_msgs/msg/YoloConeDetections.idl\n'}
[220.868825] (fsd_common_msgs) StdoutLine: {'line': b'-- Installing: /home/jack/ros2_homework_advanced/install/fsd_common_msgs/share/fsd_common_msgs/msg/YoloConeDetectionsTrack.idl\n'}
[220.869149] (fsd_common_msgs) StdoutLine: {'line': b'-- Installing: /home/jack/ros2_homework_advanced/install/fsd_common_msgs/share/fsd_common_msgs/msg/YoloConeTrack.idl\n'}
[220.869319] (fsd_common_msgs) StdoutLine: {'line': b'-- Installing: /home/jack/ros2_homework_advanced/install/fsd_common_msgs/share/fsd_common_msgs/msg/AsState.msg\n'}
[220.869463] (fsd_common_msgs) StdoutLine: {'line': b'-- Installing: /home/jack/ros2_homework_advanced/install/fsd_common_msgs/share/fsd_common_msgs/msg/AsensingMessage.msg\n'}
[220.870382] (fsd_common_msgs) StdoutLine: {'line': b'-- Installing: /home/jack/ros2_homework_advanced/install/fsd_common_msgs/share/fsd_common_msgs/msg/CanFrames.msg\n'}
[220.871288] (fsd_common_msgs) StdoutLine: {'line': b'-- Installing: /home/jack/ros2_homework_advanced/install/fsd_common_msgs/share/fsd_common_msgs/msg/CarState.msg\n'}
[220.873828] (fsd_common_msgs) StdoutLine: {'line': b'-- Installing: /home/jack/ros2_homework_advanced/install/fsd_common_msgs/share/fsd_common_msgs/msg/CarStateDt.msg\n'}
[220.874243] (fsd_common_msgs) StdoutLine: {'line': b'-- Installing: /home/jack/ros2_homework_advanced/install/fsd_common_msgs/share/fsd_common_msgs/msg/Cone.msg\n'}
[220.874436] (fsd_common_msgs) StdoutLine: {'line': b'-- Installing: /home/jack/ros2_homework_advanced/install/fsd_common_msgs/share/fsd_common_msgs/msg/ConeDbscan.msg\n'}
[220.874589] (fsd_common_msgs) StdoutLine: {'line': b'-- Installing: /home/jack/ros2_homework_advanced/install/fsd_common_msgs/share/fsd_common_msgs/msg/ConeDetections.msg\n'}
[220.876082] (fsd_common_msgs) StdoutLine: {'line': b'-- Installing: /home/jack/ros2_homework_advanced/install/fsd_common_msgs/share/fsd_common_msgs/msg/ConeDetectionsDbscan.msg\n'}
[220.879850] (fsd_common_msgs) StdoutLine: {'line': b'-- Installing: /home/jack/ros2_homework_advanced/install/fsd_common_msgs/share/fsd_common_msgs/msg/ControlCommand.msg\n'}
[220.880169] (fsd_common_msgs) StdoutLine: {'line': b'-- Installing: /home/jack/ros2_homework_advanced/install/fsd_common_msgs/share/fsd_common_msgs/msg/DecisionFlag.msg\n'}
[220.880510] (fsd_common_msgs) StdoutLine: {'line': b'-- Installing: /home/jack/ros2_homework_advanced/install/fsd_common_msgs/share/fsd_common_msgs/msg/DrivingDynamics.msg\n'}
[220.880720] (fsd_common_msgs) StdoutLine: {'line': b'-- Installing: /home/jack/ros2_homework_advanced/install/fsd_common_msgs/share/fsd_common_msgs/msg/EchievMessage.msg\n'}
[220.880929] (fsd_common_msgs) StdoutLine: {'line': b'-- Installing: /home/jack/ros2_homework_advanced/install/fsd_common_msgs/share/fsd_common_msgs/msg/Feedback.msg\n'}
[220.881087] (fsd_common_msgs) StdoutLine: {'line': b'-- Installing: /home/jack/ros2_homework_advanced/install/fsd_common_msgs/share/fsd_common_msgs/msg/InsDelta.msg\n'}
[220.883300] (fsd_common_msgs) StdoutLine: {'line': b'-- Installing: /home/jack/ros2_homework_advanced/install/fsd_common_msgs/share/fsd_common_msgs/msg/Map.msg\n'}
[220.883607] (fsd_common_msgs) StdoutLine: {'line': b'-- Installing: /home/jack/ros2_homework_advanced/install/fsd_common_msgs/share/fsd_common_msgs/msg/Mission.msg\n'}
[220.884134] (fsd_common_msgs) StdoutLine: {'line': b'-- Installing: /home/jack/ros2_homework_advanced/install/fsd_common_msgs/share/fsd_common_msgs/msg/RemoteControlCommand.msg\n'}
[220.885832] (fsd_common_msgs) StdoutLine: {'line': b'-- Installing: /home/jack/ros2_homework_advanced/install/fsd_common_msgs/share/fsd_common_msgs/msg/ResAndAmi.msg\n'}
[220.886220] (fsd_common_msgs) StdoutLine: {'line': b'-- Installing: /home/jack/ros2_homework_advanced/install/fsd_common_msgs/share/fsd_common_msgs/msg/SkidpadGlobalCenterLine.msg\n'}
[220.888272] (fsd_common_msgs) StdoutLine: {'line': b'-- Installing: /home/jack/ros2_homework_advanced/install/fsd_common_msgs/share/fsd_common_msgs/msg/Time.msg\n'}
[220.888640] (fsd_common_msgs) StdoutLine: {'line': b'-- Installing: /home/jack/ros2_homework_advanced/install/fsd_common_msgs/share/fsd_common_msgs/msg/Track.msg\n'}
[220.889634] (fsd_common_msgs) StdoutLine: {'line': b'-- Installing: /home/jack/ros2_homework_advanced/install/fsd_common_msgs/share/fsd_common_msgs/msg/TrajectoryPoint.msg\n'}
[220.891828] (fsd_common_msgs) StdoutLine: {'line': b'-- Installing: /home/jack/ros2_homework_advanced/install/fsd_common_msgs/share/fsd_common_msgs/msg/Visualization.msg\n'}
[220.892163] (fsd_common_msgs) StdoutLine: {'line': b'-- Installing: /home/jack/ros2_homework_advanced/install/fsd_common_msgs/share/fsd_common_msgs/msg/YoloCone.msg\n'}
[220.892331] (fsd_common_msgs) StdoutLine: {'line': b'-- Installing: /home/jack/ros2_homework_advanced/install/fsd_common_msgs/share/fsd_common_msgs/msg/YoloConeDetections.msg\n'}
[220.893052] (fsd_common_msgs) StdoutLine: {'line': b'-- Installing: /home/jack/ros2_homework_advanced/install/fsd_common_msgs/share/fsd_common_msgs/msg/YoloConeDetectionsTrack.msg\n'}
[220.894842] (fsd_common_msgs) StdoutLine: {'line': b'-- Installing: /home/jack/ros2_homework_advanced/install/fsd_common_msgs/share/fsd_common_msgs/msg/YoloConeTrack.msg\n'}
[220.895160] (fsd_common_msgs) StdoutLine: {'line': b'-- Installing: /home/jack/ros2_homework_advanced/install/fsd_common_msgs/share/ament_index/resource_index/package_run_dependencies/fsd_common_msgs\n'}
[220.896855] (fsd_common_msgs) StdoutLine: {'line': b'-- Installing: /home/jack/ros2_homework_advanced/install/fsd_common_msgs/share/ament_index/resource_index/parent_prefix_path/fsd_common_msgs\n'}
[220.897331] (fsd_common_msgs) StdoutLine: {'line': b'-- Installing: /home/jack/ros2_homework_advanced/install/fsd_common_msgs/share/fsd_common_msgs/environment/ament_prefix_path.sh\n'}
[220.899478] (fsd_common_msgs) StdoutLine: {'line': b'-- Installing: /home/jack/ros2_homework_advanced/install/fsd_common_msgs/share/fsd_common_msgs/environment/ament_prefix_path.dsv\n'}
[220.899788] (-) TimerEvent: {}
[220.900008] (fsd_common_msgs) StdoutLine: {'line': b'-- Installing: /home/jack/ros2_homework_advanced/install/fsd_common_msgs/share/fsd_common_msgs/environment/path.sh\n'}
[220.900241] (fsd_common_msgs) StdoutLine: {'line': b'-- Installing: /home/jack/ros2_homework_advanced/install/fsd_common_msgs/share/fsd_common_msgs/environment/path.dsv\n'}
[220.901041] (fsd_common_msgs) StdoutLine: {'line': b'-- Installing: /home/jack/ros2_homework_advanced/install/fsd_common_msgs/share/fsd_common_msgs/local_setup.bash\n'}
[220.902834] (fsd_common_msgs) StdoutLine: {'line': b'-- Installing: /home/jack/ros2_homework_advanced/install/fsd_common_msgs/share/fsd_common_msgs/local_setup.sh\n'}
[220.903134] (fsd_common_msgs) StdoutLine: {'line': b'-- Installing: /home/jack/ros2_homework_advanced/install/fsd_common_msgs/share/fsd_common_msgs/local_setup.zsh\n'}
[220.904781] (fsd_common_msgs) StdoutLine: {'line': b'-- Installing: /home/jack/ros2_homework_advanced/install/fsd_common_msgs/share/fsd_common_msgs/local_setup.dsv\n'}
[220.905555] (fsd_common_msgs) StdoutLine: {'line': b'-- Installing: /home/jack/ros2_homework_advanced/install/fsd_common_msgs/share/fsd_common_msgs/package.dsv\n'}
[220.907822] (fsd_common_msgs) StdoutLine: {'line': b'-- Installing: /home/jack/ros2_homework_advanced/install/fsd_common_msgs/share/ament_index/resource_index/packages/fsd_common_msgs\n'}
[220.908164] (fsd_common_msgs) StdoutLine: {'line': b'-- Installing: /home/jack/ros2_homework_advanced/install/fsd_common_msgs/share/fsd_common_msgs/cmake/export_fsd_common_msgs__rosidl_generator_cExport.cmake\n'}
[220.910861] (fsd_common_msgs) StdoutLine: {'line': b'-- Installing: /home/jack/ros2_homework_advanced/install/fsd_common_msgs/share/fsd_common_msgs/cmake/export_fsd_common_msgs__rosidl_generator_cExport-noconfig.cmake\n'}
[220.911222] (fsd_common_msgs) StdoutLine: {'line': b'-- Installing: /home/jack/ros2_homework_advanced/install/fsd_common_msgs/share/fsd_common_msgs/cmake/export_fsd_common_msgs__rosidl_typesupport_fastrtps_cExport.cmake\n'}
[220.911403] (fsd_common_msgs) StdoutLine: {'line': b'-- Installing: /home/jack/ros2_homework_advanced/install/fsd_common_msgs/share/fsd_common_msgs/cmake/export_fsd_common_msgs__rosidl_typesupport_fastrtps_cExport-noconfig.cmake\n'}
[220.911563] (fsd_common_msgs) StdoutLine: {'line': b'-- Installing: /home/jack/ros2_homework_advanced/install/fsd_common_msgs/share/fsd_common_msgs/cmake/fsd_common_msgs__rosidl_typesupport_introspection_cExport.cmake\n'}
[220.912518] (fsd_common_msgs) StdoutLine: {'line': b'-- Installing: /home/jack/ros2_homework_advanced/install/fsd_common_msgs/share/fsd_common_msgs/cmake/fsd_common_msgs__rosidl_typesupport_introspection_cExport-noconfig.cmake\n'}
[220.913798] (fsd_common_msgs) StdoutLine: {'line': b'-- Installing: /home/jack/ros2_homework_advanced/install/fsd_common_msgs/share/fsd_common_msgs/cmake/fsd_common_msgs__rosidl_typesupport_cExport.cmake\n'}
[220.914818] (fsd_common_msgs) StdoutLine: {'line': b'-- Installing: /home/jack/ros2_homework_advanced/install/fsd_common_msgs/share/fsd_common_msgs/cmake/fsd_common_msgs__rosidl_typesupport_cExport-noconfig.cmake\n'}
[220.917869] (fsd_common_msgs) StdoutLine: {'line': b'-- Installing: /home/jack/ros2_homework_advanced/install/fsd_common_msgs/share/fsd_common_msgs/cmake/export_fsd_common_msgs__rosidl_generator_cppExport.cmake\n'}
[220.918172] (fsd_common_msgs) StdoutLine: {'line': b'-- Installing: /home/jack/ros2_homework_advanced/install/fsd_common_msgs/share/fsd_common_msgs/cmake/export_fsd_common_msgs__rosidl_typesupport_fastrtps_cppExport.cmake\n'}
[220.918551] (fsd_common_msgs) StdoutLine: {'line': b'-- Installing: /home/jack/ros2_homework_advanced/install/fsd_common_msgs/share/fsd_common_msgs/cmake/export_fsd_common_msgs__rosidl_typesupport_fastrtps_cppExport-noconfig.cmake\n'}
[220.918769] (fsd_common_msgs) StdoutLine: {'line': b'-- Installing: /home/jack/ros2_homework_advanced/install/fsd_common_msgs/share/fsd_common_msgs/cmake/fsd_common_msgs__rosidl_typesupport_introspection_cppExport.cmake\n'}
[220.919798] (fsd_common_msgs) StdoutLine: {'line': b'-- Installing: /home/jack/ros2_homework_advanced/install/fsd_common_msgs/share/fsd_common_msgs/cmake/fsd_common_msgs__rosidl_typesupport_introspection_cppExport-noconfig.cmake\n'}
[220.921440] (fsd_common_msgs) StdoutLine: {'line': b'-- Installing: /home/jack/ros2_homework_advanced/install/fsd_common_msgs/share/fsd_common_msgs/cmake/fsd_common_msgs__rosidl_typesupport_cppExport.cmake\n'}
[220.922654] (fsd_common_msgs) StdoutLine: {'line': b'-- Installing: /home/jack/ros2_homework_advanced/install/fsd_common_msgs/share/fsd_common_msgs/cmake/fsd_common_msgs__rosidl_typesupport_cppExport-noconfig.cmake\n'}
[220.925003] (fsd_common_msgs) StdoutLine: {'line': b'-- Installing: /home/jack/ros2_homework_advanced/install/fsd_common_msgs/share/fsd_common_msgs/cmake/export_fsd_common_msgs__rosidl_generator_pyExport.cmake\n'}
[220.925341] (fsd_common_msgs) StdoutLine: {'line': b'-- Installing: /home/jack/ros2_homework_advanced/install/fsd_common_msgs/share/fsd_common_msgs/cmake/export_fsd_common_msgs__rosidl_generator_pyExport-noconfig.cmake\n'}
[220.925517] (fsd_common_msgs) StdoutLine: {'line': b'-- Installing: /home/jack/ros2_homework_advanced/install/fsd_common_msgs/share/fsd_common_msgs/cmake/rosidl_cmake-extras.cmake\n'}
[220.926413] (fsd_common_msgs) StdoutLine: {'line': b'-- Installing: /home/jack/ros2_homework_advanced/install/fsd_common_msgs/share/fsd_common_msgs/cmake/ament_cmake_export_dependencies-extras.cmake\n'}
[220.928853] (fsd_common_msgs) StdoutLine: {'line': b'-- Installing: /home/jack/ros2_homework_advanced/install/fsd_common_msgs/share/fsd_common_msgs/cmake/ament_cmake_export_include_directories-extras.cmake\n'}
[220.929321] (fsd_common_msgs) StdoutLine: {'line': b'-- Installing: /home/jack/ros2_homework_advanced/install/fsd_common_msgs/share/fsd_common_msgs/cmake/ament_cmake_export_libraries-extras.cmake\n'}
[220.929503] (fsd_common_msgs) StdoutLine: {'line': b'-- Installing: /home/jack/ros2_homework_advanced/install/fsd_common_msgs/share/fsd_common_msgs/cmake/ament_cmake_export_targets-extras.cmake\n'}
[220.930382] (fsd_common_msgs) StdoutLine: {'line': b'-- Installing: /home/jack/ros2_homework_advanced/install/fsd_common_msgs/share/fsd_common_msgs/cmake/rosidl_cmake_export_typesupport_targets-extras.cmake\n'}
[220.931864] (fsd_common_msgs) StdoutLine: {'line': b'-- Installing: /home/jack/ros2_homework_advanced/install/fsd_common_msgs/share/fsd_common_msgs/cmake/rosidl_cmake_export_typesupport_libraries-extras.cmake\n'}
[220.933848] (fsd_common_msgs) StdoutLine: {'line': b'-- Installing: /home/jack/ros2_homework_advanced/install/fsd_common_msgs/share/fsd_common_msgs/cmake/fsd_common_msgsConfig.cmake\n'}
[220.934151] (fsd_common_msgs) StdoutLine: {'line': b'-- Installing: /home/jack/ros2_homework_advanced/install/fsd_common_msgs/share/fsd_common_msgs/cmake/fsd_common_msgsConfig-version.cmake\n'}
[220.934376] (fsd_common_msgs) StdoutLine: {'line': b'-- Installing: /home/jack/ros2_homework_advanced/install/fsd_common_msgs/share/fsd_common_msgs/package.xml\n'}
[220.943435] (fsd_common_msgs) CommandEnded: {'returncode': 0}
[221.000607] (-) TimerEvent: {}
[221.024219] (fsd_common_msgs) JobEnded: {'identifier': 'fsd_common_msgs', 'rc': 0}
[221.027048] (cone_visualizer) JobStarted: {'identifier': 'cone_visualizer'}
[221.050272] (cone_visualizer) JobProgress: {'identifier': 'cone_visualizer', 'progress': 'cmake'}
[221.052825] (cone_visualizer) Command: {'cmd': ['/usr/bin/cmake', '/home/jack/ros2_homework_advanced/src/cone_visualizer', '-DCMAKE_INSTALL_PREFIX=/home/jack/ros2_homework_advanced/install/cone_visualizer'], 'cwd': '/home/jack/ros2_homework_advanced/build/cone_visualizer', 'env': OrderedDict([('LESSOPEN', '| /usr/bin/lesspipe %s'), ('LANGUAGE', 'zh_CN:zh'), ('USER', 'jack'), ('XDG_SESSION_TYPE', 'wayland'), ('SHLVL', '1'), ('LD_LIBRARY_PATH', '/home/jack/ros2_homework_advanced/install/fsd_common_msgs/lib:/usr/lib/x86_64-linux-gnu/gazebo-11/plugins:/opt/ros/humble/opt/rviz_ogre_vendor/lib:/opt/ros/humble/lib/x86_64-linux-gnu:/opt/ros/humble/lib'), ('HOME', '/home/jack'), ('OLDPWD', '/home/jack/ros2_homework_advanced'), ('DESKTOP_SESSION', 'ubuntu'), ('ROS_PYTHON_VERSION', '3'), ('GNOME_SHELL_SESSION_MODE', 'ubuntu'), ('GTK_MODULES', 'gail:atk-bridge'), ('DBUS_STARTER_BUS_TYPE', 'session'), ('SYSTEMD_EXEC_PID', '85604'), ('DBUS_SESSION_BUS_ADDRESS', 'unix:path=/run/user/1000/bus,guid=4d6229c547727a250530af036a1e291b'), ('COLORTERM', 'truecolor'), ('WAYLAND_DISPLAY', 'wayland-0'), ('ROS_DISTRO', 'humble'), ('GTK_IM_MODULE', 'fcitx'), ('LOGNAME', 'jack'), ('_', '/usr/bin/colcon'), ('ROS_VERSION', '2'), ('XDG_SESSION_CLASS', 'user'), ('USERNAME', 'jack'), ('TERM', 'xterm-256color'), ('GNOME_DESKTOP_SESSION_ID', 'this-is-deprecated'), ('ROS_LOCALHOST_ONLY', '0'), ('PATH', '/opt/ros/humble/bin:/usr/local/sbin:/usr/local/bin:/usr/sbin:/usr/bin:/sbin:/bin:/usr/games:/usr/local/games:/snap/bin:/snap/bin'), ('SESSION_MANAGER', 'local/jack-270E5J-2570EJ:@/tmp/.ICE-unix/85604,unix/jack-270E5J-2570EJ:/tmp/.ICE-unix/85604'), ('XDG_MENU_PREFIX', 'gnome-'), ('GNOME_TERMINAL_SCREEN', '/org/gnome/Terminal/screen/d2b0fd20_1459_4934_b8b5_827c36f59622'), ('GNOME_SETUP_DISPLAY', ':1'), ('XDG_RUNTIME_DIR', '/run/user/1000'), ('DISPLAY', ':0'), ('LANG', 'zh_CN.UTF-8'), ('XDG_CURRENT_DESKTOP', 'ubuntu:GNOME'), ('XMODIFIERS', '@im=fcitx'), ('XDG_SESSION_DESKTOP', 'ubuntu'), ('XAUTHORITY', '/run/user/1000/.mutter-Xwaylandauth.346WP3'), ('LS_COLORS', 'rs=0:di=01;34:ln=01;36:mh=00:pi=40;33:so=01;35:do=01;35:bd=40;33;01:cd=40;33;01:or=40;31;01:mi=00:su=37;41:sg=30;43:ca=30;41:tw=30;42:ow=34;42:st=37;44:ex=01;32:*.tar=01;31:*.tgz=01;31:*.arc=01;31:*.arj=01;31:*.taz=01;31:*.lha=01;31:*.lz4=01;31:*.lzh=01;31:*.lzma=01;31:*.tlz=01;31:*.txz=01;31:*.tzo=01;31:*.t7z=01;31:*.zip=01;31:*.z=01;31:*.dz=01;31:*.gz=01;31:*.lrz=01;31:*.lz=01;31:*.lzo=01;31:*.xz=01;31:*.zst=01;31:*.tzst=01;31:*.bz2=01;31:*.bz=01;31:*.tbz=01;31:*.tbz2=01;31:*.tz=01;31:*.deb=01;31:*.rpm=01;31:*.jar=01;31:*.war=01;31:*.ear=01;31:*.sar=01;31:*.rar=01;31:*.alz=01;31:*.ace=01;31:*.zoo=01;31:*.cpio=01;31:*.7z=01;31:*.rz=01;31:*.cab=01;31:*.wim=01;31:*.swm=01;31:*.dwm=01;31:*.esd=01;31:*.jpg=01;35:*.jpeg=01;35:*.mjpg=01;35:*.mjpeg=01;35:*.gif=01;35:*.bmp=01;35:*.pbm=01;35:*.pgm=01;35:*.ppm=01;35:*.tga=01;35:*.xbm=01;35:*.xpm=01;35:*.tif=01;35:*.tiff=01;35:*.png=01;35:*.svg=01;35:*.svgz=01;35:*.mng=01;35:*.pcx=01;35:*.mov=01;35:*.mpg=01;35:*.mpeg=01;35:*.m2v=01;35:*.mkv=01;35:*.webm=01;35:*.webp=01;35:*.ogm=01;35:*.mp4=01;35:*.m4v=01;35:*.mp4v=01;35:*.vob=01;35:*.qt=01;35:*.nuv=01;35:*.wmv=01;35:*.asf=01;35:*.rm=01;35:*.rmvb=01;35:*.flc=01;35:*.avi=01;35:*.fli=01;35:*.flv=01;35:*.gl=01;35:*.dl=01;35:*.xcf=01;35:*.xwd=01;35:*.yuv=01;35:*.cgm=01;35:*.emf=01;35:*.ogv=01;35:*.ogx=01;35:*.aac=00;36:*.au=00;36:*.flac=00;36:*.m4a=00;36:*.mid=00;36:*.midi=00;36:*.mka=00;36:*.mp3=00;36:*.mpc=00;36:*.ogg=00;36:*.ra=00;36:*.wav=00;36:*.oga=00;36:*.opus=00;36:*.spx=00;36:*.xspf=00;36:'), ('GNOME_TERMINAL_SERVICE', ':1.797'), ('SSH_AGENT_LAUNCHER', 'gnome-keyring'), ('SSH_AUTH_SOCK', '/run/user/1000/keyring/ssh'), ('AMENT_PREFIX_PATH', '/home/jack/ros2_homework_advanced/install/fsd_common_msgs:/opt/ros/humble'), ('SHELL', '/bin/bash'), ('INSIDE_NAUTILUS_PYTHON', ''), ('QT_ACCESSIBILITY', '1'), ('GDMSESSION', 'ubuntu'), ('LESSCLOSE', '/usr/bin/lesspipe %s %s'), ('QT_IM_MODULE', 'fcitx'), ('PWD', '/home/jack/ros2_homework_advanced/build/cone_visualizer'), ('XDG_CONFIG_DIRS', '/etc/xdg/xdg-ubuntu:/etc/xdg'), ('DBUS_STARTER_ADDRESS', 'unix:path=/run/user/1000/bus,guid=4d6229c547727a250530af036a1e291b'), ('XDG_DATA_DIRS', '/usr/share/ubuntu:/home/jack/.local/share/flatpak/exports/share:/var/lib/flatpak/exports/share:/usr/local/share/:/usr/share/:/var/lib/snapd/desktop'), ('PYTHONPATH', '/home/jack/ros2_homework_advanced/install/fsd_common_msgs/local/lib/python3.10/dist-packages:/opt/ros/humble/lib/python3.10/site-packages:/opt/ros/humble/local/lib/python3.10/dist-packages'), ('COLCON', '1'), ('VTE_VERSION', '6800'), ('CMAKE_PREFIX_PATH', '/home/jack/ros2_homework_advanced/install/fsd_common_msgs:/opt/ros/humble')]), 'shell': False}
[221.100804] (-) TimerEvent: {}
[221.201307] (-) TimerEvent: {}
[221.305701] (-) TimerEvent: {}
[221.369838] (cone_visualizer) StdoutLine: {'line': b'-- The C compiler identification is GNU 11.4.0\n'}
[221.405834] (-) TimerEvent: {}
[221.506369] (-) TimerEvent: {}
[221.608355] (-) TimerEvent: {}
[221.639842] (cone_visualizer) StdoutLine: {'line': b'-- The CXX compiler identification is GNU 11.4.0\n'}
[221.673067] (cone_visualizer) StdoutLine: {'line': b'-- Detecting C compiler ABI info\n'}
[221.708495] (-) TimerEvent: {}
[221.809038] (-) TimerEvent: {}
[221.911557] (-) TimerEvent: {}
[222.012080] (-) TimerEvent: {}
[222.082856] (cone_visualizer) StdoutLine: {'line': b'-- Detecting C compiler ABI info - done\n'}
[222.112231] (-) TimerEvent: {}
[222.123899] (cone_visualizer) StdoutLine: {'line': b'-- Check for working C compiler: /usr/bin/cc - skipped\n'}
[222.124341] (cone_visualizer) StdoutLine: {'line': b'-- Detecting C compile features\n'}
[222.127385] (cone_visualizer) StdoutLine: {'line': b'-- Detecting C compile features - done\n'}
[222.163887] (cone_visualizer) StdoutLine: {'line': b'-- Detecting CXX compiler ABI info\n'}
[222.212420] (-) TimerEvent: {}
[222.313353] (-) TimerEvent: {}
[222.415380] (-) TimerEvent: {}
[222.517534] (-) TimerEvent: {}
[222.534656] (cone_visualizer) StdoutLine: {'line': b'-- Detecting CXX compiler ABI info - done\n'}
[222.572858] (cone_visualizer) StdoutLine: {'line': b'-- Check for working CXX compiler: /usr/bin/c++ - skipped\n'}
[222.573192] (cone_visualizer) StdoutLine: {'line': b'-- Detecting CXX compile features\n'}
[222.575395] (cone_visualizer) StdoutLine: {'line': b'-- Detecting CXX compile features - done\n'}
[222.589088] (cone_visualizer) StdoutLine: {'line': b'-- Found ament_cmake: 1.3.14 (/opt/ros/humble/share/ament_cmake/cmake)\n'}
[222.618043] (-) TimerEvent: {}
[222.718501] (-) TimerEvent: {}
[222.819300] (-) TimerEvent: {}
[222.919731] (-) TimerEvent: {}
[223.020253] (-) TimerEvent: {}
[223.120715] (-) TimerEvent: {}
[223.223186] (-) TimerEvent: {}
[223.236347] (cone_visualizer) StdoutLine: {'line': b'-- Found Python3: /usr/bin/python3 (found version "3.10.12") found components: Interpreter \n'}
[223.323374] (-) TimerEvent: {}
[223.424863] (-) TimerEvent: {}
[223.527067] (-) TimerEvent: {}
[223.629026] (-) TimerEvent: {}
[223.729915] (-) TimerEvent: {}
[223.818215] (cone_visualizer) StdoutLine: {'line': b'-- Found rclcpp: 16.0.19 (/opt/ros/humble/share/rclcpp/cmake)\n'}
[223.830571] (-) TimerEvent: {}
[223.931331] (-) TimerEvent: {}
[224.032306] (-) TimerEvent: {}
[224.118679] (cone_visualizer) StdoutLine: {'line': b'-- Found rosidl_generator_c: 3.1.8 (/opt/ros/humble/share/rosidl_generator_c/cmake)\n'}
[224.133090] (cone_visualizer) StdoutLine: {'line': b'-- Found rosidl_adapter: 3.1.8 (/opt/ros/humble/share/rosidl_adapter/cmake)\n'}
[224.133420] (-) TimerEvent: {}
[224.159756] (cone_visualizer) StdoutLine: {'line': b'-- Found rosidl_generator_cpp: 3.1.8 (/opt/ros/humble/share/rosidl_generator_cpp/cmake)\n'}
[224.198394] (cone_visualizer) StdoutLine: {'line': b'-- Using all available rosidl_typesupport_c: rosidl_typesupport_fastrtps_c;rosidl_typesupport_introspection_c\n'}
[224.234761] (-) TimerEvent: {}
[224.247284] (cone_visualizer) StdoutLine: {'line': b'-- Using all available rosidl_typesupport_cpp: rosidl_typesupport_fastrtps_cpp;rosidl_typesupport_introspection_cpp\n'}
[224.335456] (-) TimerEvent: {}
[224.436020] (-) TimerEvent: {}
[224.536981] (-) TimerEvent: {}
[224.637803] (-) TimerEvent: {}
[224.738236] (-) TimerEvent: {}
[224.792186] (cone_visualizer) StdoutLine: {'line': b'-- Found rmw_implementation_cmake: 6.1.2 (/opt/ros/humble/share/rmw_implementation_cmake/cmake)\n'}
[224.814118] (cone_visualizer) StdoutLine: {'line': b'-- Found rmw_fastrtps_cpp: 6.2.10 (/opt/ros/humble/share/rmw_fastrtps_cpp/cmake)\n'}
[224.838381] (-) TimerEvent: {}
[224.943180] (-) TimerEvent: {}
[225.043668] (-) TimerEvent: {}
[225.144330] (-) TimerEvent: {}
[225.245864] (-) TimerEvent: {}
[225.346318] (-) TimerEvent: {}
[225.349679] (cone_visualizer) StdoutLine: {'line': b'-- Found OpenSSL: /usr/lib/x86_64-linux-gnu/libcrypto.so (found version "3.0.2")  \n'}
[225.447295] (-) TimerEvent: {}
[225.510951] (cone_visualizer) StdoutLine: {'line': b'-- Found FastRTPS: /opt/ros/humble/include  \n'}
[225.548928] (-) TimerEvent: {}
[225.649390] (-) TimerEvent: {}
[225.658828] (cone_visualizer) StdoutLine: {'line': b"-- Using RMW implementation 'rmw_fastrtps_cpp' as default\n"}
[225.750230] (-) TimerEvent: {}
[225.851673] (-) TimerEvent: {}
[225.953535] (-) TimerEvent: {}
[226.055909] (-) TimerEvent: {}
[226.090957] (cone_visualizer) StdoutLine: {'line': b'-- Looking for pthread.h\n'}
[226.157367] (-) TimerEvent: {}
[226.260199] (-) TimerEvent: {}
[226.361066] (-) TimerEvent: {}
[226.394893] (cone_visualizer) StdoutLine: {'line': b'-- Looking for pthread.h - found\n'}
[226.400848] (cone_visualizer) StdoutLine: {'line': b'-- Performing Test CMAKE_HAVE_LIBC_PTHREAD\n'}
[226.461215] (-) TimerEvent: {}
[226.562872] (-) TimerEvent: {}
[226.664057] (-) TimerEvent: {}
[226.734580] (cone_visualizer) StdoutLine: {'line': b'-- Performing Test CMAKE_HAVE_LIBC_PTHREAD - Success\n'}
[226.739005] (cone_visualizer) StdoutLine: {'line': b'-- Found Threads: TRUE  \n'}
[226.765090] (-) TimerEvent: {}
[226.866183] (-) TimerEvent: {}
[226.968982] (-) TimerEvent: {}
[227.069410] (-) TimerEvent: {}
[227.170182] (-) TimerEvent: {}
[227.271521] (-) TimerEvent: {}
[227.373843] (-) TimerEvent: {}
[227.474336] (-) TimerEvent: {}
[227.502846] (cone_visualizer) StdoutLine: {'line': b'-- Found visualization_msgs: 4.9.1 (/opt/ros/humble/share/visualization_msgs/cmake)\n'}
[227.574501] (-) TimerEvent: {}
[227.675276] (-) TimerEvent: {}
[227.776815] (cone_visualizer) StdoutLine: {'line': b'-- Found fsd_common_msgs: 0.0.0 (/home/jack/ros2_homework_advanced/install/fsd_common_msgs/share/fsd_common_msgs/cmake)\n'}
[227.777141] (-) TimerEvent: {}
[227.879005] (-) TimerEvent: {}
[227.981371] (-) TimerEvent: {}
[228.082352] (-) TimerEvent: {}
[228.183883] (-) TimerEvent: {}
[228.284854] (-) TimerEvent: {}
[228.368874] (cone_visualizer) StdoutLine: {'line': b'-- Configuring done\n'}
[228.386883] (-) TimerEvent: {}
[228.417384] (cone_visualizer) StdoutLine: {'line': b'-- Generating done\n'}
[228.449620] (cone_visualizer) StdoutLine: {'line': b'-- Build files have been written to: /home/jack/ros2_homework_advanced/build/cone_visualizer\n'}
[228.487011] (-) TimerEvent: {}
[228.491611] (cone_visualizer) CommandEnded: {'returncode': 0}
[228.493431] (cone_visualizer) JobProgress: {'identifier': 'cone_visualizer', 'progress': 'build'}
[228.493506] (cone_visualizer) Command: {'cmd': ['/usr/bin/cmake', '--build', '/home/jack/ros2_homework_advanced/build/cone_visualizer', '--', '-j2', '-l2'], 'cwd': '/home/jack/ros2_homework_advanced/build/cone_visualizer', 'env': OrderedDict([('LESSOPEN', '| /usr/bin/lesspipe %s'), ('LANGUAGE', 'zh_CN:zh'), ('USER', 'jack'), ('XDG_SESSION_TYPE', 'wayland'), ('SHLVL', '1'), ('LD_LIBRARY_PATH', '/home/jack/ros2_homework_advanced/install/fsd_common_msgs/lib:/usr/lib/x86_64-linux-gnu/gazebo-11/plugins:/opt/ros/humble/opt/rviz_ogre_vendor/lib:/opt/ros/humble/lib/x86_64-linux-gnu:/opt/ros/humble/lib'), ('HOME', '/home/jack'), ('OLDPWD', '/home/jack/ros2_homework_advanced'), ('DESKTOP_SESSION', 'ubuntu'), ('ROS_PYTHON_VERSION', '3'), ('GNOME_SHELL_SESSION_MODE', 'ubuntu'), ('GTK_MODULES', 'gail:atk-bridge'), ('DBUS_STARTER_BUS_TYPE', 'session'), ('SYSTEMD_EXEC_PID', '85604'), ('DBUS_SESSION_BUS_ADDRESS', 'unix:path=/run/user/1000/bus,guid=4d6229c547727a250530af036a1e291b'), ('COLORTERM', 'truecolor'), ('WAYLAND_DISPLAY', 'wayland-0'), ('ROS_DISTRO', 'humble'), ('GTK_IM_MODULE', 'fcitx'), ('LOGNAME', 'jack'), ('_', '/usr/bin/colcon'), ('ROS_VERSION', '2'), ('XDG_SESSION_CLASS', 'user'), ('USERNAME', 'jack'), ('TERM', 'xterm-256color'), ('GNOME_DESKTOP_SESSION_ID', 'this-is-deprecated'), ('ROS_LOCALHOST_ONLY', '0'), ('PATH', '/opt/ros/humble/bin:/usr/local/sbin:/usr/local/bin:/usr/sbin:/usr/bin:/sbin:/bin:/usr/games:/usr/local/games:/snap/bin:/snap/bin'), ('SESSION_MANAGER', 'local/jack-270E5J-2570EJ:@/tmp/.ICE-unix/85604,unix/jack-270E5J-2570EJ:/tmp/.ICE-unix/85604'), ('XDG_MENU_PREFIX', 'gnome-'), ('GNOME_TERMINAL_SCREEN', '/org/gnome/Terminal/screen/d2b0fd20_1459_4934_b8b5_827c36f59622'), ('GNOME_SETUP_DISPLAY', ':1'), ('XDG_RUNTIME_DIR', '/run/user/1000'), ('DISPLAY', ':0'), ('LANG', 'zh_CN.UTF-8'), ('XDG_CURRENT_DESKTOP', 'ubuntu:GNOME'), ('XMODIFIERS', '@im=fcitx'), ('XDG_SESSION_DESKTOP', 'ubuntu'), ('XAUTHORITY', '/run/user/1000/.mutter-Xwaylandauth.346WP3'), ('LS_COLORS', 'rs=0:di=01;34:ln=01;36:mh=00:pi=40;33:so=01;35:do=01;35:bd=40;33;01:cd=40;33;01:or=40;31;01:mi=00:su=37;41:sg=30;43:ca=30;41:tw=30;42:ow=34;42:st=37;44:ex=01;32:*.tar=01;31:*.tgz=01;31:*.arc=01;31:*.arj=01;31:*.taz=01;31:*.lha=01;31:*.lz4=01;31:*.lzh=01;31:*.lzma=01;31:*.tlz=01;31:*.txz=01;31:*.tzo=01;31:*.t7z=01;31:*.zip=01;31:*.z=01;31:*.dz=01;31:*.gz=01;31:*.lrz=01;31:*.lz=01;31:*.lzo=01;31:*.xz=01;31:*.zst=01;31:*.tzst=01;31:*.bz2=01;31:*.bz=01;31:*.tbz=01;31:*.tbz2=01;31:*.tz=01;31:*.deb=01;31:*.rpm=01;31:*.jar=01;31:*.war=01;31:*.ear=01;31:*.sar=01;31:*.rar=01;31:*.alz=01;31:*.ace=01;31:*.zoo=01;31:*.cpio=01;31:*.7z=01;31:*.rz=01;31:*.cab=01;31:*.wim=01;31:*.swm=01;31:*.dwm=01;31:*.esd=01;31:*.jpg=01;35:*.jpeg=01;35:*.mjpg=01;35:*.mjpeg=01;35:*.gif=01;35:*.bmp=01;35:*.pbm=01;35:*.pgm=01;35:*.ppm=01;35:*.tga=01;35:*.xbm=01;35:*.xpm=01;35:*.tif=01;35:*.tiff=01;35:*.png=01;35:*.svg=01;35:*.svgz=01;35:*.mng=01;35:*.pcx=01;35:*.mov=01;35:*.mpg=01;35:*.mpeg=01;35:*.m2v=01;35:*.mkv=01;35:*.webm=01;35:*.webp=01;35:*.ogm=01;35:*.mp4=01;35:*.m4v=01;35:*.mp4v=01;35:*.vob=01;35:*.qt=01;35:*.nuv=01;35:*.wmv=01;35:*.asf=01;35:*.rm=01;35:*.rmvb=01;35:*.flc=01;35:*.avi=01;35:*.fli=01;35:*.flv=01;35:*.gl=01;35:*.dl=01;35:*.xcf=01;35:*.xwd=01;35:*.yuv=01;35:*.cgm=01;35:*.emf=01;35:*.ogv=01;35:*.ogx=01;35:*.aac=00;36:*.au=00;36:*.flac=00;36:*.m4a=00;36:*.mid=00;36:*.midi=00;36:*.mka=00;36:*.mp3=00;36:*.mpc=00;36:*.ogg=00;36:*.ra=00;36:*.wav=00;36:*.oga=00;36:*.opus=00;36:*.spx=00;36:*.xspf=00;36:'), ('GNOME_TERMINAL_SERVICE', ':1.797'), ('SSH_AGENT_LAUNCHER', 'gnome-keyring'), ('SSH_AUTH_SOCK', '/run/user/1000/keyring/ssh'), ('AMENT_PREFIX_PATH', '/home/jack/ros2_homework_advanced/install/fsd_common_msgs:/opt/ros/humble'), ('SHELL', '/bin/bash'), ('INSIDE_NAUTILUS_PYTHON', ''), ('QT_ACCESSIBILITY', '1'), ('GDMSESSION', 'ubuntu'), ('LESSCLOSE', '/usr/bin/lesspipe %s %s'), ('QT_IM_MODULE', 'fcitx'), ('PWD', '/home/jack/ros2_homework_advanced/build/cone_visualizer'), ('XDG_CONFIG_DIRS', '/etc/xdg/xdg-ubuntu:/etc/xdg'), ('DBUS_STARTER_ADDRESS', 'unix:path=/run/user/1000/bus,guid=4d6229c547727a250530af036a1e291b'), ('XDG_DATA_DIRS', '/usr/share/ubuntu:/home/jack/.local/share/flatpak/exports/share:/var/lib/flatpak/exports/share:/usr/local/share/:/usr/share/:/var/lib/snapd/desktop'), ('PYTHONPATH', '/home/jack/ros2_homework_advanced/install/fsd_common_msgs/local/lib/python3.10/dist-packages:/opt/ros/humble/lib/python3.10/site-packages:/opt/ros/humble/local/lib/python3.10/dist-packages'), ('COLCON', '1'), ('VTE_VERSION', '6800'), ('CMAKE_PREFIX_PATH', '/home/jack/ros2_homework_advanced/install/fsd_common_msgs:/opt/ros/humble')]), 'shell': False}
[228.588192] (-) TimerEvent: {}
[228.672826] (cone_visualizer) StdoutLine: {'line': b'[ 50%] \x1b[32mBuilding CXX object CMakeFiles/cone_visualizer_node.dir/src/cone_visualizer_node.cpp.o\x1b[0m\n'}
[228.689784] (-) TimerEvent: {}
[228.790246] (-) TimerEvent: {}
[228.891449] (-) TimerEvent: {}
[228.992136] (-) TimerEvent: {}
[229.094837] (-) TimerEvent: {}
[229.195433] (-) TimerEvent: {}
[229.296828] (-) TimerEvent: {}
[229.397270] (-) TimerEvent: {}
[229.497719] (-) TimerEvent: {}
[229.598175] (-) TimerEvent: {}
[229.699979] (-) TimerEvent: {}
[229.800541] (-) TimerEvent: {}
[229.901370] (-) TimerEvent: {}
[230.003832] (-) TimerEvent: {}
[230.104274] (-) TimerEvent: {}
[230.205285] (-) TimerEvent: {}
[230.306910] (-) TimerEvent: {}
[230.407338] (-) TimerEvent: {}
[230.508999] (-) TimerEvent: {}
[230.609427] (-) TimerEvent: {}
[230.710396] (-) TimerEvent: {}
[230.811442] (-) TimerEvent: {}
[230.914030] (-) TimerEvent: {}
[231.015166] (-) TimerEvent: {}
[231.117837] (-) TimerEvent: {}
[231.218855] (-) TimerEvent: {}
[231.320842] (-) TimerEvent: {}
[231.421360] (-) TimerEvent: {}
[231.523066] (-) TimerEvent: {}
[231.624010] (-) TimerEvent: {}
[231.729767] (-) TimerEvent: {}
[231.830275] (-) TimerEvent: {}
[231.931198] (-) TimerEvent: {}
[232.032535] (-) TimerEvent: {}
[232.133735] (-) TimerEvent: {}
[232.235852] (-) TimerEvent: {}
[232.336504] (-) TimerEvent: {}
[232.438142] (-) TimerEvent: {}
[232.540020] (-) TimerEvent: {}
[232.641071] (-) TimerEvent: {}
[232.743026] (-) TimerEvent: {}
[232.845235] (-) TimerEvent: {}
[232.947839] (-) TimerEvent: {}
[233.048501] (-) TimerEvent: {}
[233.150055] (-) TimerEvent: {}
[233.251718] (-) TimerEvent: {}
[233.353053] (-) TimerEvent: {}
[233.455574] (-) TimerEvent: {}
[233.556092] (-) TimerEvent: {}
[233.657740] (-) TimerEvent: {}
[233.759845] (-) TimerEvent: {}
[233.860509] (-) TimerEvent: {}
[233.961560] (-) TimerEvent: {}
[234.063388] (-) TimerEvent: {}
[234.164909] (-) TimerEvent: {}
[234.265860] (-) TimerEvent: {}
[234.367995] (-) TimerEvent: {}
[234.468605] (-) TimerEvent: {}
[234.571059] (-) TimerEvent: {}
[234.672852] (-) TimerEvent: {}
[234.773850] (-) TimerEvent: {}
[234.874936] (-) TimerEvent: {}
[234.977073] (-) TimerEvent: {}
[235.078840] (-) TimerEvent: {}
[235.180608] (-) TimerEvent: {}
[235.282176] (-) TimerEvent: {}
[235.383176] (-) TimerEvent: {}
[235.484411] (-) TimerEvent: {}
[235.584951] (-) TimerEvent: {}
[235.685567] (-) TimerEvent: {}
[235.788338] (-) TimerEvent: {}
[235.889831] (-) TimerEvent: {}
[235.991306] (-) TimerEvent: {}
[236.092458] (-) TimerEvent: {}
[236.194343] (-) TimerEvent: {}
[236.296371] (-) TimerEvent: {}
[236.399448] (-) TimerEvent: {}
[236.499966] (-) TimerEvent: {}
[236.602340] (-) TimerEvent: {}
[236.704842] (-) TimerEvent: {}
[236.808565] (-) TimerEvent: {}
[236.909263] (-) TimerEvent: {}
[237.010989] (-) TimerEvent: {}
[237.111923] (-) TimerEvent: {}
[237.212992] (-) TimerEvent: {}
[237.315135] (-) TimerEvent: {}
[237.415865] (-) TimerEvent: {}
[237.518888] (-) TimerEvent: {}
[237.619842] (-) TimerEvent: {}
[237.720418] (-) TimerEvent: {}
[237.822281] (-) TimerEvent: {}
[237.922797] (-) TimerEvent: {}
[238.024863] (-) TimerEvent: {}
[238.125954] (-) TimerEvent: {}
[238.228066] (-) TimerEvent: {}
[238.330013] (-) TimerEvent: {}
[238.431831] (-) TimerEvent: {}
[238.532689] (-) TimerEvent: {}
[238.636893] (-) TimerEvent: {}
[238.738920] (-) TimerEvent: {}
[238.843844] (-) TimerEvent: {}
[238.944867] (-) TimerEvent: {}
[239.045546] (-) TimerEvent: {}
[239.148491] (-) TimerEvent: {}
[239.249083] (-) TimerEvent: {}
[239.349858] (-) TimerEvent: {}
[239.452871] (-) TimerEvent: {}
[239.553347] (-) TimerEvent: {}
[239.654017] (-) TimerEvent: {}
[239.754441] (-) TimerEvent: {}
[239.854935] (-) TimerEvent: {}
[239.956863] (-) TimerEvent: {}
[240.057488] (-) TimerEvent: {}
[240.158057] (-) TimerEvent: {}
[240.260362] (-) TimerEvent: {}
[240.360809] (-) TimerEvent: {}
[240.461262] (-) TimerEvent: {}
[240.563861] (-) TimerEvent: {}
[240.664292] (-) TimerEvent: {}
[240.764871] (-) TimerEvent: {}
[240.865460] (-) TimerEvent: {}
[240.966127] (-) TimerEvent: {}
[241.067870] (-) TimerEvent: {}
[241.168406] (-) TimerEvent: {}
[241.270853] (-) TimerEvent: {}
[241.371564] (-) TimerEvent: {}
[241.472039] (-) TimerEvent: {}
[241.572524] (-) TimerEvent: {}
[241.673098] (-) TimerEvent: {}
[241.774870] (-) TimerEvent: {}
[241.876879] (-) TimerEvent: {}
[241.978840] (-) TimerEvent: {}
[242.079316] (-) TimerEvent: {}
[242.179814] (-) TimerEvent: {}
[242.280853] (-) TimerEvent: {}
[242.381642] (-) TimerEvent: {}
[242.483071] (-) TimerEvent: {}
[242.583808] (-) TimerEvent: {}
[242.685820] (-) TimerEvent: {}
[242.786337] (-) TimerEvent: {}
[242.886823] (-) TimerEvent: {}
[242.988731] (-) TimerEvent: {}
[243.089297] (-) TimerEvent: {}
[243.191321] (-) TimerEvent: {}
[243.291868] (-) TimerEvent: {}
[243.392389] (-) TimerEvent: {}
[243.492834] (-) TimerEvent: {}
[243.594836] (-) TimerEvent: {}
[243.695324] (-) TimerEvent: {}
[243.795857] (-) TimerEvent: {}
[243.896847] (-) TimerEvent: {}
[243.998325] (-) TimerEvent: {}
[244.098793] (-) TimerEvent: {}
[244.199259] (-) TimerEvent: {}
[244.302519] (-) TimerEvent: {}
[244.403659] (-) TimerEvent: {}
[244.506565] (-) TimerEvent: {}
[244.608267] (-) TimerEvent: {}
[244.709270] (-) TimerEvent: {}
[244.814241] (-) TimerEvent: {}
[244.918201] (-) TimerEvent: {}
[245.019388] (-) TimerEvent: {}
[245.123118] (-) TimerEvent: {}
[245.224814] (-) TimerEvent: {}
[245.325297] (-) TimerEvent: {}
[245.427044] (-) TimerEvent: {}
[245.528805] (-) TimerEvent: {}
[245.629939] (-) TimerEvent: {}
[245.735652] (-) TimerEvent: {}
[245.838162] (-) TimerEvent: {}
[245.939091] (-) TimerEvent: {}
[246.042816] (-) TimerEvent: {}
[246.143457] (-) TimerEvent: {}
[246.245411] (-) TimerEvent: {}
[246.346101] (-) TimerEvent: {}
[246.448870] (-) TimerEvent: {}
[246.549305] (-) TimerEvent: {}
[246.649944] (-) TimerEvent: {}
[246.751844] (-) TimerEvent: {}
[246.852304] (-) TimerEvent: {}
[246.953986] (-) TimerEvent: {}
[247.054635] (-) TimerEvent: {}
[247.156233] (-) TimerEvent: {}
[247.257565] (-) TimerEvent: {}
[247.358698] (-) TimerEvent: {}
[247.460939] (-) TimerEvent: {}
[247.561463] (-) TimerEvent: {}
[247.662278] (-) TimerEvent: {}
[247.763357] (-) TimerEvent: {}
[247.864878] (-) TimerEvent: {}
[247.965388] (-) TimerEvent: {}
[248.066943] (-) TimerEvent: {}
[248.167386] (-) TimerEvent: {}
[248.268165] (-) TimerEvent: {}
[248.369333] (-) TimerEvent: {}
[248.470870] (-) TimerEvent: {}
[248.571311] (-) TimerEvent: {}
[248.672420] (-) TimerEvent: {}
[248.772838] (-) TimerEvent: {}
[248.873840] (-) TimerEvent: {}
[248.975896] (-) TimerEvent: {}
[249.076328] (-) TimerEvent: {}
[249.176984] (-) TimerEvent: {}
[249.279099] (-) TimerEvent: {}
[249.380814] (-) TimerEvent: {}
[249.481239] (-) TimerEvent: {}
[249.582411] (-) TimerEvent: {}
[249.684033] (-) TimerEvent: {}
[249.784540] (-) TimerEvent: {}
[249.885368] (-) TimerEvent: {}
[249.988023] (-) TimerEvent: {}
[250.088647] (-) TimerEvent: {}
[250.189835] (-) TimerEvent: {}
[250.290261] (-) TimerEvent: {}
[250.390866] (-) TimerEvent: {}
[250.493400] (-) TimerEvent: {}
[250.593858] (-) TimerEvent: {}
[250.695087] (-) TimerEvent: {}
[250.795865] (-) TimerEvent: {}
[250.897590] (-) TimerEvent: {}
[250.999018] (-) TimerEvent: {}
[251.101926] (-) TimerEvent: {}
[251.203838] (-) TimerEvent: {}
[251.304837] (-) TimerEvent: {}
[251.408521] (-) TimerEvent: {}
[251.509168] (-) TimerEvent: {}
[251.611843] (-) TimerEvent: {}
[251.716062] (-) TimerEvent: {}
[251.816587] (-) TimerEvent: {}
[251.919039] (-) TimerEvent: {}
[252.020272] (-) TimerEvent: {}
[252.120686] (-) TimerEvent: {}
[252.221815] (-) TimerEvent: {}
[252.322566] (-) TimerEvent: {}
[252.424027] (-) TimerEvent: {}
[252.525739] (-) TimerEvent: {}
[252.626318] (-) TimerEvent: {}
[252.727008] (-) TimerEvent: {}
[252.827549] (-) TimerEvent: {}
[252.928066] (-) TimerEvent: {}
[253.028670] (-) TimerEvent: {}
[253.129264] (-) TimerEvent: {}
[253.230335] (-) TimerEvent: {}
[253.330789] (-) TimerEvent: {}
[253.431722] (-) TimerEvent: {}
[253.532999] (-) TimerEvent: {}
[253.633425] (-) TimerEvent: {}
[253.734237] (-) TimerEvent: {}
[253.835915] (-) TimerEvent: {}
[253.937323] (-) TimerEvent: {}
[254.039647] (-) TimerEvent: {}
[254.140817] (-) TimerEvent: {}
[254.243971] (-) TimerEvent: {}
[254.344541] (-) TimerEvent: {}
[254.445118] (-) TimerEvent: {}
[254.546003] (-) TimerEvent: {}
[254.647444] (-) TimerEvent: {}
[254.748044] (-) TimerEvent: {}
[254.849214] (-) TimerEvent: {}
[254.949618] (-) TimerEvent: {}
[255.050857] (-) TimerEvent: {}
[255.151276] (-) TimerEvent: {}
[255.252920] (-) TimerEvent: {}
[255.353348] (-) TimerEvent: {}
[255.453814] (-) TimerEvent: {}
[255.555859] (-) TimerEvent: {}
[255.656316] (-) TimerEvent: {}
[255.756774] (-) TimerEvent: {}
[255.859846] (-) TimerEvent: {}
[255.960275] (-) TimerEvent: {}
[256.061840] (-) TimerEvent: {}
[256.162621] (-) TimerEvent: {}
[256.263231] (-) TimerEvent: {}
[256.364000] (-) TimerEvent: {}
[256.465604] (-) TimerEvent: {}
[256.568210] (-) TimerEvent: {}
[256.668831] (-) TimerEvent: {}
[256.769271] (-) TimerEvent: {}
[256.871253] (-) TimerEvent: {}
[256.973174] (-) TimerEvent: {}
[257.074224] (-) TimerEvent: {}
[257.176082] (-) TimerEvent: {}
[257.276621] (-) TimerEvent: {}
[257.378017] (-) TimerEvent: {}
[257.478895] (-) TimerEvent: {}
[257.579449] (-) TimerEvent: {}
[257.680616] (-) TimerEvent: {}
[257.781533] (-) TimerEvent: {}
[257.882039] (-) TimerEvent: {}
[257.983270] (-) TimerEvent: {}
[258.083687] (-) TimerEvent: {}
[258.185372] (-) TimerEvent: {}
[258.286190] (-) TimerEvent: {}
[258.386807] (-) TimerEvent: {}
[258.487402] (-) TimerEvent: {}
[258.589576] (-) TimerEvent: {}
[258.690026] (-) TimerEvent: {}
[258.790693] (-) TimerEvent: {}
[258.891191] (-) TimerEvent: {}
[258.992034] (-) TimerEvent: {}
[259.092473] (-) TimerEvent: {}
[259.192920] (-) TimerEvent: {}
[259.293408] (-) TimerEvent: {}
[259.394535] (-) TimerEvent: {}
[259.495023] (-) TimerEvent: {}
[259.596371] (-) TimerEvent: {}
[259.697833] (-) TimerEvent: {}
[259.798482] (-) TimerEvent: {}
[259.899145] (-) TimerEvent: {}
[259.999555] (-) TimerEvent: {}
[260.100048] (-) TimerEvent: {}
[260.200878] (-) TimerEvent: {}
[260.301770] (-) TimerEvent: {}
[260.402209] (-) TimerEvent: {}
[260.503985] (-) TimerEvent: {}
[260.604646] (-) TimerEvent: {}
[260.705127] (-) TimerEvent: {}
[260.806416] (-) TimerEvent: {}
[260.908728] (-) TimerEvent: {}
[261.010494] (-) TimerEvent: {}
[261.059856] (cone_visualizer) StdoutLine: {'line': b'[100%] \x1b[32m\x1b[1mLinking CXX executable cone_visualizer_node\x1b[0m\n'}
[261.111915] (-) TimerEvent: {}
[261.212813] (-) TimerEvent: {}
[261.314141] (-) TimerEvent: {}
[261.416569] (-) TimerEvent: {}
[261.517353] (-) TimerEvent: {}
[261.617834] (-) TimerEvent: {}
[261.718384] (-) TimerEvent: {}
[261.819859] (-) TimerEvent: {}
[261.921779] (-) TimerEvent: {}
[262.023062] (-) TimerEvent: {}
[262.123518] (-) TimerEvent: {}
[262.224047] (-) TimerEvent: {}
[262.325170] (-) TimerEvent: {}
[262.427827] (-) TimerEvent: {}
[262.528232] (-) TimerEvent: {}
[262.628638] (-) TimerEvent: {}
[262.730972] (-) TimerEvent: {}
[262.831878] (-) TimerEvent: {}
[262.836507] (cone_visualizer) StdoutLine: {'line': b'[100%] Built target cone_visualizer_node\n'}
[262.877866] (cone_visualizer) CommandEnded: {'returncode': 0}
[262.880104] (cone_visualizer) JobProgress: {'identifier': 'cone_visualizer', 'progress': 'install'}
[262.880240] (cone_visualizer) Command: {'cmd': ['/usr/bin/cmake', '--install', '/home/jack/ros2_homework_advanced/build/cone_visualizer'], 'cwd': '/home/jack/ros2_homework_advanced/build/cone_visualizer', 'env': OrderedDict([('LESSOPEN', '| /usr/bin/lesspipe %s'), ('LANGUAGE', 'zh_CN:zh'), ('USER', 'jack'), ('XDG_SESSION_TYPE', 'wayland'), ('SHLVL', '1'), ('LD_LIBRARY_PATH', '/home/jack/ros2_homework_advanced/install/fsd_common_msgs/lib:/usr/lib/x86_64-linux-gnu/gazebo-11/plugins:/opt/ros/humble/opt/rviz_ogre_vendor/lib:/opt/ros/humble/lib/x86_64-linux-gnu:/opt/ros/humble/lib'), ('HOME', '/home/jack'), ('OLDPWD', '/home/jack/ros2_homework_advanced'), ('DESKTOP_SESSION', 'ubuntu'), ('ROS_PYTHON_VERSION', '3'), ('GNOME_SHELL_SESSION_MODE', 'ubuntu'), ('GTK_MODULES', 'gail:atk-bridge'), ('DBUS_STARTER_BUS_TYPE', 'session'), ('SYSTEMD_EXEC_PID', '85604'), ('DBUS_SESSION_BUS_ADDRESS', 'unix:path=/run/user/1000/bus,guid=4d6229c547727a250530af036a1e291b'), ('COLORTERM', 'truecolor'), ('WAYLAND_DISPLAY', 'wayland-0'), ('ROS_DISTRO', 'humble'), ('GTK_IM_MODULE', 'fcitx'), ('LOGNAME', 'jack'), ('_', '/usr/bin/colcon'), ('ROS_VERSION', '2'), ('XDG_SESSION_CLASS', 'user'), ('USERNAME', 'jack'), ('TERM', 'xterm-256color'), ('GNOME_DESKTOP_SESSION_ID', 'this-is-deprecated'), ('ROS_LOCALHOST_ONLY', '0'), ('PATH', '/opt/ros/humble/bin:/usr/local/sbin:/usr/local/bin:/usr/sbin:/usr/bin:/sbin:/bin:/usr/games:/usr/local/games:/snap/bin:/snap/bin'), ('SESSION_MANAGER', 'local/jack-270E5J-2570EJ:@/tmp/.ICE-unix/85604,unix/jack-270E5J-2570EJ:/tmp/.ICE-unix/85604'), ('XDG_MENU_PREFIX', 'gnome-'), ('GNOME_TERMINAL_SCREEN', '/org/gnome/Terminal/screen/d2b0fd20_1459_4934_b8b5_827c36f59622'), ('GNOME_SETUP_DISPLAY', ':1'), ('XDG_RUNTIME_DIR', '/run/user/1000'), ('DISPLAY', ':0'), ('LANG', 'zh_CN.UTF-8'), ('XDG_CURRENT_DESKTOP', 'ubuntu:GNOME'), ('XMODIFIERS', '@im=fcitx'), ('XDG_SESSION_DESKTOP', 'ubuntu'), ('XAUTHORITY', '/run/user/1000/.mutter-Xwaylandauth.346WP3'), ('LS_COLORS', 'rs=0:di=01;34:ln=01;36:mh=00:pi=40;33:so=01;35:do=01;35:bd=40;33;01:cd=40;33;01:or=40;31;01:mi=00:su=37;41:sg=30;43:ca=30;41:tw=30;42:ow=34;42:st=37;44:ex=01;32:*.tar=01;31:*.tgz=01;31:*.arc=01;31:*.arj=01;31:*.taz=01;31:*.lha=01;31:*.lz4=01;31:*.lzh=01;31:*.lzma=01;31:*.tlz=01;31:*.txz=01;31:*.tzo=01;31:*.t7z=01;31:*.zip=01;31:*.z=01;31:*.dz=01;31:*.gz=01;31:*.lrz=01;31:*.lz=01;31:*.lzo=01;31:*.xz=01;31:*.zst=01;31:*.tzst=01;31:*.bz2=01;31:*.bz=01;31:*.tbz=01;31:*.tbz2=01;31:*.tz=01;31:*.deb=01;31:*.rpm=01;31:*.jar=01;31:*.war=01;31:*.ear=01;31:*.sar=01;31:*.rar=01;31:*.alz=01;31:*.ace=01;31:*.zoo=01;31:*.cpio=01;31:*.7z=01;31:*.rz=01;31:*.cab=01;31:*.wim=01;31:*.swm=01;31:*.dwm=01;31:*.esd=01;31:*.jpg=01;35:*.jpeg=01;35:*.mjpg=01;35:*.mjpeg=01;35:*.gif=01;35:*.bmp=01;35:*.pbm=01;35:*.pgm=01;35:*.ppm=01;35:*.tga=01;35:*.xbm=01;35:*.xpm=01;35:*.tif=01;35:*.tiff=01;35:*.png=01;35:*.svg=01;35:*.svgz=01;35:*.mng=01;35:*.pcx=01;35:*.mov=01;35:*.mpg=01;35:*.mpeg=01;35:*.m2v=01;35:*.mkv=01;35:*.webm=01;35:*.webp=01;35:*.ogm=01;35:*.mp4=01;35:*.m4v=01;35:*.mp4v=01;35:*.vob=01;35:*.qt=01;35:*.nuv=01;35:*.wmv=01;35:*.asf=01;35:*.rm=01;35:*.rmvb=01;35:*.flc=01;35:*.avi=01;35:*.fli=01;35:*.flv=01;35:*.gl=01;35:*.dl=01;35:*.xcf=01;35:*.xwd=01;35:*.yuv=01;35:*.cgm=01;35:*.emf=01;35:*.ogv=01;35:*.ogx=01;35:*.aac=00;36:*.au=00;36:*.flac=00;36:*.m4a=00;36:*.mid=00;36:*.midi=00;36:*.mka=00;36:*.mp3=00;36:*.mpc=00;36:*.ogg=00;36:*.ra=00;36:*.wav=00;36:*.oga=00;36:*.opus=00;36:*.spx=00;36:*.xspf=00;36:'), ('GNOME_TERMINAL_SERVICE', ':1.797'), ('SSH_AGENT_LAUNCHER', 'gnome-keyring'), ('SSH_AUTH_SOCK', '/run/user/1000/keyring/ssh'), ('AMENT_PREFIX_PATH', '/home/jack/ros2_homework_advanced/install/fsd_common_msgs:/opt/ros/humble'), ('SHELL', '/bin/bash'), ('INSIDE_NAUTILUS_PYTHON', ''), ('QT_ACCESSIBILITY', '1'), ('GDMSESSION', 'ubuntu'), ('LESSCLOSE', '/usr/bin/lesspipe %s %s'), ('QT_IM_MODULE', 'fcitx'), ('PWD', '/home/jack/ros2_homework_advanced/build/cone_visualizer'), ('XDG_CONFIG_DIRS', '/etc/xdg/xdg-ubuntu:/etc/xdg'), ('DBUS_STARTER_ADDRESS', 'unix:path=/run/user/1000/bus,guid=4d6229c547727a250530af036a1e291b'), ('XDG_DATA_DIRS', '/usr/share/ubuntu:/home/jack/.local/share/flatpak/exports/share:/var/lib/flatpak/exports/share:/usr/local/share/:/usr/share/:/var/lib/snapd/desktop'), ('PYTHONPATH', '/home/jack/ros2_homework_advanced/install/fsd_common_msgs/local/lib/python3.10/dist-packages:/opt/ros/humble/lib/python3.10/site-packages:/opt/ros/humble/local/lib/python3.10/dist-packages'), ('COLCON', '1'), ('VTE_VERSION', '6800'), ('CMAKE_PREFIX_PATH', '/home/jack/ros2_homework_advanced/install/fsd_common_msgs:/opt/ros/humble')]), 'shell': False}
[262.902633] (cone_visualizer) StdoutLine: {'line': b'-- Install configuration: ""\n'}
[262.903207] (cone_visualizer) StdoutLine: {'line': b'-- Installing: /home/jack/ros2_homework_advanced/install/cone_visualizer/lib/cone_visualizer/cone_visualizer_node\n'}
[262.911398] (cone_visualizer) StdoutLine: {'line': b'-- Set runtime path of "/home/jack/ros2_homework_advanced/install/cone_visualizer/lib/cone_visualizer/cone_visualizer_node" to ""\n'}
[262.911925] (cone_visualizer) StdoutLine: {'line': b'-- Installing: /home/jack/ros2_homework_advanced/install/cone_visualizer/share/ament_index/resource_index/package_run_dependencies/cone_visualizer\n'}
[262.912168] (cone_visualizer) StdoutLine: {'line': b'-- Installing: /home/jack/ros2_homework_advanced/install/cone_visualizer/share/ament_index/resource_index/parent_prefix_path/cone_visualizer\n'}
[262.921302] (cone_visualizer) StdoutLine: {'line': b'-- Installing: /home/jack/ros2_homework_advanced/install/cone_visualizer/share/cone_visualizer/environment/ament_prefix_path.sh\n'}
[262.932024] (-) TimerEvent: {}
[262.939427] (cone_visualizer) StdoutLine: {'line': b'-- Installing: /home/jack/ros2_homework_advanced/install/cone_visualizer/share/cone_visualizer/environment/ament_prefix_path.dsv\n'}
[262.939877] (cone_visualizer) StdoutLine: {'line': b'-- Installing: /home/jack/ros2_homework_advanced/install/cone_visualizer/share/cone_visualizer/environment/path.sh\n'}
[262.940277] (cone_visualizer) StdoutLine: {'line': b'-- Installing: /home/jack/ros2_homework_advanced/install/cone_visualizer/share/cone_visualizer/environment/path.dsv\n'}
[262.940594] (cone_visualizer) StdoutLine: {'line': b'-- Installing: /home/jack/ros2_homework_advanced/install/cone_visualizer/share/cone_visualizer/local_setup.bash\n'}
[262.941660] (cone_visualizer) StdoutLine: {'line': b'-- Installing: /home/jack/ros2_homework_advanced/install/cone_visualizer/share/cone_visualizer/local_setup.sh\n'}
[262.942079] (cone_visualizer) StdoutLine: {'line': b'-- Installing: /home/jack/ros2_homework_advanced/install/cone_visualizer/share/cone_visualizer/local_setup.zsh\n'}
[262.942390] (cone_visualizer) StdoutLine: {'line': b'-- Installing: /home/jack/ros2_homework_advanced/install/cone_visualizer/share/cone_visualizer/local_setup.dsv\n'}
[262.942650] (cone_visualizer) StdoutLine: {'line': b'-- Installing: /home/jack/ros2_homework_advanced/install/cone_visualizer/share/cone_visualizer/package.dsv\n'}
[262.944144] (cone_visualizer) StdoutLine: {'line': b'-- Installing: /home/jack/ros2_homework_advanced/install/cone_visualizer/share/ament_index/resource_index/packages/cone_visualizer\n'}
[262.944528] (cone_visualizer) StdoutLine: {'line': b'-- Installing: /home/jack/ros2_homework_advanced/install/cone_visualizer/share/cone_visualizer/cmake/cone_visualizerConfig.cmake\n'}
[262.944860] (cone_visualizer) StdoutLine: {'line': b'-- Installing: /home/jack/ros2_homework_advanced/install/cone_visualizer/share/cone_visualizer/cmake/cone_visualizerConfig-version.cmake\n'}
[262.945136] (cone_visualizer) StdoutLine: {'line': b'-- Installing: /home/jack/ros2_homework_advanced/install/cone_visualizer/share/cone_visualizer/package.xml\n'}
[262.949187] (cone_visualizer) CommandEnded: {'returncode': 0}
[263.032363] (-) TimerEvent: {}
[263.037909] (cone_visualizer) JobEnded: {'identifier': 'cone_visualizer', 'rc': 0}
[263.039615] (-) EventReactorShutdown: {}
