[0.022s] Invoking command in '/home/jack/ros2_homework_advanced/build/fsd_common_msgs': CMAKE_PREFIX_PATH=/opt/ros/humble /usr/bin/cmake /home/jack/ros2_homework_advanced/fsd_common_msgs -DCMAKE_INSTALL_PREFIX=/home/jack/ros2_homework_advanced/install/fsd_common_msgs
[0.159s] -- The C compiler identification is GNU 11.4.0
[0.315s] -- The CXX compiler identification is GNU 11.4.0
[0.334s] -- Detecting C compiler ABI info
[0.514s] -- Detecting C compiler ABI info - done
[0.536s] -- Check for working C compiler: /usr/bin/cc - skipped
[0.537s] -- Detecting C compile features
[0.539s] -- Detecting C compile features - done
[0.548s] -- Detecting CXX compiler ABI info
[0.767s] -- Detecting CXX compiler ABI info - done
[0.792s] -- Check for working CXX compiler: /usr/bin/c++ - skipped
[0.793s] -- Detecting CXX compile features
[0.795s] -- Detecting CXX compile features - done
[0.800s] -- Found ament_cmake: 1.3.14 (/opt/ros/humble/share/ament_cmake/cmake)
[1.222s] -- Found Python3: /usr/bin/python3 (found version "3.10.12") found components: Interpreter 
[1.519s] -- Found rosidl_default_generators: 1.2.1 (/opt/ros/humble/share/rosidl_default_generators/cmake)
[1.532s] -- Using all available rosidl_typesupport_c: rosidl_typesupport_fastrtps_c;rosidl_typesupport_introspection_c
[1.549s] -- Found rosidl_adapter: 3.1.8 (/opt/ros/humble/share/rosidl_adapter/cmake)
[1.659s] -- Using all available rosidl_typesupport_cpp: rosidl_typesupport_fastrtps_cpp;rosidl_typesupport_introspection_cpp
[1.761s] -- Found std_msgs: 4.9.1 (/opt/ros/humble/share/std_msgs/cmake)
[1.838s] -- Found geometry_msgs: 4.9.1 (/opt/ros/humble/share/geometry_msgs/cmake)
[1.875s] -- Found can_msgs: 2.0.0 (/opt/ros/humble/share/can_msgs/cmake)
[1.913s] -- Found nav_msgs: 4.9.1 (/opt/ros/humble/share/nav_msgs/cmake)
[3.457s] -- Found ament_cmake_ros: 0.10.0 (/opt/ros/humble/share/ament_cmake_ros/cmake)
[4.247s] -- Using all available rosidl_typesupport_c: rosidl_typesupport_fastrtps_c;rosidl_typesupport_introspection_c
[5.281s] -- Using all available rosidl_typesupport_cpp: rosidl_typesupport_fastrtps_cpp;rosidl_typesupport_introspection_cpp
[5.346s] -- Found PythonInterp: /usr/bin/python3 (found suitable version "3.10.12", minimum required is "3.6") 
[5.348s] -- Found python_cmake_module: 0.10.0 (/opt/ros/humble/share/python_cmake_module/cmake)
[5.421s] -- Found PythonLibs: /usr/lib/x86_64-linux-gnu/libpython3.10.so (found suitable version "3.10.12", minimum required is "3.5") 
[5.422s] -- Using PYTHON_EXECUTABLE: /usr/bin/python3
[5.422s] -- Using PYTHON_INCLUDE_DIRS: /usr/include/python3.10
[5.422s] -- Using PYTHON_LIBRARIES: /usr/lib/x86_64-linux-gnu/libpython3.10.so
[5.484s] -- Found PythonExtra: .so  
[5.992s] -- Configuring done
[6.239s] -- Generating done
[6.289s] -- Build files have been written to: /home/jack/ros2_homework_advanced/build/fsd_common_msgs
[6.316s] Invoked command in '/home/jack/ros2_homework_advanced/build/fsd_common_msgs' returned '0': CMAKE_PREFIX_PATH=/opt/ros/humble /usr/bin/cmake /home/jack/ros2_homework_advanced/fsd_common_msgs -DCMAKE_INSTALL_PREFIX=/home/jack/ros2_homework_advanced/install/fsd_common_msgs
[6.320s] Invoking command in '/home/jack/ros2_homework_advanced/build/fsd_common_msgs': CMAKE_PREFIX_PATH=/opt/ros/humble /usr/bin/cmake --build /home/jack/ros2_homework_advanced/build/fsd_common_msgs -- -j2 -l2
[6.482s] [  1%] [34m[1mGenerating C code for ROS interfaces[0m
[6.496s] [  2%] [34m[1mGenerating Rust code for ROS interfaces[0m
[11.577s] [  2%] Built target fsd_common_msgs__rs
[11.658s] [  2%] [34m[1mGenerating C++ code for ROS interfaces[0m
[17.064s] [  2%] [32mBuilding C object CMakeFiles/fsd_common_msgs__rosidl_generator_c.dir/rosidl_generator_c/fsd_common_msgs/msg/detail/as_state__functions.c.o[0m
[17.207s] [  3%] [32mBuilding C object CMakeFiles/fsd_common_msgs__rosidl_generator_c.dir/rosidl_generator_c/fsd_common_msgs/msg/detail/asensing_message__functions.c.o[0m
[17.349s] [  3%] [32mBuilding C object CMakeFiles/fsd_common_msgs__rosidl_generator_c.dir/rosidl_generator_c/fsd_common_msgs/msg/detail/can_frames__functions.c.o[0m
[17.489s] [  3%] [32mBuilding C object CMakeFiles/fsd_common_msgs__rosidl_generator_c.dir/rosidl_generator_c/fsd_common_msgs/msg/detail/car_state__functions.c.o[0m
[17.628s] [  4%] [32mBuilding C object CMakeFiles/fsd_common_msgs__rosidl_generator_c.dir/rosidl_generator_c/fsd_common_msgs/msg/detail/car_state_dt__functions.c.o[0m
[17.760s] [  4%] [32mBuilding C object CMakeFiles/fsd_common_msgs__rosidl_generator_c.dir/rosidl_generator_c/fsd_common_msgs/msg/detail/cone__functions.c.o[0m
[17.895s] [  5%] [32mBuilding C object CMakeFiles/fsd_common_msgs__rosidl_generator_c.dir/rosidl_generator_c/fsd_common_msgs/msg/detail/cone_dbscan__functions.c.o[0m
[18.039s] [  5%] [32mBuilding C object CMakeFiles/fsd_common_msgs__rosidl_generator_c.dir/rosidl_generator_c/fsd_common_msgs/msg/detail/cone_detections__functions.c.o[0m
[18.165s] [  5%] [32mBuilding C object CMakeFiles/fsd_common_msgs__rosidl_generator_c.dir/rosidl_generator_c/fsd_common_msgs/msg/detail/cone_detections_dbscan__functions.c.o[0m
[18.298s] [  6%] [32mBuilding C object CMakeFiles/fsd_common_msgs__rosidl_generator_c.dir/rosidl_generator_c/fsd_common_msgs/msg/detail/control_command__functions.c.o[0m
[18.429s] [  6%] [32mBuilding C object CMakeFiles/fsd_common_msgs__rosidl_generator_c.dir/rosidl_generator_c/fsd_common_msgs/msg/detail/decision_flag__functions.c.o[0m
[18.556s] [  7%] [32mBuilding C object CMakeFiles/fsd_common_msgs__rosidl_generator_c.dir/rosidl_generator_c/fsd_common_msgs/msg/detail/driving_dynamics__functions.c.o[0m
[18.691s] [  7%] [32mBuilding C object CMakeFiles/fsd_common_msgs__rosidl_generator_c.dir/rosidl_generator_c/fsd_common_msgs/msg/detail/echiev_message__functions.c.o[0m
[18.826s] [  7%] [32mBuilding C object CMakeFiles/fsd_common_msgs__rosidl_generator_c.dir/rosidl_generator_c/fsd_common_msgs/msg/detail/feedback__functions.c.o[0m
[18.958s] [  8%] [32mBuilding C object CMakeFiles/fsd_common_msgs__rosidl_generator_c.dir/rosidl_generator_c/fsd_common_msgs/msg/detail/ins_delta__functions.c.o[0m
[19.089s] [  8%] [32mBuilding C object CMakeFiles/fsd_common_msgs__rosidl_generator_c.dir/rosidl_generator_c/fsd_common_msgs/msg/detail/map__functions.c.o[0m
[19.223s] [  9%] [32mBuilding C object CMakeFiles/fsd_common_msgs__rosidl_generator_c.dir/rosidl_generator_c/fsd_common_msgs/msg/detail/mission__functions.c.o[0m
[19.356s] [  9%] [32mBuilding C object CMakeFiles/fsd_common_msgs__rosidl_generator_c.dir/rosidl_generator_c/fsd_common_msgs/msg/detail/remote_control_command__functions.c.o[0m
[19.489s] [  9%] [32mBuilding C object CMakeFiles/fsd_common_msgs__rosidl_generator_c.dir/rosidl_generator_c/fsd_common_msgs/msg/detail/res_and_ami__functions.c.o[0m
[19.617s] [ 10%] [32mBuilding C object CMakeFiles/fsd_common_msgs__rosidl_generator_c.dir/rosidl_generator_c/fsd_common_msgs/msg/detail/skidpad_global_center_line__functions.c.o[0m
[19.760s] [ 10%] [32mBuilding C object CMakeFiles/fsd_common_msgs__rosidl_generator_c.dir/rosidl_generator_c/fsd_common_msgs/msg/detail/time__functions.c.o[0m
[19.919s] [ 11%] [32mBuilding C object CMakeFiles/fsd_common_msgs__rosidl_generator_c.dir/rosidl_generator_c/fsd_common_msgs/msg/detail/track__functions.c.o[0m
[20.091s] [ 11%] [32mBuilding C object CMakeFiles/fsd_common_msgs__rosidl_generator_c.dir/rosidl_generator_c/fsd_common_msgs/msg/detail/trajectory_point__functions.c.o[0m
[20.255s] [ 11%] [32mBuilding C object CMakeFiles/fsd_common_msgs__rosidl_generator_c.dir/rosidl_generator_c/fsd_common_msgs/msg/detail/visualization__functions.c.o[0m
[20.470s] [ 12%] [32mBuilding C object CMakeFiles/fsd_common_msgs__rosidl_generator_c.dir/rosidl_generator_c/fsd_common_msgs/msg/detail/yolo_cone__functions.c.o[0m
[20.635s] [ 12%] [32mBuilding C object CMakeFiles/fsd_common_msgs__rosidl_generator_c.dir/rosidl_generator_c/fsd_common_msgs/msg/detail/yolo_cone_detections__functions.c.o[0m
[20.794s] [ 13%] [32mBuilding C object CMakeFiles/fsd_common_msgs__rosidl_generator_c.dir/rosidl_generator_c/fsd_common_msgs/msg/detail/yolo_cone_detections_track__functions.c.o[0m
[20.952s] [ 13%] [32mBuilding C object CMakeFiles/fsd_common_msgs__rosidl_generator_c.dir/rosidl_generator_c/fsd_common_msgs/msg/detail/yolo_cone_track__functions.c.o[0m
[21.236s] [ 13%] [32m[1mLinking C shared library libfsd_common_msgs__rosidl_generator_c.so[0m
[21.514s] [ 13%] Built target fsd_common_msgs__rosidl_generator_c
[24.211s] [ 13%] Built target fsd_common_msgs__cpp
[24.291s] [ 13%] Built target ament_cmake_python_copy_fsd_common_msgs
[24.326s] [ 14%] [34m[1mGenerating C type support for eProsima Fast-RTPS[0m
[26.357s] [ 15%] [34m[1mGenerating C introspection for ROS interfaces[0m
[33.880s] [ 15%] [32mBuilding CXX object CMakeFiles/fsd_common_msgs__rosidl_typesupport_fastrtps_c.dir/rosidl_typesupport_fastrtps_c/fsd_common_msgs/msg/detail/as_state__type_support_c.cpp.o[0m
[34.082s] [ 15%] [32mBuilding C object CMakeFiles/fsd_common_msgs__rosidl_typesupport_introspection_c.dir/rosidl_typesupport_introspection_c/fsd_common_msgs/msg/detail/as_state__type_support.c.o[0m
[34.199s] [ 15%] [32mBuilding C object CMakeFiles/fsd_common_msgs__rosidl_typesupport_introspection_c.dir/rosidl_typesupport_introspection_c/fsd_common_msgs/msg/detail/asensing_message__type_support.c.o[0m
[34.318s] [ 16%] [32mBuilding C object CMakeFiles/fsd_common_msgs__rosidl_typesupport_introspection_c.dir/rosidl_typesupport_introspection_c/fsd_common_msgs/msg/detail/can_frames__type_support.c.o[0m
[34.444s] [ 16%] [32mBuilding C object CMakeFiles/fsd_common_msgs__rosidl_typesupport_introspection_c.dir/rosidl_typesupport_introspection_c/fsd_common_msgs/msg/detail/car_state__type_support.c.o[0m
[34.554s] [ 17%] [32mBuilding C object CMakeFiles/fsd_common_msgs__rosidl_typesupport_introspection_c.dir/rosidl_typesupport_introspection_c/fsd_common_msgs/msg/detail/car_state_dt__type_support.c.o[0m
[34.665s] [ 17%] [32mBuilding C object CMakeFiles/fsd_common_msgs__rosidl_typesupport_introspection_c.dir/rosidl_typesupport_introspection_c/fsd_common_msgs/msg/detail/cone__type_support.c.o[0m
[34.758s] [ 17%] [32mBuilding C object CMakeFiles/fsd_common_msgs__rosidl_typesupport_introspection_c.dir/rosidl_typesupport_introspection_c/fsd_common_msgs/msg/detail/cone_dbscan__type_support.c.o[0m
[34.871s] [ 18%] [32mBuilding C object CMakeFiles/fsd_common_msgs__rosidl_typesupport_introspection_c.dir/rosidl_typesupport_introspection_c/fsd_common_msgs/msg/detail/cone_detections__type_support.c.o[0m
[34.935s] [ 18%] [32mBuilding CXX object CMakeFiles/fsd_common_msgs__rosidl_typesupport_fastrtps_c.dir/rosidl_typesupport_fastrtps_c/fsd_common_msgs/msg/detail/asensing_message__type_support_c.cpp.o[0m
[34.974s] [ 18%] [32mBuilding C object CMakeFiles/fsd_common_msgs__rosidl_typesupport_introspection_c.dir/rosidl_typesupport_introspection_c/fsd_common_msgs/msg/detail/cone_detections_dbscan__type_support.c.o[0m
[35.082s] [ 19%] [32mBuilding C object CMakeFiles/fsd_common_msgs__rosidl_typesupport_introspection_c.dir/rosidl_typesupport_introspection_c/fsd_common_msgs/msg/detail/control_command__type_support.c.o[0m
[35.179s] [ 19%] [32mBuilding C object CMakeFiles/fsd_common_msgs__rosidl_typesupport_introspection_c.dir/rosidl_typesupport_introspection_c/fsd_common_msgs/msg/detail/decision_flag__type_support.c.o[0m
[35.276s] [ 19%] [32mBuilding C object CMakeFiles/fsd_common_msgs__rosidl_typesupport_introspection_c.dir/rosidl_typesupport_introspection_c/fsd_common_msgs/msg/detail/driving_dynamics__type_support.c.o[0m
[35.372s] [ 20%] [32mBuilding C object CMakeFiles/fsd_common_msgs__rosidl_typesupport_introspection_c.dir/rosidl_typesupport_introspection_c/fsd_common_msgs/msg/detail/echiev_message__type_support.c.o[0m
[35.475s] [ 20%] [32mBuilding C object CMakeFiles/fsd_common_msgs__rosidl_typesupport_introspection_c.dir/rosidl_typesupport_introspection_c/fsd_common_msgs/msg/detail/feedback__type_support.c.o[0m
[35.571s] [ 21%] [32mBuilding C object CMakeFiles/fsd_common_msgs__rosidl_typesupport_introspection_c.dir/rosidl_typesupport_introspection_c/fsd_common_msgs/msg/detail/ins_delta__type_support.c.o[0m
[35.672s] [ 21%] [32mBuilding C object CMakeFiles/fsd_common_msgs__rosidl_typesupport_introspection_c.dir/rosidl_typesupport_introspection_c/fsd_common_msgs/msg/detail/map__type_support.c.o[0m
[35.803s] [ 21%] [32mBuilding C object CMakeFiles/fsd_common_msgs__rosidl_typesupport_introspection_c.dir/rosidl_typesupport_introspection_c/fsd_common_msgs/msg/detail/mission__type_support.c.o[0m
[35.906s] [ 22%] [32mBuilding C object CMakeFiles/fsd_common_msgs__rosidl_typesupport_introspection_c.dir/rosidl_typesupport_introspection_c/fsd_common_msgs/msg/detail/remote_control_command__type_support.c.o[0m
[35.999s] [ 22%] [32mBuilding C object CMakeFiles/fsd_common_msgs__rosidl_typesupport_introspection_c.dir/rosidl_typesupport_introspection_c/fsd_common_msgs/msg/detail/res_and_ami__type_support.c.o[0m
[36.100s] [ 23%] [32mBuilding C object CMakeFiles/fsd_common_msgs__rosidl_typesupport_introspection_c.dir/rosidl_typesupport_introspection_c/fsd_common_msgs/msg/detail/skidpad_global_center_line__type_support.c.o[0m
[36.133s] [ 24%] [32mBuilding CXX object CMakeFiles/fsd_common_msgs__rosidl_typesupport_fastrtps_c.dir/rosidl_typesupport_fastrtps_c/fsd_common_msgs/msg/detail/can_frames__type_support_c.cpp.o[0m
[36.200s] [ 24%] [32mBuilding C object CMakeFiles/fsd_common_msgs__rosidl_typesupport_introspection_c.dir/rosidl_typesupport_introspection_c/fsd_common_msgs/msg/detail/time__type_support.c.o[0m
[36.311s] [ 24%] [32mBuilding C object CMakeFiles/fsd_common_msgs__rosidl_typesupport_introspection_c.dir/rosidl_typesupport_introspection_c/fsd_common_msgs/msg/detail/track__type_support.c.o[0m
[36.454s] [ 25%] [32mBuilding C object CMakeFiles/fsd_common_msgs__rosidl_typesupport_introspection_c.dir/rosidl_typesupport_introspection_c/fsd_common_msgs/msg/detail/trajectory_point__type_support.c.o[0m
[36.560s] [ 25%] [32mBuilding C object CMakeFiles/fsd_common_msgs__rosidl_typesupport_introspection_c.dir/rosidl_typesupport_introspection_c/fsd_common_msgs/msg/detail/visualization__type_support.c.o[0m
[36.659s] [ 26%] [32mBuilding C object CMakeFiles/fsd_common_msgs__rosidl_typesupport_introspection_c.dir/rosidl_typesupport_introspection_c/fsd_common_msgs/msg/detail/yolo_cone__type_support.c.o[0m
[36.760s] [ 26%] [32mBuilding C object CMakeFiles/fsd_common_msgs__rosidl_typesupport_introspection_c.dir/rosidl_typesupport_introspection_c/fsd_common_msgs/msg/detail/yolo_cone_detections__type_support.c.o[0m
[36.865s] [ 26%] [32mBuilding C object CMakeFiles/fsd_common_msgs__rosidl_typesupport_introspection_c.dir/rosidl_typesupport_introspection_c/fsd_common_msgs/msg/detail/yolo_cone_detections_track__type_support.c.o[0m
[36.981s] [ 27%] [32mBuilding C object CMakeFiles/fsd_common_msgs__rosidl_typesupport_introspection_c.dir/rosidl_typesupport_introspection_c/fsd_common_msgs/msg/detail/yolo_cone_track__type_support.c.o[0m
[37.080s] [ 27%] [32m[1mLinking C shared library libfsd_common_msgs__rosidl_typesupport_introspection_c.so[0m
[37.194s] [ 27%] Built target fsd_common_msgs__rosidl_typesupport_introspection_c
[37.249s] [ 27%] [32mBuilding CXX object CMakeFiles/fsd_common_msgs__rosidl_typesupport_fastrtps_c.dir/rosidl_typesupport_fastrtps_c/fsd_common_msgs/msg/detail/car_state__type_support_c.cpp.o[0m
[38.282s] [ 28%] [32mBuilding CXX object CMakeFiles/fsd_common_msgs__rosidl_typesupport_fastrtps_c.dir/rosidl_typesupport_fastrtps_c/fsd_common_msgs/msg/detail/car_state_dt__type_support_c.cpp.o[0m
[39.419s] [ 28%] [32mBuilding CXX object CMakeFiles/fsd_common_msgs__rosidl_typesupport_fastrtps_c.dir/rosidl_typesupport_fastrtps_c/fsd_common_msgs/msg/detail/cone__type_support_c.cpp.o[0m
[40.475s] [ 28%] [32mBuilding CXX object CMakeFiles/fsd_common_msgs__rosidl_typesupport_fastrtps_c.dir/rosidl_typesupport_fastrtps_c/fsd_common_msgs/msg/detail/cone_dbscan__type_support_c.cpp.o[0m
[41.501s] [ 29%] [32mBuilding CXX object CMakeFiles/fsd_common_msgs__rosidl_typesupport_fastrtps_c.dir/rosidl_typesupport_fastrtps_c/fsd_common_msgs/msg/detail/cone_detections__type_support_c.cpp.o[0m
[42.441s] [ 29%] [32mBuilding CXX object CMakeFiles/fsd_common_msgs__rosidl_typesupport_fastrtps_c.dir/rosidl_typesupport_fastrtps_c/fsd_common_msgs/msg/detail/cone_detections_dbscan__type_support_c.cpp.o[0m
[43.393s] [ 30%] [32mBuilding CXX object CMakeFiles/fsd_common_msgs__rosidl_typesupport_fastrtps_c.dir/rosidl_typesupport_fastrtps_c/fsd_common_msgs/msg/detail/control_command__type_support_c.cpp.o[0m
[44.327s] [ 30%] [32mBuilding CXX object CMakeFiles/fsd_common_msgs__rosidl_typesupport_fastrtps_c.dir/rosidl_typesupport_fastrtps_c/fsd_common_msgs/msg/detail/decision_flag__type_support_c.cpp.o[0m
[45.274s] [ 30%] [32mBuilding CXX object CMakeFiles/fsd_common_msgs__rosidl_typesupport_fastrtps_c.dir/rosidl_typesupport_fastrtps_c/fsd_common_msgs/msg/detail/driving_dynamics__type_support_c.cpp.o[0m
[46.189s] [ 31%] [32mBuilding CXX object CMakeFiles/fsd_common_msgs__rosidl_typesupport_fastrtps_c.dir/rosidl_typesupport_fastrtps_c/fsd_common_msgs/msg/detail/echiev_message__type_support_c.cpp.o[0m
[47.142s] [ 31%] [32mBuilding CXX object CMakeFiles/fsd_common_msgs__rosidl_typesupport_fastrtps_c.dir/rosidl_typesupport_fastrtps_c/fsd_common_msgs/msg/detail/feedback__type_support_c.cpp.o[0m
[48.168s] [ 32%] [32mBuilding CXX object CMakeFiles/fsd_common_msgs__rosidl_typesupport_fastrtps_c.dir/rosidl_typesupport_fastrtps_c/fsd_common_msgs/msg/detail/ins_delta__type_support_c.cpp.o[0m
[49.292s] [ 32%] [32mBuilding CXX object CMakeFiles/fsd_common_msgs__rosidl_typesupport_fastrtps_c.dir/rosidl_typesupport_fastrtps_c/fsd_common_msgs/msg/detail/map__type_support_c.cpp.o[0m
[50.485s] [ 32%] [32mBuilding CXX object CMakeFiles/fsd_common_msgs__rosidl_typesupport_fastrtps_c.dir/rosidl_typesupport_fastrtps_c/fsd_common_msgs/msg/detail/mission__type_support_c.cpp.o[0m
[51.516s] [ 33%] [32mBuilding CXX object CMakeFiles/fsd_common_msgs__rosidl_typesupport_fastrtps_c.dir/rosidl_typesupport_fastrtps_c/fsd_common_msgs/msg/detail/remote_control_command__type_support_c.cpp.o[0m
[52.543s] [ 33%] [32mBuilding CXX object CMakeFiles/fsd_common_msgs__rosidl_typesupport_fastrtps_c.dir/rosidl_typesupport_fastrtps_c/fsd_common_msgs/msg/detail/res_and_ami__type_support_c.cpp.o[0m
[53.685s] [ 34%] [32mBuilding CXX object CMakeFiles/fsd_common_msgs__rosidl_typesupport_fastrtps_c.dir/rosidl_typesupport_fastrtps_c/fsd_common_msgs/msg/detail/skidpad_global_center_line__type_support_c.cpp.o[0m
[54.741s] [ 34%] [32mBuilding CXX object CMakeFiles/fsd_common_msgs__rosidl_typesupport_fastrtps_c.dir/rosidl_typesupport_fastrtps_c/fsd_common_msgs/msg/detail/time__type_support_c.cpp.o[0m
[55.809s] [ 34%] [32mBuilding CXX object CMakeFiles/fsd_common_msgs__rosidl_typesupport_fastrtps_c.dir/rosidl_typesupport_fastrtps_c/fsd_common_msgs/msg/detail/track__type_support_c.cpp.o[0m
[56.842s] [ 35%] [32mBuilding CXX object CMakeFiles/fsd_common_msgs__rosidl_typesupport_fastrtps_c.dir/rosidl_typesupport_fastrtps_c/fsd_common_msgs/msg/detail/trajectory_point__type_support_c.cpp.o[0m
[57.880s] [ 35%] [32mBuilding CXX object CMakeFiles/fsd_common_msgs__rosidl_typesupport_fastrtps_c.dir/rosidl_typesupport_fastrtps_c/fsd_common_msgs/msg/detail/visualization__type_support_c.cpp.o[0m
[59.091s] [ 36%] [32mBuilding CXX object CMakeFiles/fsd_common_msgs__rosidl_typesupport_fastrtps_c.dir/rosidl_typesupport_fastrtps_c/fsd_common_msgs/msg/detail/yolo_cone__type_support_c.cpp.o[0m
[60.034s] [ 36%] [32mBuilding CXX object CMakeFiles/fsd_common_msgs__rosidl_typesupport_fastrtps_c.dir/rosidl_typesupport_fastrtps_c/fsd_common_msgs/msg/detail/yolo_cone_detections__type_support_c.cpp.o[0m
[61.016s] [ 36%] [32mBuilding CXX object CMakeFiles/fsd_common_msgs__rosidl_typesupport_fastrtps_c.dir/rosidl_typesupport_fastrtps_c/fsd_common_msgs/msg/detail/yolo_cone_detections_track__type_support_c.cpp.o[0m
[62.179s] [ 37%] [32mBuilding CXX object CMakeFiles/fsd_common_msgs__rosidl_typesupport_fastrtps_c.dir/rosidl_typesupport_fastrtps_c/fsd_common_msgs/msg/detail/yolo_cone_track__type_support_c.cpp.o[0m
[63.106s] [ 37%] [32m[1mLinking CXX shared library libfsd_common_msgs__rosidl_typesupport_fastrtps_c.so[0m
[63.339s] [ 37%] Built target fsd_common_msgs__rosidl_typesupport_fastrtps_c
[63.366s] [ 38%] [34m[1mGenerating C type support dispatch for ROS interfaces[0m
[68.506s] [ 38%] [32mBuilding CXX object CMakeFiles/fsd_common_msgs__rosidl_typesupport_c.dir/rosidl_typesupport_c/fsd_common_msgs/msg/as_state__type_support.cpp.o[0m
[68.590s] [ 38%] [32mBuilding CXX object CMakeFiles/fsd_common_msgs__rosidl_typesupport_c.dir/rosidl_typesupport_c/fsd_common_msgs/msg/asensing_message__type_support.cpp.o[0m
[68.675s] [ 39%] [32mBuilding CXX object CMakeFiles/fsd_common_msgs__rosidl_typesupport_c.dir/rosidl_typesupport_c/fsd_common_msgs/msg/can_frames__type_support.cpp.o[0m
[68.812s] [ 39%] [32mBuilding CXX object CMakeFiles/fsd_common_msgs__rosidl_typesupport_c.dir/rosidl_typesupport_c/fsd_common_msgs/msg/car_state__type_support.cpp.o[0m
[68.969s] [ 40%] [32mBuilding CXX object CMakeFiles/fsd_common_msgs__rosidl_typesupport_c.dir/rosidl_typesupport_c/fsd_common_msgs/msg/car_state_dt__type_support.cpp.o[0m
[69.087s] [ 40%] [32mBuilding CXX object CMakeFiles/fsd_common_msgs__rosidl_typesupport_c.dir/rosidl_typesupport_c/fsd_common_msgs/msg/cone__type_support.cpp.o[0m
[69.203s] [ 40%] [32mBuilding CXX object CMakeFiles/fsd_common_msgs__rosidl_typesupport_c.dir/rosidl_typesupport_c/fsd_common_msgs/msg/cone_dbscan__type_support.cpp.o[0m
[69.292s] [ 41%] [32mBuilding CXX object CMakeFiles/fsd_common_msgs__rosidl_typesupport_c.dir/rosidl_typesupport_c/fsd_common_msgs/msg/cone_detections__type_support.cpp.o[0m
[69.381s] [ 41%] [32mBuilding CXX object CMakeFiles/fsd_common_msgs__rosidl_typesupport_c.dir/rosidl_typesupport_c/fsd_common_msgs/msg/cone_detections_dbscan__type_support.cpp.o[0m
[69.471s] [ 42%] [32mBuilding CXX object CMakeFiles/fsd_common_msgs__rosidl_typesupport_c.dir/rosidl_typesupport_c/fsd_common_msgs/msg/control_command__type_support.cpp.o[0m
[69.556s] [ 42%] [32mBuilding CXX object CMakeFiles/fsd_common_msgs__rosidl_typesupport_c.dir/rosidl_typesupport_c/fsd_common_msgs/msg/decision_flag__type_support.cpp.o[0m
[69.650s] [ 42%] [32mBuilding CXX object CMakeFiles/fsd_common_msgs__rosidl_typesupport_c.dir/rosidl_typesupport_c/fsd_common_msgs/msg/driving_dynamics__type_support.cpp.o[0m
[69.743s] [ 43%] [32mBuilding CXX object CMakeFiles/fsd_common_msgs__rosidl_typesupport_c.dir/rosidl_typesupport_c/fsd_common_msgs/msg/echiev_message__type_support.cpp.o[0m
[69.833s] [ 43%] [32mBuilding CXX object CMakeFiles/fsd_common_msgs__rosidl_typesupport_c.dir/rosidl_typesupport_c/fsd_common_msgs/msg/feedback__type_support.cpp.o[0m
[69.920s] [ 44%] [32mBuilding CXX object CMakeFiles/fsd_common_msgs__rosidl_typesupport_c.dir/rosidl_typesupport_c/fsd_common_msgs/msg/ins_delta__type_support.cpp.o[0m
[70.006s] [ 44%] [32mBuilding CXX object CMakeFiles/fsd_common_msgs__rosidl_typesupport_c.dir/rosidl_typesupport_c/fsd_common_msgs/msg/map__type_support.cpp.o[0m
[70.091s] [ 44%] [32mBuilding CXX object CMakeFiles/fsd_common_msgs__rosidl_typesupport_c.dir/rosidl_typesupport_c/fsd_common_msgs/msg/mission__type_support.cpp.o[0m
[70.183s] [ 45%] [32mBuilding CXX object CMakeFiles/fsd_common_msgs__rosidl_typesupport_c.dir/rosidl_typesupport_c/fsd_common_msgs/msg/remote_control_command__type_support.cpp.o[0m
[70.313s] [ 45%] [32mBuilding CXX object CMakeFiles/fsd_common_msgs__rosidl_typesupport_c.dir/rosidl_typesupport_c/fsd_common_msgs/msg/res_and_ami__type_support.cpp.o[0m
[70.431s] [ 46%] [32mBuilding CXX object CMakeFiles/fsd_common_msgs__rosidl_typesupport_c.dir/rosidl_typesupport_c/fsd_common_msgs/msg/skidpad_global_center_line__type_support.cpp.o[0m
[70.533s] [ 46%] [32mBuilding CXX object CMakeFiles/fsd_common_msgs__rosidl_typesupport_c.dir/rosidl_typesupport_c/fsd_common_msgs/msg/time__type_support.cpp.o[0m
[70.620s] [ 46%] [32mBuilding CXX object CMakeFiles/fsd_common_msgs__rosidl_typesupport_c.dir/rosidl_typesupport_c/fsd_common_msgs/msg/track__type_support.cpp.o[0m
[70.712s] [ 47%] [32mBuilding CXX object CMakeFiles/fsd_common_msgs__rosidl_typesupport_c.dir/rosidl_typesupport_c/fsd_common_msgs/msg/trajectory_point__type_support.cpp.o[0m
[70.798s] [ 47%] [32mBuilding CXX object CMakeFiles/fsd_common_msgs__rosidl_typesupport_c.dir/rosidl_typesupport_c/fsd_common_msgs/msg/visualization__type_support.cpp.o[0m
[70.880s] [ 48%] [32mBuilding CXX object CMakeFiles/fsd_common_msgs__rosidl_typesupport_c.dir/rosidl_typesupport_c/fsd_common_msgs/msg/yolo_cone__type_support.cpp.o[0m
[70.957s] [ 48%] [32mBuilding CXX object CMakeFiles/fsd_common_msgs__rosidl_typesupport_c.dir/rosidl_typesupport_c/fsd_common_msgs/msg/yolo_cone_detections__type_support.cpp.o[0m
[71.042s] [ 48%] [32mBuilding CXX object CMakeFiles/fsd_common_msgs__rosidl_typesupport_c.dir/rosidl_typesupport_c/fsd_common_msgs/msg/yolo_cone_detections_track__type_support.cpp.o[0m
[71.124s] [ 49%] [32mBuilding CXX object CMakeFiles/fsd_common_msgs__rosidl_typesupport_c.dir/rosidl_typesupport_c/fsd_common_msgs/msg/yolo_cone_track__type_support.cpp.o[0m
[71.199s] [ 49%] [32m[1mLinking CXX shared library libfsd_common_msgs__rosidl_typesupport_c.so[0m
[71.330s] [ 49%] Built target fsd_common_msgs__rosidl_typesupport_c
[71.360s] [ 49%] [34m[1mGenerating C++ type support for eProsima Fast-RTPS[0m
[79.035s] [ 50%] [32mBuilding CXX object CMakeFiles/fsd_common_msgs__rosidl_typesupport_fastrtps_cpp.dir/rosidl_typesupport_fastrtps_cpp/fsd_common_msgs/msg/detail/dds_fastrtps/as_state__type_support.cpp.o[0m
[80.215s] [ 50%] [32mBuilding CXX object CMakeFiles/fsd_common_msgs__rosidl_typesupport_fastrtps_cpp.dir/rosidl_typesupport_fastrtps_cpp/fsd_common_msgs/msg/detail/dds_fastrtps/asensing_message__type_support.cpp.o[0m
[81.612s] [ 51%] [32mBuilding CXX object CMakeFiles/fsd_common_msgs__rosidl_typesupport_fastrtps_cpp.dir/rosidl_typesupport_fastrtps_cpp/fsd_common_msgs/msg/detail/dds_fastrtps/can_frames__type_support.cpp.o[0m
[83.021s] [ 51%] [32mBuilding CXX object CMakeFiles/fsd_common_msgs__rosidl_typesupport_fastrtps_cpp.dir/rosidl_typesupport_fastrtps_cpp/fsd_common_msgs/msg/detail/dds_fastrtps/car_state__type_support.cpp.o[0m
[84.084s] [ 51%] [32mBuilding CXX object CMakeFiles/fsd_common_msgs__rosidl_typesupport_fastrtps_cpp.dir/rosidl_typesupport_fastrtps_cpp/fsd_common_msgs/msg/detail/dds_fastrtps/car_state_dt__type_support.cpp.o[0m
[85.124s] [ 52%] [32mBuilding CXX object CMakeFiles/fsd_common_msgs__rosidl_typesupport_fastrtps_cpp.dir/rosidl_typesupport_fastrtps_cpp/fsd_common_msgs/msg/detail/dds_fastrtps/cone__type_support.cpp.o[0m
[86.212s] [ 52%] [32mBuilding CXX object CMakeFiles/fsd_common_msgs__rosidl_typesupport_fastrtps_cpp.dir/rosidl_typesupport_fastrtps_cpp/fsd_common_msgs/msg/detail/dds_fastrtps/cone_dbscan__type_support.cpp.o[0m
[87.524s] [ 53%] [32mBuilding CXX object CMakeFiles/fsd_common_msgs__rosidl_typesupport_fastrtps_cpp.dir/rosidl_typesupport_fastrtps_cpp/fsd_common_msgs/msg/detail/dds_fastrtps/cone_detections__type_support.cpp.o[0m
[88.757s] [ 53%] [32mBuilding CXX object CMakeFiles/fsd_common_msgs__rosidl_typesupport_fastrtps_cpp.dir/rosidl_typesupport_fastrtps_cpp/fsd_common_msgs/msg/detail/dds_fastrtps/cone_detections_dbscan__type_support.cpp.o[0m
[90.163s] [ 53%] [32mBuilding CXX object CMakeFiles/fsd_common_msgs__rosidl_typesupport_fastrtps_cpp.dir/rosidl_typesupport_fastrtps_cpp/fsd_common_msgs/msg/detail/dds_fastrtps/control_command__type_support.cpp.o[0m
[91.342s] [ 54%] [32mBuilding CXX object CMakeFiles/fsd_common_msgs__rosidl_typesupport_fastrtps_cpp.dir/rosidl_typesupport_fastrtps_cpp/fsd_common_msgs/msg/detail/dds_fastrtps/decision_flag__type_support.cpp.o[0m
[92.594s] [ 54%] [32mBuilding CXX object CMakeFiles/fsd_common_msgs__rosidl_typesupport_fastrtps_cpp.dir/rosidl_typesupport_fastrtps_cpp/fsd_common_msgs/msg/detail/dds_fastrtps/driving_dynamics__type_support.cpp.o[0m
[93.784s] [ 55%] [32mBuilding CXX object CMakeFiles/fsd_common_msgs__rosidl_typesupport_fastrtps_cpp.dir/rosidl_typesupport_fastrtps_cpp/fsd_common_msgs/msg/detail/dds_fastrtps/echiev_message__type_support.cpp.o[0m
[94.993s] [ 55%] [32mBuilding CXX object CMakeFiles/fsd_common_msgs__rosidl_typesupport_fastrtps_cpp.dir/rosidl_typesupport_fastrtps_cpp/fsd_common_msgs/msg/detail/dds_fastrtps/feedback__type_support.cpp.o[0m
[96.155s] [ 55%] [32mBuilding CXX object CMakeFiles/fsd_common_msgs__rosidl_typesupport_fastrtps_cpp.dir/rosidl_typesupport_fastrtps_cpp/fsd_common_msgs/msg/detail/dds_fastrtps/ins_delta__type_support.cpp.o[0m
[97.384s] [ 56%] [32mBuilding CXX object CMakeFiles/fsd_common_msgs__rosidl_typesupport_fastrtps_cpp.dir/rosidl_typesupport_fastrtps_cpp/fsd_common_msgs/msg/detail/dds_fastrtps/map__type_support.cpp.o[0m
[98.708s] [ 56%] [32mBuilding CXX object CMakeFiles/fsd_common_msgs__rosidl_typesupport_fastrtps_cpp.dir/rosidl_typesupport_fastrtps_cpp/fsd_common_msgs/msg/detail/dds_fastrtps/mission__type_support.cpp.o[0m
[99.925s] [ 57%] [32mBuilding CXX object CMakeFiles/fsd_common_msgs__rosidl_typesupport_fastrtps_cpp.dir/rosidl_typesupport_fastrtps_cpp/fsd_common_msgs/msg/detail/dds_fastrtps/remote_control_command__type_support.cpp.o[0m
[101.529s] [ 57%] [32mBuilding CXX object CMakeFiles/fsd_common_msgs__rosidl_typesupport_fastrtps_cpp.dir/rosidl_typesupport_fastrtps_cpp/fsd_common_msgs/msg/detail/dds_fastrtps/res_and_ami__type_support.cpp.o[0m
[102.689s] [ 57%] [32mBuilding CXX object CMakeFiles/fsd_common_msgs__rosidl_typesupport_fastrtps_cpp.dir/rosidl_typesupport_fastrtps_cpp/fsd_common_msgs/msg/detail/dds_fastrtps/skidpad_global_center_line__type_support.cpp.o[0m
[103.950s] [ 58%] [32mBuilding CXX object CMakeFiles/fsd_common_msgs__rosidl_typesupport_fastrtps_cpp.dir/rosidl_typesupport_fastrtps_cpp/fsd_common_msgs/msg/detail/dds_fastrtps/time__type_support.cpp.o[0m
[105.262s] [ 58%] [32mBuilding CXX object CMakeFiles/fsd_common_msgs__rosidl_typesupport_fastrtps_cpp.dir/rosidl_typesupport_fastrtps_cpp/fsd_common_msgs/msg/detail/dds_fastrtps/track__type_support.cpp.o[0m
[106.772s] [ 59%] [32mBuilding CXX object CMakeFiles/fsd_common_msgs__rosidl_typesupport_fastrtps_cpp.dir/rosidl_typesupport_fastrtps_cpp/fsd_common_msgs/msg/detail/dds_fastrtps/trajectory_point__type_support.cpp.o[0m
[108.340s] [ 59%] [32mBuilding CXX object CMakeFiles/fsd_common_msgs__rosidl_typesupport_fastrtps_cpp.dir/rosidl_typesupport_fastrtps_cpp/fsd_common_msgs/msg/detail/dds_fastrtps/visualization__type_support.cpp.o[0m
[109.605s] [ 59%] [32mBuilding CXX object CMakeFiles/fsd_common_msgs__rosidl_typesupport_fastrtps_cpp.dir/rosidl_typesupport_fastrtps_cpp/fsd_common_msgs/msg/detail/dds_fastrtps/yolo_cone__type_support.cpp.o[0m
[110.856s] [ 60%] [32mBuilding CXX object CMakeFiles/fsd_common_msgs__rosidl_typesupport_fastrtps_cpp.dir/rosidl_typesupport_fastrtps_cpp/fsd_common_msgs/msg/detail/dds_fastrtps/yolo_cone_detections__type_support.cpp.o[0m
[112.221s] [ 60%] [32mBuilding CXX object CMakeFiles/fsd_common_msgs__rosidl_typesupport_fastrtps_cpp.dir/rosidl_typesupport_fastrtps_cpp/fsd_common_msgs/msg/detail/dds_fastrtps/yolo_cone_detections_track__type_support.cpp.o[0m
[113.735s] [ 61%] [32mBuilding CXX object CMakeFiles/fsd_common_msgs__rosidl_typesupport_fastrtps_cpp.dir/rosidl_typesupport_fastrtps_cpp/fsd_common_msgs/msg/detail/dds_fastrtps/yolo_cone_track__type_support.cpp.o[0m
[115.076s] [ 61%] [32m[1mLinking CXX shared library libfsd_common_msgs__rosidl_typesupport_fastrtps_cpp.so[0m
[115.395s] [ 61%] Built target fsd_common_msgs__rosidl_typesupport_fastrtps_cpp
[115.429s] [ 61%] [34m[1mGenerating C++ introspection for ROS interfaces[0m
[122.987s] [ 62%] [32mBuilding CXX object CMakeFiles/fsd_common_msgs__rosidl_typesupport_introspection_cpp.dir/rosidl_typesupport_introspection_cpp/fsd_common_msgs/msg/detail/as_state__type_support.cpp.o[0m
[124.222s] [ 62%] [32mBuilding CXX object CMakeFiles/fsd_common_msgs__rosidl_typesupport_introspection_cpp.dir/rosidl_typesupport_introspection_cpp/fsd_common_msgs/msg/detail/asensing_message__type_support.cpp.o[0m
[125.807s] [ 63%] [32mBuilding CXX object CMakeFiles/fsd_common_msgs__rosidl_typesupport_introspection_cpp.dir/rosidl_typesupport_introspection_cpp/fsd_common_msgs/msg/detail/can_frames__type_support.cpp.o[0m
[127.222s] [ 63%] [32mBuilding CXX object CMakeFiles/fsd_common_msgs__rosidl_typesupport_introspection_cpp.dir/rosidl_typesupport_introspection_cpp/fsd_common_msgs/msg/detail/car_state__type_support.cpp.o[0m
[128.422s] [ 63%] [32mBuilding CXX object CMakeFiles/fsd_common_msgs__rosidl_typesupport_introspection_cpp.dir/rosidl_typesupport_introspection_cpp/fsd_common_msgs/msg/detail/car_state_dt__type_support.cpp.o[0m
[129.673s] [ 64%] [32mBuilding CXX object CMakeFiles/fsd_common_msgs__rosidl_typesupport_introspection_cpp.dir/rosidl_typesupport_introspection_cpp/fsd_common_msgs/msg/detail/cone__type_support.cpp.o[0m
[130.868s] [ 64%] [32mBuilding CXX object CMakeFiles/fsd_common_msgs__rosidl_typesupport_introspection_cpp.dir/rosidl_typesupport_introspection_cpp/fsd_common_msgs/msg/detail/cone_dbscan__type_support.cpp.o[0m
[132.221s] [ 65%] [32mBuilding CXX object CMakeFiles/fsd_common_msgs__rosidl_typesupport_introspection_cpp.dir/rosidl_typesupport_introspection_cpp/fsd_common_msgs/msg/detail/cone_detections__type_support.cpp.o[0m
[133.589s] [ 65%] [32mBuilding CXX object CMakeFiles/fsd_common_msgs__rosidl_typesupport_introspection_cpp.dir/rosidl_typesupport_introspection_cpp/fsd_common_msgs/msg/detail/cone_detections_dbscan__type_support.cpp.o[0m
[135.087s] [ 65%] [32mBuilding CXX object CMakeFiles/fsd_common_msgs__rosidl_typesupport_introspection_cpp.dir/rosidl_typesupport_introspection_cpp/fsd_common_msgs/msg/detail/control_command__type_support.cpp.o[0m
[136.167s] [ 66%] [32mBuilding CXX object CMakeFiles/fsd_common_msgs__rosidl_typesupport_introspection_cpp.dir/rosidl_typesupport_introspection_cpp/fsd_common_msgs/msg/detail/decision_flag__type_support.cpp.o[0m
[137.326s] [ 66%] [32mBuilding CXX object CMakeFiles/fsd_common_msgs__rosidl_typesupport_introspection_cpp.dir/rosidl_typesupport_introspection_cpp/fsd_common_msgs/msg/detail/driving_dynamics__type_support.cpp.o[0m
[138.492s] [ 67%] [32mBuilding CXX object CMakeFiles/fsd_common_msgs__rosidl_typesupport_introspection_cpp.dir/rosidl_typesupport_introspection_cpp/fsd_common_msgs/msg/detail/echiev_message__type_support.cpp.o[0m
[139.600s] [ 67%] [32mBuilding CXX object CMakeFiles/fsd_common_msgs__rosidl_typesupport_introspection_cpp.dir/rosidl_typesupport_introspection_cpp/fsd_common_msgs/msg/detail/feedback__type_support.cpp.o[0m
[140.721s] [ 67%] [32mBuilding CXX object CMakeFiles/fsd_common_msgs__rosidl_typesupport_introspection_cpp.dir/rosidl_typesupport_introspection_cpp/fsd_common_msgs/msg/detail/ins_delta__type_support.cpp.o[0m
[141.946s] [ 68%] [32mBuilding CXX object CMakeFiles/fsd_common_msgs__rosidl_typesupport_introspection_cpp.dir/rosidl_typesupport_introspection_cpp/fsd_common_msgs/msg/detail/map__type_support.cpp.o[0m
[143.589s] [ 68%] [32mBuilding CXX object CMakeFiles/fsd_common_msgs__rosidl_typesupport_introspection_cpp.dir/rosidl_typesupport_introspection_cpp/fsd_common_msgs/msg/detail/mission__type_support.cpp.o[0m
[144.717s] [ 69%] [32mBuilding CXX object CMakeFiles/fsd_common_msgs__rosidl_typesupport_introspection_cpp.dir/rosidl_typesupport_introspection_cpp/fsd_common_msgs/msg/detail/remote_control_command__type_support.cpp.o[0m
[145.821s] [ 69%] [32mBuilding CXX object CMakeFiles/fsd_common_msgs__rosidl_typesupport_introspection_cpp.dir/rosidl_typesupport_introspection_cpp/fsd_common_msgs/msg/detail/res_and_ami__type_support.cpp.o[0m
[146.912s] [ 69%] [32mBuilding CXX object CMakeFiles/fsd_common_msgs__rosidl_typesupport_introspection_cpp.dir/rosidl_typesupport_introspection_cpp/fsd_common_msgs/msg/detail/skidpad_global_center_line__type_support.cpp.o[0m
[148.052s] [ 70%] [32mBuilding CXX object CMakeFiles/fsd_common_msgs__rosidl_typesupport_introspection_cpp.dir/rosidl_typesupport_introspection_cpp/fsd_common_msgs/msg/detail/time__type_support.cpp.o[0m
[149.101s] [ 70%] [32mBuilding CXX object CMakeFiles/fsd_common_msgs__rosidl_typesupport_introspection_cpp.dir/rosidl_typesupport_introspection_cpp/fsd_common_msgs/msg/detail/track__type_support.cpp.o[0m
[150.374s] [ 71%] [32mBuilding CXX object CMakeFiles/fsd_common_msgs__rosidl_typesupport_introspection_cpp.dir/rosidl_typesupport_introspection_cpp/fsd_common_msgs/msg/detail/trajectory_point__type_support.cpp.o[0m
[151.644s] [ 71%] [32mBuilding CXX object CMakeFiles/fsd_common_msgs__rosidl_typesupport_introspection_cpp.dir/rosidl_typesupport_introspection_cpp/fsd_common_msgs/msg/detail/visualization__type_support.cpp.o[0m
[152.739s] [ 71%] [32mBuilding CXX object CMakeFiles/fsd_common_msgs__rosidl_typesupport_introspection_cpp.dir/rosidl_typesupport_introspection_cpp/fsd_common_msgs/msg/detail/yolo_cone__type_support.cpp.o[0m
[153.763s] [ 72%] [32mBuilding CXX object CMakeFiles/fsd_common_msgs__rosidl_typesupport_introspection_cpp.dir/rosidl_typesupport_introspection_cpp/fsd_common_msgs/msg/detail/yolo_cone_detections__type_support.cpp.o[0m
[154.919s] [ 72%] [32mBuilding CXX object CMakeFiles/fsd_common_msgs__rosidl_typesupport_introspection_cpp.dir/rosidl_typesupport_introspection_cpp/fsd_common_msgs/msg/detail/yolo_cone_detections_track__type_support.cpp.o[0m
[156.079s] [ 73%] [32mBuilding CXX object CMakeFiles/fsd_common_msgs__rosidl_typesupport_introspection_cpp.dir/rosidl_typesupport_introspection_cpp/fsd_common_msgs/msg/detail/yolo_cone_track__type_support.cpp.o[0m
[157.228s] [ 73%] [32m[1mLinking CXX shared library libfsd_common_msgs__rosidl_typesupport_introspection_cpp.so[0m
[157.535s] [ 73%] Built target fsd_common_msgs__rosidl_typesupport_introspection_cpp
[157.565s] [ 73%] [34m[1mGenerating C++ type support dispatch for ROS interfaces[0m
[162.905s] [ 74%] [32mBuilding CXX object CMakeFiles/fsd_common_msgs__rosidl_typesupport_cpp.dir/rosidl_typesupport_cpp/fsd_common_msgs/msg/as_state__type_support.cpp.o[0m
[163.682s] [ 74%] [32mBuilding CXX object CMakeFiles/fsd_common_msgs__rosidl_typesupport_cpp.dir/rosidl_typesupport_cpp/fsd_common_msgs/msg/asensing_message__type_support.cpp.o[0m
[164.580s] [ 75%] [32mBuilding CXX object CMakeFiles/fsd_common_msgs__rosidl_typesupport_cpp.dir/rosidl_typesupport_cpp/fsd_common_msgs/msg/can_frames__type_support.cpp.o[0m
[165.322s] [ 75%] [32mBuilding CXX object CMakeFiles/fsd_common_msgs__rosidl_typesupport_cpp.dir/rosidl_typesupport_cpp/fsd_common_msgs/msg/car_state__type_support.cpp.o[0m
[166.072s] [ 75%] [32mBuilding CXX object CMakeFiles/fsd_common_msgs__rosidl_typesupport_cpp.dir/rosidl_typesupport_cpp/fsd_common_msgs/msg/car_state_dt__type_support.cpp.o[0m
[166.829s] [ 76%] [32mBuilding CXX object CMakeFiles/fsd_common_msgs__rosidl_typesupport_cpp.dir/rosidl_typesupport_cpp/fsd_common_msgs/msg/cone__type_support.cpp.o[0m
[167.564s] [ 76%] [32mBuilding CXX object CMakeFiles/fsd_common_msgs__rosidl_typesupport_cpp.dir/rosidl_typesupport_cpp/fsd_common_msgs/msg/cone_dbscan__type_support.cpp.o[0m
[168.285s] [ 77%] [32mBuilding CXX object CMakeFiles/fsd_common_msgs__rosidl_typesupport_cpp.dir/rosidl_typesupport_cpp/fsd_common_msgs/msg/cone_detections__type_support.cpp.o[0m
[169.070s] [ 77%] [32mBuilding CXX object CMakeFiles/fsd_common_msgs__rosidl_typesupport_cpp.dir/rosidl_typesupport_cpp/fsd_common_msgs/msg/cone_detections_dbscan__type_support.cpp.o[0m
[169.821s] [ 77%] [32mBuilding CXX object CMakeFiles/fsd_common_msgs__rosidl_typesupport_cpp.dir/rosidl_typesupport_cpp/fsd_common_msgs/msg/control_command__type_support.cpp.o[0m
[170.570s] [ 78%] [32mBuilding CXX object CMakeFiles/fsd_common_msgs__rosidl_typesupport_cpp.dir/rosidl_typesupport_cpp/fsd_common_msgs/msg/decision_flag__type_support.cpp.o[0m
[171.321s] [ 78%] [32mBuilding CXX object CMakeFiles/fsd_common_msgs__rosidl_typesupport_cpp.dir/rosidl_typesupport_cpp/fsd_common_msgs/msg/driving_dynamics__type_support.cpp.o[0m
[172.239s] [ 79%] [32mBuilding CXX object CMakeFiles/fsd_common_msgs__rosidl_typesupport_cpp.dir/rosidl_typesupport_cpp/fsd_common_msgs/msg/echiev_message__type_support.cpp.o[0m
[172.969s] [ 79%] [32mBuilding CXX object CMakeFiles/fsd_common_msgs__rosidl_typesupport_cpp.dir/rosidl_typesupport_cpp/fsd_common_msgs/msg/feedback__type_support.cpp.o[0m
[173.859s] [ 79%] [32mBuilding CXX object CMakeFiles/fsd_common_msgs__rosidl_typesupport_cpp.dir/rosidl_typesupport_cpp/fsd_common_msgs/msg/ins_delta__type_support.cpp.o[0m
[174.662s] [ 80%] [32mBuilding CXX object CMakeFiles/fsd_common_msgs__rosidl_typesupport_cpp.dir/rosidl_typesupport_cpp/fsd_common_msgs/msg/map__type_support.cpp.o[0m
[175.530s] [ 80%] [32mBuilding CXX object CMakeFiles/fsd_common_msgs__rosidl_typesupport_cpp.dir/rosidl_typesupport_cpp/fsd_common_msgs/msg/mission__type_support.cpp.o[0m
[176.309s] [ 81%] [32mBuilding CXX object CMakeFiles/fsd_common_msgs__rosidl_typesupport_cpp.dir/rosidl_typesupport_cpp/fsd_common_msgs/msg/remote_control_command__type_support.cpp.o[0m
[177.083s] [ 81%] [32mBuilding CXX object CMakeFiles/fsd_common_msgs__rosidl_typesupport_cpp.dir/rosidl_typesupport_cpp/fsd_common_msgs/msg/res_and_ami__type_support.cpp.o[0m
[177.913s] [ 81%] [32mBuilding CXX object CMakeFiles/fsd_common_msgs__rosidl_typesupport_cpp.dir/rosidl_typesupport_cpp/fsd_common_msgs/msg/skidpad_global_center_line__type_support.cpp.o[0m
[178.736s] [ 82%] [32mBuilding CXX object CMakeFiles/fsd_common_msgs__rosidl_typesupport_cpp.dir/rosidl_typesupport_cpp/fsd_common_msgs/msg/time__type_support.cpp.o[0m
[179.513s] [ 82%] [32mBuilding CXX object CMakeFiles/fsd_common_msgs__rosidl_typesupport_cpp.dir/rosidl_typesupport_cpp/fsd_common_msgs/msg/track__type_support.cpp.o[0m
[180.300s] [ 83%] [32mBuilding CXX object CMakeFiles/fsd_common_msgs__rosidl_typesupport_cpp.dir/rosidl_typesupport_cpp/fsd_common_msgs/msg/trajectory_point__type_support.cpp.o[0m
[181.122s] [ 83%] [32mBuilding CXX object CMakeFiles/fsd_common_msgs__rosidl_typesupport_cpp.dir/rosidl_typesupport_cpp/fsd_common_msgs/msg/visualization__type_support.cpp.o[0m
[181.970s] [ 83%] [32mBuilding CXX object CMakeFiles/fsd_common_msgs__rosidl_typesupport_cpp.dir/rosidl_typesupport_cpp/fsd_common_msgs/msg/yolo_cone__type_support.cpp.o[0m
[182.710s] [ 84%] [32mBuilding CXX object CMakeFiles/fsd_common_msgs__rosidl_typesupport_cpp.dir/rosidl_typesupport_cpp/fsd_common_msgs/msg/yolo_cone_detections__type_support.cpp.o[0m
[183.573s] [ 84%] [32mBuilding CXX object CMakeFiles/fsd_common_msgs__rosidl_typesupport_cpp.dir/rosidl_typesupport_cpp/fsd_common_msgs/msg/yolo_cone_detections_track__type_support.cpp.o[0m
[184.523s] [ 85%] [32mBuilding CXX object CMakeFiles/fsd_common_msgs__rosidl_typesupport_cpp.dir/rosidl_typesupport_cpp/fsd_common_msgs/msg/yolo_cone_track__type_support.cpp.o[0m
[185.546s] [ 85%] [32m[1mLinking CXX shared library libfsd_common_msgs__rosidl_typesupport_cpp.so[0m
[185.703s] [ 85%] Built target fsd_common_msgs__rosidl_typesupport_cpp
[186.573s] running egg_info
[186.581s] creating fsd_common_msgs.egg-info
[186.583s] writing fsd_common_msgs.egg-info/PKG-INFO
[186.584s] writing dependency_links to fsd_common_msgs.egg-info/dependency_links.txt
[186.584s] writing top-level names to fsd_common_msgs.egg-info/top_level.txt
[186.586s] writing manifest file 'fsd_common_msgs.egg-info/SOURCES.txt'
[186.613s] reading manifest file 'fsd_common_msgs.egg-info/SOURCES.txt'
[186.619s] writing manifest file 'fsd_common_msgs.egg-info/SOURCES.txt'
[186.762s] [ 85%] Built target ament_cmake_python_build_fsd_common_msgs_egg
[186.840s] [ 85%] Built target fsd_common_msgs
[186.913s] [ 85%] [34m[1mGenerating Python code for ROS interfaces[0m
[205.139s] [ 85%] Built target fsd_common_msgs__py
[205.210s] [ 86%] [32mBuilding C object CMakeFiles/fsd_common_msgs__rosidl_generator_py.dir/rosidl_generator_py/fsd_common_msgs/msg/_as_state_s.c.o[0m
[205.781s] [ 86%] [32mBuilding C object CMakeFiles/fsd_common_msgs__rosidl_generator_py.dir/rosidl_generator_py/fsd_common_msgs/msg/_asensing_message_s.c.o[0m
[206.261s] [ 87%] [32mBuilding C object CMakeFiles/fsd_common_msgs__rosidl_generator_py.dir/rosidl_generator_py/fsd_common_msgs/msg/_can_frames_s.c.o[0m
[206.746s] [ 87%] [32mBuilding C object CMakeFiles/fsd_common_msgs__rosidl_generator_py.dir/rosidl_generator_py/fsd_common_msgs/msg/_car_state_s.c.o[0m
[207.163s] [ 87%] [32mBuilding C object CMakeFiles/fsd_common_msgs__rosidl_generator_py.dir/rosidl_generator_py/fsd_common_msgs/msg/_car_state_dt_s.c.o[0m
[207.508s] [ 88%] [32mBuilding C object CMakeFiles/fsd_common_msgs__rosidl_generator_py.dir/rosidl_generator_py/fsd_common_msgs/msg/_cone_s.c.o[0m
[207.935s] [ 88%] [32mBuilding C object CMakeFiles/fsd_common_msgs__rosidl_generator_py.dir/rosidl_generator_py/fsd_common_msgs/msg/_cone_dbscan_s.c.o[0m
[208.308s] [ 89%] [32mBuilding C object CMakeFiles/fsd_common_msgs__rosidl_generator_py.dir/rosidl_generator_py/fsd_common_msgs/msg/_cone_detections_s.c.o[0m
[208.652s] [ 89%] [32mBuilding C object CMakeFiles/fsd_common_msgs__rosidl_generator_py.dir/rosidl_generator_py/fsd_common_msgs/msg/_cone_detections_dbscan_s.c.o[0m
[209.036s] [ 89%] [32mBuilding C object CMakeFiles/fsd_common_msgs__rosidl_generator_py.dir/rosidl_generator_py/fsd_common_msgs/msg/_control_command_s.c.o[0m
[209.418s] [ 90%] [32mBuilding C object CMakeFiles/fsd_common_msgs__rosidl_generator_py.dir/rosidl_generator_py/fsd_common_msgs/msg/_decision_flag_s.c.o[0m
[209.793s] [ 90%] [32mBuilding C object CMakeFiles/fsd_common_msgs__rosidl_generator_py.dir/rosidl_generator_py/fsd_common_msgs/msg/_driving_dynamics_s.c.o[0m
[210.227s] [ 91%] [32mBuilding C object CMakeFiles/fsd_common_msgs__rosidl_generator_py.dir/rosidl_generator_py/fsd_common_msgs/msg/_echiev_message_s.c.o[0m
[210.609s] [ 91%] [32mBuilding C object CMakeFiles/fsd_common_msgs__rosidl_generator_py.dir/rosidl_generator_py/fsd_common_msgs/msg/_feedback_s.c.o[0m
[210.965s] [ 91%] [32mBuilding C object CMakeFiles/fsd_common_msgs__rosidl_generator_py.dir/rosidl_generator_py/fsd_common_msgs/msg/_ins_delta_s.c.o[0m
[211.288s] [ 92%] [32mBuilding C object CMakeFiles/fsd_common_msgs__rosidl_generator_py.dir/rosidl_generator_py/fsd_common_msgs/msg/_map_s.c.o[0m
[211.740s] [ 92%] [32mBuilding C object CMakeFiles/fsd_common_msgs__rosidl_generator_py.dir/rosidl_generator_py/fsd_common_msgs/msg/_mission_s.c.o[0m
[212.132s] [ 93%] [32mBuilding C object CMakeFiles/fsd_common_msgs__rosidl_generator_py.dir/rosidl_generator_py/fsd_common_msgs/msg/_remote_control_command_s.c.o[0m
[212.452s] [ 93%] [32mBuilding C object CMakeFiles/fsd_common_msgs__rosidl_generator_py.dir/rosidl_generator_py/fsd_common_msgs/msg/_res_and_ami_s.c.o[0m
[212.774s] [ 93%] [32mBuilding C object CMakeFiles/fsd_common_msgs__rosidl_generator_py.dir/rosidl_generator_py/fsd_common_msgs/msg/_skidpad_global_center_line_s.c.o[0m
[213.189s] [ 94%] [32mBuilding C object CMakeFiles/fsd_common_msgs__rosidl_generator_py.dir/rosidl_generator_py/fsd_common_msgs/msg/_time_s.c.o[0m
[213.558s] [ 94%] [32mBuilding C object CMakeFiles/fsd_common_msgs__rosidl_generator_py.dir/rosidl_generator_py/fsd_common_msgs/msg/_track_s.c.o[0m
[214.093s] [ 95%] [32mBuilding C object CMakeFiles/fsd_common_msgs__rosidl_generator_py.dir/rosidl_generator_py/fsd_common_msgs/msg/_trajectory_point_s.c.o[0m
[214.581s] [ 95%] [32mBuilding C object CMakeFiles/fsd_common_msgs__rosidl_generator_py.dir/rosidl_generator_py/fsd_common_msgs/msg/_visualization_s.c.o[0m
[215.056s] [ 95%] [32mBuilding C object CMakeFiles/fsd_common_msgs__rosidl_generator_py.dir/rosidl_generator_py/fsd_common_msgs/msg/_yolo_cone_s.c.o[0m
[215.517s] [ 96%] [32mBuilding C object CMakeFiles/fsd_common_msgs__rosidl_generator_py.dir/rosidl_generator_py/fsd_common_msgs/msg/_yolo_cone_detections_s.c.o[0m
[215.824s] [ 96%] [32mBuilding C object CMakeFiles/fsd_common_msgs__rosidl_generator_py.dir/rosidl_generator_py/fsd_common_msgs/msg/_yolo_cone_detections_track_s.c.o[0m
[216.201s] [ 97%] [32mBuilding C object CMakeFiles/fsd_common_msgs__rosidl_generator_py.dir/rosidl_generator_py/fsd_common_msgs/msg/_yolo_cone_track_s.c.o[0m
[216.566s] [ 97%] [32m[1mLinking C shared library rosidl_generator_py/fsd_common_msgs/libfsd_common_msgs__rosidl_generator_py.so[0m
[216.941s] [ 97%] Built target fsd_common_msgs__rosidl_generator_py
[217.017s] [ 98%] [32mBuilding C object CMakeFiles/fsd_common_msgs__rosidl_typesupport_fastrtps_c__pyext.dir/rosidl_generator_py/fsd_common_msgs/_fsd_common_msgs_s.ep.rosidl_typesupport_fastrtps_c.c.o[0m
[217.807s] [ 98%] [32m[1mLinking C shared library rosidl_generator_py/fsd_common_msgs/fsd_common_msgs_s__rosidl_typesupport_fastrtps_c.cpython-310-x86_64-linux-gnu.so[0m
[218.052s] [ 98%] Built target fsd_common_msgs__rosidl_typesupport_fastrtps_c__pyext
[218.152s] [ 99%] [32mBuilding C object CMakeFiles/fsd_common_msgs__rosidl_typesupport_introspection_c__pyext.dir/rosidl_generator_py/fsd_common_msgs/_fsd_common_msgs_s.ep.rosidl_typesupport_introspection_c.c.o[0m
[218.863s] [ 99%] [32m[1mLinking C shared library rosidl_generator_py/fsd_common_msgs/fsd_common_msgs_s__rosidl_typesupport_introspection_c.cpython-310-x86_64-linux-gnu.so[0m
[219.114s] [ 99%] Built target fsd_common_msgs__rosidl_typesupport_introspection_c__pyext
[219.216s] [100%] [32mBuilding C object CMakeFiles/fsd_common_msgs__rosidl_typesupport_c__pyext.dir/rosidl_generator_py/fsd_common_msgs/_fsd_common_msgs_s.ep.rosidl_typesupport_c.c.o[0m
[219.859s] [100%] [32m[1mLinking C shared library rosidl_generator_py/fsd_common_msgs/fsd_common_msgs_s__rosidl_typesupport_c.cpython-310-x86_64-linux-gnu.so[0m
[220.108s] [100%] Built target fsd_common_msgs__rosidl_typesupport_c__pyext
[220.166s] Invoked command in '/home/jack/ros2_homework_advanced/build/fsd_common_msgs' returned '0': CMAKE_PREFIX_PATH=/opt/ros/humble /usr/bin/cmake --build /home/jack/ros2_homework_advanced/build/fsd_common_msgs -- -j2 -l2
[220.200s] Invoking command in '/home/jack/ros2_homework_advanced/build/fsd_common_msgs': CMAKE_PREFIX_PATH=/opt/ros/humble /usr/bin/cmake --install /home/jack/ros2_homework_advanced/build/fsd_common_msgs
[220.246s] -- Install configuration: ""
[220.248s] -- Installing: /home/jack/ros2_homework_advanced/install/fsd_common_msgs/share/ament_index/resource_index/rosidl_interfaces/fsd_common_msgs
[220.250s] -- Installing: /home/jack/ros2_homework_advanced/install/fsd_common_msgs/include/fsd_common_msgs/fsd_common_msgs
[220.251s] -- Installing: /home/jack/ros2_homework_advanced/install/fsd_common_msgs/include/fsd_common_msgs/fsd_common_msgs/msg
[220.252s] -- Installing: /home/jack/ros2_homework_advanced/install/fsd_common_msgs/include/fsd_common_msgs/fsd_common_msgs/msg/decision_flag.h
[220.253s] -- Installing: /home/jack/ros2_homework_advanced/install/fsd_common_msgs/include/fsd_common_msgs/fsd_common_msgs/msg/time.h
[220.254s] -- Installing: /home/jack/ros2_homework_advanced/install/fsd_common_msgs/include/fsd_common_msgs/fsd_common_msgs/msg/can_frames.h
[220.255s] -- Installing: /home/jack/ros2_homework_advanced/install/fsd_common_msgs/include/fsd_common_msgs/fsd_common_msgs/msg/track.h
[220.257s] -- Installing: /home/jack/ros2_homework_advanced/install/fsd_common_msgs/include/fsd_common_msgs/fsd_common_msgs/msg/trajectory_point.h
[220.259s] -- Installing: /home/jack/ros2_homework_advanced/install/fsd_common_msgs/include/fsd_common_msgs/fsd_common_msgs/msg/ins_delta.h
[220.260s] -- Installing: /home/jack/ros2_homework_advanced/install/fsd_common_msgs/include/fsd_common_msgs/fsd_common_msgs/msg/visualization.h
[220.261s] -- Installing: /home/jack/ros2_homework_advanced/install/fsd_common_msgs/include/fsd_common_msgs/fsd_common_msgs/msg/cone_dbscan.h
[220.262s] -- Installing: /home/jack/ros2_homework_advanced/install/fsd_common_msgs/include/fsd_common_msgs/fsd_common_msgs/msg/echiev_message.h
[220.266s] -- Installing: /home/jack/ros2_homework_advanced/install/fsd_common_msgs/include/fsd_common_msgs/fsd_common_msgs/msg/yolo_cone_detections_track.h
[220.270s] -- Installing: /home/jack/ros2_homework_advanced/install/fsd_common_msgs/include/fsd_common_msgs/fsd_common_msgs/msg/detail
[220.272s] -- Installing: /home/jack/ros2_homework_advanced/install/fsd_common_msgs/include/fsd_common_msgs/fsd_common_msgs/msg/detail/skidpad_global_center_line__type_support.h
[220.273s] -- Installing: /home/jack/ros2_homework_advanced/install/fsd_common_msgs/include/fsd_common_msgs/fsd_common_msgs/msg/detail/trajectory_point__struct.h
[220.277s] -- Installing: /home/jack/ros2_homework_advanced/install/fsd_common_msgs/include/fsd_common_msgs/fsd_common_msgs/msg/detail/driving_dynamics__struct.h
[220.279s] -- Installing: /home/jack/ros2_homework_advanced/install/fsd_common_msgs/include/fsd_common_msgs/fsd_common_msgs/msg/detail/track__type_support.h
[220.280s] -- Installing: /home/jack/ros2_homework_advanced/install/fsd_common_msgs/include/fsd_common_msgs/fsd_common_msgs/msg/detail/mission__type_support.h
[220.281s] -- Installing: /home/jack/ros2_homework_advanced/install/fsd_common_msgs/include/fsd_common_msgs/fsd_common_msgs/msg/detail/time__struct.h
[220.281s] -- Installing: /home/jack/ros2_homework_advanced/install/fsd_common_msgs/include/fsd_common_msgs/fsd_common_msgs/msg/detail/map__functions.h
[220.281s] -- Installing: /home/jack/ros2_homework_advanced/install/fsd_common_msgs/include/fsd_common_msgs/fsd_common_msgs/msg/detail/cone_detections__functions.h
[220.282s] -- Installing: /home/jack/ros2_homework_advanced/install/fsd_common_msgs/include/fsd_common_msgs/fsd_common_msgs/msg/detail/remote_control_command__struct.h
[220.282s] -- Installing: /home/jack/ros2_homework_advanced/install/fsd_common_msgs/include/fsd_common_msgs/fsd_common_msgs/msg/detail/can_frames__type_support.h
[220.282s] -- Installing: /home/jack/ros2_homework_advanced/install/fsd_common_msgs/include/fsd_common_msgs/fsd_common_msgs/msg/detail/yolo_cone__struct.h
[220.285s] -- Installing: /home/jack/ros2_homework_advanced/install/fsd_common_msgs/include/fsd_common_msgs/fsd_common_msgs/msg/detail/yolo_cone_detections_track__struct.h
[220.286s] -- Installing: /home/jack/ros2_homework_advanced/install/fsd_common_msgs/include/fsd_common_msgs/fsd_common_msgs/msg/detail/res_and_ami__struct.h
[220.287s] -- Installing: /home/jack/ros2_homework_advanced/install/fsd_common_msgs/include/fsd_common_msgs/fsd_common_msgs/msg/detail/as_state__type_support.h
[220.288s] -- Installing: /home/jack/ros2_homework_advanced/install/fsd_common_msgs/include/fsd_common_msgs/fsd_common_msgs/msg/detail/res_and_ami__type_support.h
[220.289s] -- Installing: /home/jack/ros2_homework_advanced/install/fsd_common_msgs/include/fsd_common_msgs/fsd_common_msgs/msg/detail/decision_flag__struct.h
[220.289s] -- Installing: /home/jack/ros2_homework_advanced/install/fsd_common_msgs/include/fsd_common_msgs/fsd_common_msgs/msg/detail/time__type_support.h
[220.291s] -- Installing: /home/jack/ros2_homework_advanced/install/fsd_common_msgs/include/fsd_common_msgs/fsd_common_msgs/msg/detail/asensing_message__type_support.h
[220.294s] -- Installing: /home/jack/ros2_homework_advanced/install/fsd_common_msgs/include/fsd_common_msgs/fsd_common_msgs/msg/detail/yolo_cone_detections_track__functions.c
[220.296s] -- Installing: /home/jack/ros2_homework_advanced/install/fsd_common_msgs/include/fsd_common_msgs/fsd_common_msgs/msg/detail/track__functions.c
[220.296s] -- Installing: /home/jack/ros2_homework_advanced/install/fsd_common_msgs/include/fsd_common_msgs/fsd_common_msgs/msg/detail/car_state__type_support.h
[220.296s] -- Installing: /home/jack/ros2_homework_advanced/install/fsd_common_msgs/include/fsd_common_msgs/fsd_common_msgs/msg/detail/cone__struct.h
[220.297s] -- Installing: /home/jack/ros2_homework_advanced/install/fsd_common_msgs/include/fsd_common_msgs/fsd_common_msgs/msg/detail/as_state__functions.c
[220.302s] -- Installing: /home/jack/ros2_homework_advanced/install/fsd_common_msgs/include/fsd_common_msgs/fsd_common_msgs/msg/detail/remote_control_command__type_support.h
[220.303s] -- Installing: /home/jack/ros2_homework_advanced/install/fsd_common_msgs/include/fsd_common_msgs/fsd_common_msgs/msg/detail/cone__type_support.h
[220.306s] -- Installing: /home/jack/ros2_homework_advanced/install/fsd_common_msgs/include/fsd_common_msgs/fsd_common_msgs/msg/detail/yolo_cone__functions.h
[220.308s] -- Installing: /home/jack/ros2_homework_advanced/install/fsd_common_msgs/include/fsd_common_msgs/fsd_common_msgs/msg/detail/yolo_cone_detections__type_support.h
[220.310s] -- Installing: /home/jack/ros2_homework_advanced/install/fsd_common_msgs/include/fsd_common_msgs/fsd_common_msgs/msg/detail/visualization__type_support.h
[220.311s] -- Installing: /home/jack/ros2_homework_advanced/install/fsd_common_msgs/include/fsd_common_msgs/fsd_common_msgs/msg/detail/asensing_message__functions.h
[220.312s] -- Installing: /home/jack/ros2_homework_advanced/install/fsd_common_msgs/include/fsd_common_msgs/fsd_common_msgs/msg/detail/cone_dbscan__functions.c
[220.312s] -- Installing: /home/jack/ros2_homework_advanced/install/fsd_common_msgs/include/fsd_common_msgs/fsd_common_msgs/msg/detail/mission__functions.c
[220.314s] -- Installing: /home/jack/ros2_homework_advanced/install/fsd_common_msgs/include/fsd_common_msgs/fsd_common_msgs/msg/detail/decision_flag__functions.c
[220.315s] -- Installing: /home/jack/ros2_homework_advanced/install/fsd_common_msgs/include/fsd_common_msgs/fsd_common_msgs/msg/detail/map__type_support.h
[220.315s] -- Installing: /home/jack/ros2_homework_advanced/install/fsd_common_msgs/include/fsd_common_msgs/fsd_common_msgs/msg/detail/yolo_cone__type_support.h
[220.316s] -- Installing: /home/jack/ros2_homework_advanced/install/fsd_common_msgs/include/fsd_common_msgs/fsd_common_msgs/msg/detail/as_state__struct.h
[220.317s] -- Installing: /home/jack/ros2_homework_advanced/install/fsd_common_msgs/include/fsd_common_msgs/fsd_common_msgs/msg/detail/ins_delta__functions.c
[220.318s] -- Installing: /home/jack/ros2_homework_advanced/install/fsd_common_msgs/include/fsd_common_msgs/fsd_common_msgs/msg/detail/yolo_cone_detections__struct.h
[220.319s] -- Installing: /home/jack/ros2_homework_advanced/install/fsd_common_msgs/include/fsd_common_msgs/fsd_common_msgs/msg/detail/control_command__functions.c
[220.319s] -- Installing: /home/jack/ros2_homework_advanced/install/fsd_common_msgs/include/fsd_common_msgs/fsd_common_msgs/msg/detail/yolo_cone_track__functions.h
[220.321s] -- Installing: /home/jack/ros2_homework_advanced/install/fsd_common_msgs/include/fsd_common_msgs/fsd_common_msgs/msg/detail/visualization__functions.h
[220.322s] -- Installing: /home/jack/ros2_homework_advanced/install/fsd_common_msgs/include/fsd_common_msgs/fsd_common_msgs/msg/detail/car_state_dt__functions.h
[220.322s] -- Installing: /home/jack/ros2_homework_advanced/install/fsd_common_msgs/include/fsd_common_msgs/fsd_common_msgs/msg/detail/echiev_message__functions.c
[220.324s] -- Installing: /home/jack/ros2_homework_advanced/install/fsd_common_msgs/include/fsd_common_msgs/fsd_common_msgs/msg/detail/driving_dynamics__type_support.h
[220.325s] -- Installing: /home/jack/ros2_homework_advanced/install/fsd_common_msgs/include/fsd_common_msgs/fsd_common_msgs/msg/detail/car_state_dt__type_support.h
[220.325s] -- Installing: /home/jack/ros2_homework_advanced/install/fsd_common_msgs/include/fsd_common_msgs/fsd_common_msgs/msg/detail/yolo_cone_detections__functions.c
[220.327s] -- Installing: /home/jack/ros2_homework_advanced/install/fsd_common_msgs/include/fsd_common_msgs/fsd_common_msgs/msg/detail/asensing_message__struct.h
[220.328s] -- Installing: /home/jack/ros2_homework_advanced/install/fsd_common_msgs/include/fsd_common_msgs/fsd_common_msgs/msg/detail/can_frames__struct.h
[220.329s] -- Installing: /home/jack/ros2_homework_advanced/install/fsd_common_msgs/include/fsd_common_msgs/fsd_common_msgs/msg/detail/res_and_ami__functions.h
[220.329s] -- Installing: /home/jack/ros2_homework_advanced/install/fsd_common_msgs/include/fsd_common_msgs/fsd_common_msgs/msg/detail/ins_delta__struct.h
[220.331s] -- Installing: /home/jack/ros2_homework_advanced/install/fsd_common_msgs/include/fsd_common_msgs/fsd_common_msgs/msg/detail/cone__functions.h
[220.333s] -- Installing: /home/jack/ros2_homework_advanced/install/fsd_common_msgs/include/fsd_common_msgs/fsd_common_msgs/msg/detail/cone_detections__type_support.h
[220.334s] -- Installing: /home/jack/ros2_homework_advanced/install/fsd_common_msgs/include/fsd_common_msgs/fsd_common_msgs/msg/detail/track__functions.h
[220.336s] -- Installing: /home/jack/ros2_homework_advanced/install/fsd_common_msgs/include/fsd_common_msgs/fsd_common_msgs/msg/detail/visualization__struct.h
[220.337s] -- Installing: /home/jack/ros2_homework_advanced/install/fsd_common_msgs/include/fsd_common_msgs/fsd_common_msgs/msg/detail/echiev_message__functions.h
[220.337s] -- Installing: /home/jack/ros2_homework_advanced/install/fsd_common_msgs/include/fsd_common_msgs/fsd_common_msgs/msg/detail/skidpad_global_center_line__struct.h
[220.337s] -- Installing: /home/jack/ros2_homework_advanced/install/fsd_common_msgs/include/fsd_common_msgs/fsd_common_msgs/msg/detail/car_state__functions.c
[220.337s] -- Installing: /home/jack/ros2_homework_advanced/install/fsd_common_msgs/include/fsd_common_msgs/fsd_common_msgs/msg/detail/echiev_message__struct.h
[220.340s] -- Installing: /home/jack/ros2_homework_advanced/install/fsd_common_msgs/include/fsd_common_msgs/fsd_common_msgs/msg/detail/skidpad_global_center_line__functions.c
[220.344s] -- Installing: /home/jack/ros2_homework_advanced/install/fsd_common_msgs/include/fsd_common_msgs/fsd_common_msgs/msg/detail/track__struct.h
[220.345s] -- Installing: /home/jack/ros2_homework_advanced/install/fsd_common_msgs/include/fsd_common_msgs/fsd_common_msgs/msg/detail/cone_detections_dbscan__functions.h
[220.346s] -- Installing: /home/jack/ros2_homework_advanced/install/fsd_common_msgs/include/fsd_common_msgs/fsd_common_msgs/msg/detail/car_state__functions.h
[220.347s] -- Installing: /home/jack/ros2_homework_advanced/install/fsd_common_msgs/include/fsd_common_msgs/fsd_common_msgs/msg/detail/can_frames__functions.c
[220.348s] -- Installing: /home/jack/ros2_homework_advanced/install/fsd_common_msgs/include/fsd_common_msgs/fsd_common_msgs/msg/detail/echiev_message__type_support.h
[220.350s] -- Installing: /home/jack/ros2_homework_advanced/install/fsd_common_msgs/include/fsd_common_msgs/fsd_common_msgs/msg/detail/res_and_ami__functions.c
[220.351s] -- Installing: /home/jack/ros2_homework_advanced/install/fsd_common_msgs/include/fsd_common_msgs/fsd_common_msgs/msg/detail/yolo_cone_track__functions.c
[220.351s] -- Installing: /home/jack/ros2_homework_advanced/install/fsd_common_msgs/include/fsd_common_msgs/fsd_common_msgs/msg/detail/yolo_cone_track__struct.h
[220.352s] -- Installing: /home/jack/ros2_homework_advanced/install/fsd_common_msgs/include/fsd_common_msgs/fsd_common_msgs/msg/detail/trajectory_point__functions.h
[220.353s] -- Installing: /home/jack/ros2_homework_advanced/install/fsd_common_msgs/include/fsd_common_msgs/fsd_common_msgs/msg/detail/time__functions.h
[220.354s] -- Installing: /home/jack/ros2_homework_advanced/install/fsd_common_msgs/include/fsd_common_msgs/fsd_common_msgs/msg/detail/as_state__functions.h
[220.354s] -- Installing: /home/jack/ros2_homework_advanced/install/fsd_common_msgs/include/fsd_common_msgs/fsd_common_msgs/msg/detail/yolo_cone_detections__functions.h
[220.355s] -- Installing: /home/jack/ros2_homework_advanced/install/fsd_common_msgs/include/fsd_common_msgs/fsd_common_msgs/msg/detail/feedback__functions.c
[220.356s] -- Installing: /home/jack/ros2_homework_advanced/install/fsd_common_msgs/include/fsd_common_msgs/fsd_common_msgs/msg/detail/asensing_message__functions.c
[220.356s] -- Installing: /home/jack/ros2_homework_advanced/install/fsd_common_msgs/include/fsd_common_msgs/fsd_common_msgs/msg/detail/cone__functions.c
[220.357s] -- Installing: /home/jack/ros2_homework_advanced/install/fsd_common_msgs/include/fsd_common_msgs/fsd_common_msgs/msg/detail/visualization__functions.c
[220.358s] -- Installing: /home/jack/ros2_homework_advanced/install/fsd_common_msgs/include/fsd_common_msgs/fsd_common_msgs/msg/detail/yolo_cone_detections_track__type_support.h
[220.359s] -- Installing: /home/jack/ros2_homework_advanced/install/fsd_common_msgs/include/fsd_common_msgs/fsd_common_msgs/msg/detail/remote_control_command__functions.c
[220.359s] -- Installing: /home/jack/ros2_homework_advanced/install/fsd_common_msgs/include/fsd_common_msgs/fsd_common_msgs/msg/detail/cone_detections_dbscan__struct.h
[220.360s] -- Installing: /home/jack/ros2_homework_advanced/install/fsd_common_msgs/include/fsd_common_msgs/fsd_common_msgs/msg/detail/map__functions.c
[220.361s] -- Installing: /home/jack/ros2_homework_advanced/install/fsd_common_msgs/include/fsd_common_msgs/fsd_common_msgs/msg/detail/driving_dynamics__functions.c
[220.361s] -- Installing: /home/jack/ros2_homework_advanced/install/fsd_common_msgs/include/fsd_common_msgs/fsd_common_msgs/msg/detail/feedback__struct.h
[220.364s] -- Installing: /home/jack/ros2_homework_advanced/install/fsd_common_msgs/include/fsd_common_msgs/fsd_common_msgs/msg/detail/cone_detections__functions.c
[220.364s] -- Installing: /home/jack/ros2_homework_advanced/install/fsd_common_msgs/include/fsd_common_msgs/fsd_common_msgs/msg/detail/car_state__struct.h
[220.368s] -- Installing: /home/jack/ros2_homework_advanced/install/fsd_common_msgs/include/fsd_common_msgs/fsd_common_msgs/msg/detail/can_frames__functions.h
[220.368s] -- Installing: /home/jack/ros2_homework_advanced/install/fsd_common_msgs/include/fsd_common_msgs/fsd_common_msgs/msg/detail/mission__functions.h
[220.369s] -- Installing: /home/jack/ros2_homework_advanced/install/fsd_common_msgs/include/fsd_common_msgs/fsd_common_msgs/msg/detail/cone_detections__struct.h
[220.370s] -- Installing: /home/jack/ros2_homework_advanced/install/fsd_common_msgs/include/fsd_common_msgs/fsd_common_msgs/msg/detail/car_state_dt__struct.h
[220.373s] -- Installing: /home/jack/ros2_homework_advanced/install/fsd_common_msgs/include/fsd_common_msgs/fsd_common_msgs/msg/detail/ins_delta__functions.h
[220.374s] -- Installing: /home/jack/ros2_homework_advanced/install/fsd_common_msgs/include/fsd_common_msgs/fsd_common_msgs/msg/detail/cone_detections_dbscan__functions.c
[220.374s] -- Installing: /home/jack/ros2_homework_advanced/install/fsd_common_msgs/include/fsd_common_msgs/fsd_common_msgs/msg/detail/decision_flag__functions.h
[220.374s] -- Installing: /home/jack/ros2_homework_advanced/install/fsd_common_msgs/include/fsd_common_msgs/fsd_common_msgs/msg/detail/yolo_cone_track__type_support.h
[220.375s] -- Installing: /home/jack/ros2_homework_advanced/install/fsd_common_msgs/include/fsd_common_msgs/fsd_common_msgs/msg/detail/cone_detections_dbscan__type_support.h
[220.376s] -- Installing: /home/jack/ros2_homework_advanced/install/fsd_common_msgs/include/fsd_common_msgs/fsd_common_msgs/msg/detail/control_command__type_support.h
[220.377s] -- Installing: /home/jack/ros2_homework_advanced/install/fsd_common_msgs/include/fsd_common_msgs/fsd_common_msgs/msg/detail/decision_flag__type_support.h
[220.378s] -- Installing: /home/jack/ros2_homework_advanced/install/fsd_common_msgs/include/fsd_common_msgs/fsd_common_msgs/msg/detail/feedback__type_support.h
[220.378s] -- Installing: /home/jack/ros2_homework_advanced/install/fsd_common_msgs/include/fsd_common_msgs/fsd_common_msgs/msg/detail/trajectory_point__type_support.h
[220.380s] -- Installing: /home/jack/ros2_homework_advanced/install/fsd_common_msgs/include/fsd_common_msgs/fsd_common_msgs/msg/detail/mission__struct.h
[220.380s] -- Installing: /home/jack/ros2_homework_advanced/install/fsd_common_msgs/include/fsd_common_msgs/fsd_common_msgs/msg/detail/control_command__struct.h
[220.381s] -- Installing: /home/jack/ros2_homework_advanced/install/fsd_common_msgs/include/fsd_common_msgs/fsd_common_msgs/msg/detail/cone_dbscan__struct.h
[220.382s] -- Installing: /home/jack/ros2_homework_advanced/install/fsd_common_msgs/include/fsd_common_msgs/fsd_common_msgs/msg/detail/control_command__functions.h
[220.382s] -- Installing: /home/jack/ros2_homework_advanced/install/fsd_common_msgs/include/fsd_common_msgs/fsd_common_msgs/msg/detail/skidpad_global_center_line__functions.h
[220.382s] -- Installing: /home/jack/ros2_homework_advanced/install/fsd_common_msgs/include/fsd_common_msgs/fsd_common_msgs/msg/detail/car_state_dt__functions.c
[220.383s] -- Installing: /home/jack/ros2_homework_advanced/install/fsd_common_msgs/include/fsd_common_msgs/fsd_common_msgs/msg/detail/ins_delta__type_support.h
[220.385s] -- Installing: /home/jack/ros2_homework_advanced/install/fsd_common_msgs/include/fsd_common_msgs/fsd_common_msgs/msg/detail/cone_dbscan__functions.h
[220.386s] -- Installing: /home/jack/ros2_homework_advanced/install/fsd_common_msgs/include/fsd_common_msgs/fsd_common_msgs/msg/detail/feedback__functions.h
[220.386s] -- Installing: /home/jack/ros2_homework_advanced/install/fsd_common_msgs/include/fsd_common_msgs/fsd_common_msgs/msg/detail/remote_control_command__functions.h
[220.387s] -- Installing: /home/jack/ros2_homework_advanced/install/fsd_common_msgs/include/fsd_common_msgs/fsd_common_msgs/msg/detail/yolo_cone__functions.c
[220.388s] -- Installing: /home/jack/ros2_homework_advanced/install/fsd_common_msgs/include/fsd_common_msgs/fsd_common_msgs/msg/detail/yolo_cone_detections_track__functions.h
[220.389s] -- Installing: /home/jack/ros2_homework_advanced/install/fsd_common_msgs/include/fsd_common_msgs/fsd_common_msgs/msg/detail/time__functions.c
[220.389s] -- Installing: /home/jack/ros2_homework_advanced/install/fsd_common_msgs/include/fsd_common_msgs/fsd_common_msgs/msg/detail/map__struct.h
[220.389s] -- Installing: /home/jack/ros2_homework_advanced/install/fsd_common_msgs/include/fsd_common_msgs/fsd_common_msgs/msg/detail/driving_dynamics__functions.h
[220.389s] -- Installing: /home/jack/ros2_homework_advanced/install/fsd_common_msgs/include/fsd_common_msgs/fsd_common_msgs/msg/detail/cone_dbscan__type_support.h
[220.390s] -- Installing: /home/jack/ros2_homework_advanced/install/fsd_common_msgs/include/fsd_common_msgs/fsd_common_msgs/msg/detail/trajectory_point__functions.c
[220.390s] -- Installing: /home/jack/ros2_homework_advanced/install/fsd_common_msgs/include/fsd_common_msgs/fsd_common_msgs/msg/rosidl_generator_c__visibility_control.h
[220.391s] -- Installing: /home/jack/ros2_homework_advanced/install/fsd_common_msgs/include/fsd_common_msgs/fsd_common_msgs/msg/cone_detections_dbscan.h
[220.394s] -- Installing: /home/jack/ros2_homework_advanced/install/fsd_common_msgs/include/fsd_common_msgs/fsd_common_msgs/msg/driving_dynamics.h
[220.395s] -- Installing: /home/jack/ros2_homework_advanced/install/fsd_common_msgs/include/fsd_common_msgs/fsd_common_msgs/msg/cone.h
[220.395s] -- Installing: /home/jack/ros2_homework_advanced/install/fsd_common_msgs/include/fsd_common_msgs/fsd_common_msgs/msg/car_state_dt.h
[220.396s] -- Installing: /home/jack/ros2_homework_advanced/install/fsd_common_msgs/include/fsd_common_msgs/fsd_common_msgs/msg/asensing_message.h
[220.396s] -- Installing: /home/jack/ros2_homework_advanced/install/fsd_common_msgs/include/fsd_common_msgs/fsd_common_msgs/msg/feedback.h
[220.396s] -- Installing: /home/jack/ros2_homework_advanced/install/fsd_common_msgs/include/fsd_common_msgs/fsd_common_msgs/msg/as_state.h
[220.396s] -- Installing: /home/jack/ros2_homework_advanced/install/fsd_common_msgs/include/fsd_common_msgs/fsd_common_msgs/msg/car_state.h
[220.396s] -- Installing: /home/jack/ros2_homework_advanced/install/fsd_common_msgs/include/fsd_common_msgs/fsd_common_msgs/msg/yolo_cone.h
[220.396s] -- Installing: /home/jack/ros2_homework_advanced/install/fsd_common_msgs/include/fsd_common_msgs/fsd_common_msgs/msg/yolo_cone_track.h
[220.396s] -- Installing: /home/jack/ros2_homework_advanced/install/fsd_common_msgs/include/fsd_common_msgs/fsd_common_msgs/msg/control_command.h
[220.397s] -- Installing: /home/jack/ros2_homework_advanced/install/fsd_common_msgs/include/fsd_common_msgs/fsd_common_msgs/msg/skidpad_global_center_line.h
[220.397s] -- Installing: /home/jack/ros2_homework_advanced/install/fsd_common_msgs/include/fsd_common_msgs/fsd_common_msgs/msg/cone_detections.h
[220.397s] -- Installing: /home/jack/ros2_homework_advanced/install/fsd_common_msgs/include/fsd_common_msgs/fsd_common_msgs/msg/yolo_cone_detections.h
[220.402s] -- Installing: /home/jack/ros2_homework_advanced/install/fsd_common_msgs/include/fsd_common_msgs/fsd_common_msgs/msg/remote_control_command.h
[220.406s] -- Installing: /home/jack/ros2_homework_advanced/install/fsd_common_msgs/include/fsd_common_msgs/fsd_common_msgs/msg/map.h
[220.407s] -- Installing: /home/jack/ros2_homework_advanced/install/fsd_common_msgs/include/fsd_common_msgs/fsd_common_msgs/msg/res_and_ami.h
[220.407s] -- Installing: /home/jack/ros2_homework_advanced/install/fsd_common_msgs/include/fsd_common_msgs/fsd_common_msgs/msg/mission.h
[220.409s] -- Installing: /home/jack/ros2_homework_advanced/install/fsd_common_msgs/share/fsd_common_msgs/environment/library_path.sh
[220.409s] -- Installing: /home/jack/ros2_homework_advanced/install/fsd_common_msgs/share/fsd_common_msgs/environment/library_path.dsv
[220.410s] -- Installing: /home/jack/ros2_homework_advanced/install/fsd_common_msgs/lib/libfsd_common_msgs__rosidl_generator_c.so
[220.411s] -- Set runtime path of "/home/jack/ros2_homework_advanced/install/fsd_common_msgs/lib/libfsd_common_msgs__rosidl_generator_c.so" to ""
[220.412s] -- Up-to-date: /home/jack/ros2_homework_advanced/install/fsd_common_msgs/include/fsd_common_msgs/fsd_common_msgs
[220.413s] -- Up-to-date: /home/jack/ros2_homework_advanced/install/fsd_common_msgs/include/fsd_common_msgs/fsd_common_msgs/msg
[220.413s] -- Up-to-date: /home/jack/ros2_homework_advanced/install/fsd_common_msgs/include/fsd_common_msgs/fsd_common_msgs/msg/detail
[220.413s] -- Installing: /home/jack/ros2_homework_advanced/install/fsd_common_msgs/include/fsd_common_msgs/fsd_common_msgs/msg/detail/time__rosidl_typesupport_fastrtps_c.h
[220.415s] -- Installing: /home/jack/ros2_homework_advanced/install/fsd_common_msgs/include/fsd_common_msgs/fsd_common_msgs/msg/detail/decision_flag__rosidl_typesupport_fastrtps_c.h
[220.415s] -- Installing: /home/jack/ros2_homework_advanced/install/fsd_common_msgs/include/fsd_common_msgs/fsd_common_msgs/msg/detail/cone_detections_dbscan__rosidl_typesupport_fastrtps_c.h
[220.416s] -- Installing: /home/jack/ros2_homework_advanced/install/fsd_common_msgs/include/fsd_common_msgs/fsd_common_msgs/msg/detail/visualization__rosidl_typesupport_fastrtps_c.h
[220.417s] -- Installing: /home/jack/ros2_homework_advanced/install/fsd_common_msgs/include/fsd_common_msgs/fsd_common_msgs/msg/detail/yolo_cone__rosidl_typesupport_fastrtps_c.h
[220.417s] -- Installing: /home/jack/ros2_homework_advanced/install/fsd_common_msgs/include/fsd_common_msgs/fsd_common_msgs/msg/detail/yolo_cone_detections__rosidl_typesupport_fastrtps_c.h
[220.418s] -- Installing: /home/jack/ros2_homework_advanced/install/fsd_common_msgs/include/fsd_common_msgs/fsd_common_msgs/msg/detail/cone_dbscan__rosidl_typesupport_fastrtps_c.h
[220.418s] -- Installing: /home/jack/ros2_homework_advanced/install/fsd_common_msgs/include/fsd_common_msgs/fsd_common_msgs/msg/detail/yolo_cone_track__rosidl_typesupport_fastrtps_c.h
[220.419s] -- Installing: /home/jack/ros2_homework_advanced/install/fsd_common_msgs/include/fsd_common_msgs/fsd_common_msgs/msg/detail/car_state_dt__rosidl_typesupport_fastrtps_c.h
[220.420s] -- Installing: /home/jack/ros2_homework_advanced/install/fsd_common_msgs/include/fsd_common_msgs/fsd_common_msgs/msg/detail/ins_delta__rosidl_typesupport_fastrtps_c.h
[220.421s] -- Installing: /home/jack/ros2_homework_advanced/install/fsd_common_msgs/include/fsd_common_msgs/fsd_common_msgs/msg/detail/map__rosidl_typesupport_fastrtps_c.h
[220.421s] -- Installing: /home/jack/ros2_homework_advanced/install/fsd_common_msgs/include/fsd_common_msgs/fsd_common_msgs/msg/detail/yolo_cone_detections_track__rosidl_typesupport_fastrtps_c.h
[220.422s] -- Installing: /home/jack/ros2_homework_advanced/install/fsd_common_msgs/include/fsd_common_msgs/fsd_common_msgs/msg/detail/track__rosidl_typesupport_fastrtps_c.h
[220.422s] -- Installing: /home/jack/ros2_homework_advanced/install/fsd_common_msgs/include/fsd_common_msgs/fsd_common_msgs/msg/detail/remote_control_command__rosidl_typesupport_fastrtps_c.h
[220.423s] -- Installing: /home/jack/ros2_homework_advanced/install/fsd_common_msgs/include/fsd_common_msgs/fsd_common_msgs/msg/detail/cone__rosidl_typesupport_fastrtps_c.h
[220.423s] -- Installing: /home/jack/ros2_homework_advanced/install/fsd_common_msgs/include/fsd_common_msgs/fsd_common_msgs/msg/detail/mission__rosidl_typesupport_fastrtps_c.h
[220.423s] -- Installing: /home/jack/ros2_homework_advanced/install/fsd_common_msgs/include/fsd_common_msgs/fsd_common_msgs/msg/detail/skidpad_global_center_line__rosidl_typesupport_fastrtps_c.h
[220.425s] -- Installing: /home/jack/ros2_homework_advanced/install/fsd_common_msgs/include/fsd_common_msgs/fsd_common_msgs/msg/detail/res_and_ami__rosidl_typesupport_fastrtps_c.h
[220.426s] -- Installing: /home/jack/ros2_homework_advanced/install/fsd_common_msgs/include/fsd_common_msgs/fsd_common_msgs/msg/detail/control_command__rosidl_typesupport_fastrtps_c.h
[220.428s] -- Installing: /home/jack/ros2_homework_advanced/install/fsd_common_msgs/include/fsd_common_msgs/fsd_common_msgs/msg/detail/as_state__rosidl_typesupport_fastrtps_c.h
[220.429s] -- Installing: /home/jack/ros2_homework_advanced/install/fsd_common_msgs/include/fsd_common_msgs/fsd_common_msgs/msg/detail/car_state__rosidl_typesupport_fastrtps_c.h
[220.431s] -- Installing: /home/jack/ros2_homework_advanced/install/fsd_common_msgs/include/fsd_common_msgs/fsd_common_msgs/msg/detail/driving_dynamics__rosidl_typesupport_fastrtps_c.h
[220.432s] -- Installing: /home/jack/ros2_homework_advanced/install/fsd_common_msgs/include/fsd_common_msgs/fsd_common_msgs/msg/detail/feedback__rosidl_typesupport_fastrtps_c.h
[220.434s] -- Installing: /home/jack/ros2_homework_advanced/install/fsd_common_msgs/include/fsd_common_msgs/fsd_common_msgs/msg/detail/asensing_message__rosidl_typesupport_fastrtps_c.h
[220.435s] -- Installing: /home/jack/ros2_homework_advanced/install/fsd_common_msgs/include/fsd_common_msgs/fsd_common_msgs/msg/detail/trajectory_point__rosidl_typesupport_fastrtps_c.h
[220.435s] -- Installing: /home/jack/ros2_homework_advanced/install/fsd_common_msgs/include/fsd_common_msgs/fsd_common_msgs/msg/detail/can_frames__rosidl_typesupport_fastrtps_c.h
[220.438s] -- Installing: /home/jack/ros2_homework_advanced/install/fsd_common_msgs/include/fsd_common_msgs/fsd_common_msgs/msg/detail/echiev_message__rosidl_typesupport_fastrtps_c.h
[220.438s] -- Installing: /home/jack/ros2_homework_advanced/install/fsd_common_msgs/include/fsd_common_msgs/fsd_common_msgs/msg/detail/cone_detections__rosidl_typesupport_fastrtps_c.h
[220.438s] -- Installing: /home/jack/ros2_homework_advanced/install/fsd_common_msgs/include/fsd_common_msgs/fsd_common_msgs/msg/rosidl_typesupport_fastrtps_c__visibility_control.h
[220.438s] -- Installing: /home/jack/ros2_homework_advanced/install/fsd_common_msgs/lib/libfsd_common_msgs__rosidl_typesupport_fastrtps_c.so
[220.438s] -- Set runtime path of "/home/jack/ros2_homework_advanced/install/fsd_common_msgs/lib/libfsd_common_msgs__rosidl_typesupport_fastrtps_c.so" to ""
[220.439s] -- Up-to-date: /home/jack/ros2_homework_advanced/install/fsd_common_msgs/include/fsd_common_msgs/fsd_common_msgs
[220.439s] -- Up-to-date: /home/jack/ros2_homework_advanced/install/fsd_common_msgs/include/fsd_common_msgs/fsd_common_msgs/msg
[220.439s] -- Up-to-date: /home/jack/ros2_homework_advanced/install/fsd_common_msgs/include/fsd_common_msgs/fsd_common_msgs/msg/detail
[220.439s] -- Installing: /home/jack/ros2_homework_advanced/install/fsd_common_msgs/include/fsd_common_msgs/fsd_common_msgs/msg/detail/trajectory_point__type_support.c
[220.441s] -- Installing: /home/jack/ros2_homework_advanced/install/fsd_common_msgs/include/fsd_common_msgs/fsd_common_msgs/msg/detail/cone__rosidl_typesupport_introspection_c.h
[220.441s] -- Installing: /home/jack/ros2_homework_advanced/install/fsd_common_msgs/include/fsd_common_msgs/fsd_common_msgs/msg/detail/map__type_support.c
[220.441s] -- Installing: /home/jack/ros2_homework_advanced/install/fsd_common_msgs/include/fsd_common_msgs/fsd_common_msgs/msg/detail/trajectory_point__rosidl_typesupport_introspection_c.h
[220.442s] -- Installing: /home/jack/ros2_homework_advanced/install/fsd_common_msgs/include/fsd_common_msgs/fsd_common_msgs/msg/detail/yolo_cone_track__type_support.c
[220.442s] -- Installing: /home/jack/ros2_homework_advanced/install/fsd_common_msgs/include/fsd_common_msgs/fsd_common_msgs/msg/detail/car_state__type_support.c
[220.442s] -- Installing: /home/jack/ros2_homework_advanced/install/fsd_common_msgs/include/fsd_common_msgs/fsd_common_msgs/msg/detail/ins_delta__rosidl_typesupport_introspection_c.h
[220.442s] -- Installing: /home/jack/ros2_homework_advanced/install/fsd_common_msgs/include/fsd_common_msgs/fsd_common_msgs/msg/detail/car_state_dt__type_support.c
[220.444s] -- Installing: /home/jack/ros2_homework_advanced/install/fsd_common_msgs/include/fsd_common_msgs/fsd_common_msgs/msg/detail/decision_flag__rosidl_typesupport_introspection_c.h
[220.444s] -- Installing: /home/jack/ros2_homework_advanced/install/fsd_common_msgs/include/fsd_common_msgs/fsd_common_msgs/msg/detail/mission__type_support.c
[220.444s] -- Installing: /home/jack/ros2_homework_advanced/install/fsd_common_msgs/include/fsd_common_msgs/fsd_common_msgs/msg/detail/track__rosidl_typesupport_introspection_c.h
[220.445s] -- Installing: /home/jack/ros2_homework_advanced/install/fsd_common_msgs/include/fsd_common_msgs/fsd_common_msgs/msg/detail/can_frames__type_support.c
[220.445s] -- Installing: /home/jack/ros2_homework_advanced/install/fsd_common_msgs/include/fsd_common_msgs/fsd_common_msgs/msg/detail/car_state__rosidl_typesupport_introspection_c.h
[220.446s] -- Installing: /home/jack/ros2_homework_advanced/install/fsd_common_msgs/include/fsd_common_msgs/fsd_common_msgs/msg/detail/mission__rosidl_typesupport_introspection_c.h
[220.447s] -- Installing: /home/jack/ros2_homework_advanced/install/fsd_common_msgs/include/fsd_common_msgs/fsd_common_msgs/msg/detail/cone_detections_dbscan__rosidl_typesupport_introspection_c.h
[220.447s] -- Installing: /home/jack/ros2_homework_advanced/install/fsd_common_msgs/include/fsd_common_msgs/fsd_common_msgs/msg/detail/asensing_message__type_support.c
[220.447s] -- Installing: /home/jack/ros2_homework_advanced/install/fsd_common_msgs/include/fsd_common_msgs/fsd_common_msgs/msg/detail/cone_detections__rosidl_typesupport_introspection_c.h
[220.448s] -- Installing: /home/jack/ros2_homework_advanced/install/fsd_common_msgs/include/fsd_common_msgs/fsd_common_msgs/msg/detail/skidpad_global_center_line__rosidl_typesupport_introspection_c.h
[220.450s] -- Installing: /home/jack/ros2_homework_advanced/install/fsd_common_msgs/include/fsd_common_msgs/fsd_common_msgs/msg/detail/driving_dynamics__type_support.c
[220.450s] -- Installing: /home/jack/ros2_homework_advanced/install/fsd_common_msgs/include/fsd_common_msgs/fsd_common_msgs/msg/detail/visualization__type_support.c
[220.450s] -- Installing: /home/jack/ros2_homework_advanced/install/fsd_common_msgs/include/fsd_common_msgs/fsd_common_msgs/msg/detail/yolo_cone_detections_track__rosidl_typesupport_introspection_c.h
[220.450s] -- Installing: /home/jack/ros2_homework_advanced/install/fsd_common_msgs/include/fsd_common_msgs/fsd_common_msgs/msg/detail/asensing_message__rosidl_typesupport_introspection_c.h
[220.450s] -- Installing: /home/jack/ros2_homework_advanced/install/fsd_common_msgs/include/fsd_common_msgs/fsd_common_msgs/msg/detail/track__type_support.c
[220.450s] -- Installing: /home/jack/ros2_homework_advanced/install/fsd_common_msgs/include/fsd_common_msgs/fsd_common_msgs/msg/detail/decision_flag__type_support.c
[220.451s] -- Installing: /home/jack/ros2_homework_advanced/install/fsd_common_msgs/include/fsd_common_msgs/fsd_common_msgs/msg/detail/feedback__rosidl_typesupport_introspection_c.h
[220.451s] -- Installing: /home/jack/ros2_homework_advanced/install/fsd_common_msgs/include/fsd_common_msgs/fsd_common_msgs/msg/detail/time__type_support.c
[220.452s] -- Installing: /home/jack/ros2_homework_advanced/install/fsd_common_msgs/include/fsd_common_msgs/fsd_common_msgs/msg/detail/res_and_ami__type_support.c
[220.452s] -- Installing: /home/jack/ros2_homework_advanced/install/fsd_common_msgs/include/fsd_common_msgs/fsd_common_msgs/msg/detail/cone_dbscan__type_support.c
[220.452s] -- Installing: /home/jack/ros2_homework_advanced/install/fsd_common_msgs/include/fsd_common_msgs/fsd_common_msgs/msg/detail/visualization__rosidl_typesupport_introspection_c.h
[220.452s] -- Installing: /home/jack/ros2_homework_advanced/install/fsd_common_msgs/include/fsd_common_msgs/fsd_common_msgs/msg/detail/yolo_cone_detections__type_support.c
[220.452s] -- Installing: /home/jack/ros2_homework_advanced/install/fsd_common_msgs/include/fsd_common_msgs/fsd_common_msgs/msg/detail/yolo_cone__type_support.c
[220.453s] -- Installing: /home/jack/ros2_homework_advanced/install/fsd_common_msgs/include/fsd_common_msgs/fsd_common_msgs/msg/detail/cone_detections__type_support.c
[220.453s] -- Installing: /home/jack/ros2_homework_advanced/install/fsd_common_msgs/include/fsd_common_msgs/fsd_common_msgs/msg/detail/as_state__rosidl_typesupport_introspection_c.h
[220.454s] -- Installing: /home/jack/ros2_homework_advanced/install/fsd_common_msgs/include/fsd_common_msgs/fsd_common_msgs/msg/detail/feedback__type_support.c
[220.455s] -- Installing: /home/jack/ros2_homework_advanced/install/fsd_common_msgs/include/fsd_common_msgs/fsd_common_msgs/msg/detail/can_frames__rosidl_typesupport_introspection_c.h
[220.456s] -- Installing: /home/jack/ros2_homework_advanced/install/fsd_common_msgs/include/fsd_common_msgs/fsd_common_msgs/msg/detail/control_command__rosidl_typesupport_introspection_c.h
[220.456s] -- Installing: /home/jack/ros2_homework_advanced/install/fsd_common_msgs/include/fsd_common_msgs/fsd_common_msgs/msg/detail/echiev_message__rosidl_typesupport_introspection_c.h
[220.456s] -- Installing: /home/jack/ros2_homework_advanced/install/fsd_common_msgs/include/fsd_common_msgs/fsd_common_msgs/msg/detail/map__rosidl_typesupport_introspection_c.h
[220.457s] -- Installing: /home/jack/ros2_homework_advanced/install/fsd_common_msgs/include/fsd_common_msgs/fsd_common_msgs/msg/detail/cone__type_support.c
[220.458s] -- Installing: /home/jack/ros2_homework_advanced/install/fsd_common_msgs/include/fsd_common_msgs/fsd_common_msgs/msg/detail/yolo_cone_detections_track__type_support.c
[220.458s] -- Installing: /home/jack/ros2_homework_advanced/install/fsd_common_msgs/include/fsd_common_msgs/fsd_common_msgs/msg/detail/yolo_cone_track__rosidl_typesupport_introspection_c.h
[220.461s] -- Installing: /home/jack/ros2_homework_advanced/install/fsd_common_msgs/include/fsd_common_msgs/fsd_common_msgs/msg/detail/yolo_cone__rosidl_typesupport_introspection_c.h
[220.462s] -- Installing: /home/jack/ros2_homework_advanced/install/fsd_common_msgs/include/fsd_common_msgs/fsd_common_msgs/msg/detail/remote_control_command__rosidl_typesupport_introspection_c.h
[220.464s] -- Installing: /home/jack/ros2_homework_advanced/install/fsd_common_msgs/include/fsd_common_msgs/fsd_common_msgs/msg/detail/as_state__type_support.c
[220.464s] -- Installing: /home/jack/ros2_homework_advanced/install/fsd_common_msgs/include/fsd_common_msgs/fsd_common_msgs/msg/detail/car_state_dt__rosidl_typesupport_introspection_c.h
[220.466s] -- Installing: /home/jack/ros2_homework_advanced/install/fsd_common_msgs/include/fsd_common_msgs/fsd_common_msgs/msg/detail/echiev_message__type_support.c
[220.467s] -- Installing: /home/jack/ros2_homework_advanced/install/fsd_common_msgs/include/fsd_common_msgs/fsd_common_msgs/msg/detail/cone_dbscan__rosidl_typesupport_introspection_c.h
[220.468s] -- Installing: /home/jack/ros2_homework_advanced/install/fsd_common_msgs/include/fsd_common_msgs/fsd_common_msgs/msg/detail/yolo_cone_detections__rosidl_typesupport_introspection_c.h
[220.468s] -- Installing: /home/jack/ros2_homework_advanced/install/fsd_common_msgs/include/fsd_common_msgs/fsd_common_msgs/msg/detail/driving_dynamics__rosidl_typesupport_introspection_c.h
[220.468s] -- Installing: /home/jack/ros2_homework_advanced/install/fsd_common_msgs/include/fsd_common_msgs/fsd_common_msgs/msg/detail/time__rosidl_typesupport_introspection_c.h
[220.468s] -- Installing: /home/jack/ros2_homework_advanced/install/fsd_common_msgs/include/fsd_common_msgs/fsd_common_msgs/msg/detail/res_and_ami__rosidl_typesupport_introspection_c.h
[220.469s] -- Installing: /home/jack/ros2_homework_advanced/install/fsd_common_msgs/include/fsd_common_msgs/fsd_common_msgs/msg/detail/ins_delta__type_support.c
[220.470s] -- Installing: /home/jack/ros2_homework_advanced/install/fsd_common_msgs/include/fsd_common_msgs/fsd_common_msgs/msg/detail/cone_detections_dbscan__type_support.c
[220.470s] -- Installing: /home/jack/ros2_homework_advanced/install/fsd_common_msgs/include/fsd_common_msgs/fsd_common_msgs/msg/detail/skidpad_global_center_line__type_support.c
[220.471s] -- Installing: /home/jack/ros2_homework_advanced/install/fsd_common_msgs/include/fsd_common_msgs/fsd_common_msgs/msg/detail/control_command__type_support.c
[220.471s] -- Installing: /home/jack/ros2_homework_advanced/install/fsd_common_msgs/include/fsd_common_msgs/fsd_common_msgs/msg/detail/remote_control_command__type_support.c
[220.472s] -- Installing: /home/jack/ros2_homework_advanced/install/fsd_common_msgs/include/fsd_common_msgs/fsd_common_msgs/msg/rosidl_typesupport_introspection_c__visibility_control.h
[220.473s] -- Installing: /home/jack/ros2_homework_advanced/install/fsd_common_msgs/lib/libfsd_common_msgs__rosidl_typesupport_introspection_c.so
[220.473s] -- Set runtime path of "/home/jack/ros2_homework_advanced/install/fsd_common_msgs/lib/libfsd_common_msgs__rosidl_typesupport_introspection_c.so" to ""
[220.474s] -- Installing: /home/jack/ros2_homework_advanced/install/fsd_common_msgs/lib/libfsd_common_msgs__rosidl_typesupport_c.so
[220.474s] -- Set runtime path of "/home/jack/ros2_homework_advanced/install/fsd_common_msgs/lib/libfsd_common_msgs__rosidl_typesupport_c.so" to ""
[220.475s] -- Up-to-date: /home/jack/ros2_homework_advanced/install/fsd_common_msgs/include/fsd_common_msgs/fsd_common_msgs
[220.475s] -- Up-to-date: /home/jack/ros2_homework_advanced/install/fsd_common_msgs/include/fsd_common_msgs/fsd_common_msgs/msg
[220.475s] -- Installing: /home/jack/ros2_homework_advanced/install/fsd_common_msgs/include/fsd_common_msgs/fsd_common_msgs/msg/cone_detections_dbscan.hpp
[220.476s] -- Installing: /home/jack/ros2_homework_advanced/install/fsd_common_msgs/include/fsd_common_msgs/fsd_common_msgs/msg/echiev_message.hpp
[220.476s] -- Installing: /home/jack/ros2_homework_advanced/install/fsd_common_msgs/include/fsd_common_msgs/fsd_common_msgs/msg/control_command.hpp
[220.477s] -- Installing: /home/jack/ros2_homework_advanced/install/fsd_common_msgs/include/fsd_common_msgs/fsd_common_msgs/msg/cone_detections.hpp
[220.478s] -- Installing: /home/jack/ros2_homework_advanced/install/fsd_common_msgs/include/fsd_common_msgs/fsd_common_msgs/msg/cone_dbscan.hpp
[220.479s] -- Installing: /home/jack/ros2_homework_advanced/install/fsd_common_msgs/include/fsd_common_msgs/fsd_common_msgs/msg/rosidl_generator_cpp__visibility_control.hpp
[220.480s] -- Installing: /home/jack/ros2_homework_advanced/install/fsd_common_msgs/include/fsd_common_msgs/fsd_common_msgs/msg/car_state.hpp
[220.480s] -- Installing: /home/jack/ros2_homework_advanced/install/fsd_common_msgs/include/fsd_common_msgs/fsd_common_msgs/msg/yolo_cone_detections_track.hpp
[220.480s] -- Installing: /home/jack/ros2_homework_advanced/install/fsd_common_msgs/include/fsd_common_msgs/fsd_common_msgs/msg/ins_delta.hpp
[220.481s] -- Installing: /home/jack/ros2_homework_advanced/install/fsd_common_msgs/include/fsd_common_msgs/fsd_common_msgs/msg/decision_flag.hpp
[220.481s] -- Installing: /home/jack/ros2_homework_advanced/install/fsd_common_msgs/include/fsd_common_msgs/fsd_common_msgs/msg/yolo_cone.hpp
[220.481s] -- Installing: /home/jack/ros2_homework_advanced/install/fsd_common_msgs/include/fsd_common_msgs/fsd_common_msgs/msg/trajectory_point.hpp
[220.481s] -- Installing: /home/jack/ros2_homework_advanced/install/fsd_common_msgs/include/fsd_common_msgs/fsd_common_msgs/msg/car_state_dt.hpp
[220.481s] -- Up-to-date: /home/jack/ros2_homework_advanced/install/fsd_common_msgs/include/fsd_common_msgs/fsd_common_msgs/msg/detail
[220.482s] -- Installing: /home/jack/ros2_homework_advanced/install/fsd_common_msgs/include/fsd_common_msgs/fsd_common_msgs/msg/detail/as_state__traits.hpp
[220.482s] -- Installing: /home/jack/ros2_homework_advanced/install/fsd_common_msgs/include/fsd_common_msgs/fsd_common_msgs/msg/detail/driving_dynamics__type_support.hpp
[220.482s] -- Installing: /home/jack/ros2_homework_advanced/install/fsd_common_msgs/include/fsd_common_msgs/fsd_common_msgs/msg/detail/cone_detections_dbscan__traits.hpp
[220.482s] -- Installing: /home/jack/ros2_homework_advanced/install/fsd_common_msgs/include/fsd_common_msgs/fsd_common_msgs/msg/detail/cone_detections__builder.hpp
[220.483s] -- Installing: /home/jack/ros2_homework_advanced/install/fsd_common_msgs/include/fsd_common_msgs/fsd_common_msgs/msg/detail/skidpad_global_center_line__traits.hpp
[220.484s] -- Installing: /home/jack/ros2_homework_advanced/install/fsd_common_msgs/include/fsd_common_msgs/fsd_common_msgs/msg/detail/as_state__type_support.hpp
[220.484s] -- Installing: /home/jack/ros2_homework_advanced/install/fsd_common_msgs/include/fsd_common_msgs/fsd_common_msgs/msg/detail/trajectory_point__builder.hpp
[220.485s] -- Installing: /home/jack/ros2_homework_advanced/install/fsd_common_msgs/include/fsd_common_msgs/fsd_common_msgs/msg/detail/control_command__builder.hpp
[220.485s] -- Installing: /home/jack/ros2_homework_advanced/install/fsd_common_msgs/include/fsd_common_msgs/fsd_common_msgs/msg/detail/control_command__traits.hpp
[220.486s] -- Installing: /home/jack/ros2_homework_advanced/install/fsd_common_msgs/include/fsd_common_msgs/fsd_common_msgs/msg/detail/ins_delta__struct.hpp
[220.486s] -- Installing: /home/jack/ros2_homework_advanced/install/fsd_common_msgs/include/fsd_common_msgs/fsd_common_msgs/msg/detail/track__builder.hpp
[220.487s] -- Installing: /home/jack/ros2_homework_advanced/install/fsd_common_msgs/include/fsd_common_msgs/fsd_common_msgs/msg/detail/cone__builder.hpp
[220.487s] -- Installing: /home/jack/ros2_homework_advanced/install/fsd_common_msgs/include/fsd_common_msgs/fsd_common_msgs/msg/detail/control_command__struct.hpp
[220.488s] -- Installing: /home/jack/ros2_homework_advanced/install/fsd_common_msgs/include/fsd_common_msgs/fsd_common_msgs/msg/detail/skidpad_global_center_line__struct.hpp
[220.489s] -- Installing: /home/jack/ros2_homework_advanced/install/fsd_common_msgs/include/fsd_common_msgs/fsd_common_msgs/msg/detail/decision_flag__type_support.hpp
[220.489s] -- Installing: /home/jack/ros2_homework_advanced/install/fsd_common_msgs/include/fsd_common_msgs/fsd_common_msgs/msg/detail/cone_dbscan__type_support.hpp
[220.489s] -- Installing: /home/jack/ros2_homework_advanced/install/fsd_common_msgs/include/fsd_common_msgs/fsd_common_msgs/msg/detail/yolo_cone_detections_track__builder.hpp
[220.490s] -- Installing: /home/jack/ros2_homework_advanced/install/fsd_common_msgs/include/fsd_common_msgs/fsd_common_msgs/msg/detail/track__struct.hpp
[220.490s] -- Installing: /home/jack/ros2_homework_advanced/install/fsd_common_msgs/include/fsd_common_msgs/fsd_common_msgs/msg/detail/asensing_message__builder.hpp
[220.490s] -- Installing: /home/jack/ros2_homework_advanced/install/fsd_common_msgs/include/fsd_common_msgs/fsd_common_msgs/msg/detail/yolo_cone__type_support.hpp
[220.490s] -- Installing: /home/jack/ros2_homework_advanced/install/fsd_common_msgs/include/fsd_common_msgs/fsd_common_msgs/msg/detail/remote_control_command__type_support.hpp
[220.490s] -- Installing: /home/jack/ros2_homework_advanced/install/fsd_common_msgs/include/fsd_common_msgs/fsd_common_msgs/msg/detail/driving_dynamics__struct.hpp
[220.490s] -- Installing: /home/jack/ros2_homework_advanced/install/fsd_common_msgs/include/fsd_common_msgs/fsd_common_msgs/msg/detail/car_state_dt__builder.hpp
[220.491s] -- Installing: /home/jack/ros2_homework_advanced/install/fsd_common_msgs/include/fsd_common_msgs/fsd_common_msgs/msg/detail/visualization__traits.hpp
[220.494s] -- Installing: /home/jack/ros2_homework_advanced/install/fsd_common_msgs/include/fsd_common_msgs/fsd_common_msgs/msg/detail/car_state__type_support.hpp
[220.495s] -- Installing: /home/jack/ros2_homework_advanced/install/fsd_common_msgs/include/fsd_common_msgs/fsd_common_msgs/msg/detail/yolo_cone_detections__struct.hpp
[220.497s] -- Installing: /home/jack/ros2_homework_advanced/install/fsd_common_msgs/include/fsd_common_msgs/fsd_common_msgs/msg/detail/as_state__builder.hpp
[220.497s] -- Installing: /home/jack/ros2_homework_advanced/install/fsd_common_msgs/include/fsd_common_msgs/fsd_common_msgs/msg/detail/map__builder.hpp
[220.498s] -- Installing: /home/jack/ros2_homework_advanced/install/fsd_common_msgs/include/fsd_common_msgs/fsd_common_msgs/msg/detail/decision_flag__builder.hpp
[220.498s] -- Installing: /home/jack/ros2_homework_advanced/install/fsd_common_msgs/include/fsd_common_msgs/fsd_common_msgs/msg/detail/yolo_cone__traits.hpp
[220.500s] -- Installing: /home/jack/ros2_homework_advanced/install/fsd_common_msgs/include/fsd_common_msgs/fsd_common_msgs/msg/detail/cone__traits.hpp
[220.500s] -- Installing: /home/jack/ros2_homework_advanced/install/fsd_common_msgs/include/fsd_common_msgs/fsd_common_msgs/msg/detail/car_state_dt__traits.hpp
[220.501s] -- Installing: /home/jack/ros2_homework_advanced/install/fsd_common_msgs/include/fsd_common_msgs/fsd_common_msgs/msg/detail/mission__struct.hpp
[220.501s] -- Installing: /home/jack/ros2_homework_advanced/install/fsd_common_msgs/include/fsd_common_msgs/fsd_common_msgs/msg/detail/as_state__struct.hpp
[220.501s] -- Installing: /home/jack/ros2_homework_advanced/install/fsd_common_msgs/include/fsd_common_msgs/fsd_common_msgs/msg/detail/time__struct.hpp
[220.503s] -- Installing: /home/jack/ros2_homework_advanced/install/fsd_common_msgs/include/fsd_common_msgs/fsd_common_msgs/msg/detail/cone__type_support.hpp
[220.503s] -- Installing: /home/jack/ros2_homework_advanced/install/fsd_common_msgs/include/fsd_common_msgs/fsd_common_msgs/msg/detail/trajectory_point__traits.hpp
[220.503s] -- Installing: /home/jack/ros2_homework_advanced/install/fsd_common_msgs/include/fsd_common_msgs/fsd_common_msgs/msg/detail/map__struct.hpp
[220.504s] -- Installing: /home/jack/ros2_homework_advanced/install/fsd_common_msgs/include/fsd_common_msgs/fsd_common_msgs/msg/detail/cone_detections_dbscan__struct.hpp
[220.504s] -- Installing: /home/jack/ros2_homework_advanced/install/fsd_common_msgs/include/fsd_common_msgs/fsd_common_msgs/msg/detail/yolo_cone_detections_track__struct.hpp
[220.506s] -- Installing: /home/jack/ros2_homework_advanced/install/fsd_common_msgs/include/fsd_common_msgs/fsd_common_msgs/msg/detail/car_state__traits.hpp
[220.506s] -- Installing: /home/jack/ros2_homework_advanced/install/fsd_common_msgs/include/fsd_common_msgs/fsd_common_msgs/msg/detail/map__type_support.hpp
[220.506s] -- Installing: /home/jack/ros2_homework_advanced/install/fsd_common_msgs/include/fsd_common_msgs/fsd_common_msgs/msg/detail/time__traits.hpp
[220.506s] -- Installing: /home/jack/ros2_homework_advanced/install/fsd_common_msgs/include/fsd_common_msgs/fsd_common_msgs/msg/detail/yolo_cone_track__traits.hpp
[220.507s] -- Installing: /home/jack/ros2_homework_advanced/install/fsd_common_msgs/include/fsd_common_msgs/fsd_common_msgs/msg/detail/yolo_cone__struct.hpp
[220.507s] -- Installing: /home/jack/ros2_homework_advanced/install/fsd_common_msgs/include/fsd_common_msgs/fsd_common_msgs/msg/detail/echiev_message__type_support.hpp
[220.507s] -- Installing: /home/jack/ros2_homework_advanced/install/fsd_common_msgs/include/fsd_common_msgs/fsd_common_msgs/msg/detail/cone_dbscan__builder.hpp
[220.507s] -- Installing: /home/jack/ros2_homework_advanced/install/fsd_common_msgs/include/fsd_common_msgs/fsd_common_msgs/msg/detail/cone_detections__type_support.hpp
[220.507s] -- Installing: /home/jack/ros2_homework_advanced/install/fsd_common_msgs/include/fsd_common_msgs/fsd_common_msgs/msg/detail/echiev_message__traits.hpp
[220.507s] -- Installing: /home/jack/ros2_homework_advanced/install/fsd_common_msgs/include/fsd_common_msgs/fsd_common_msgs/msg/detail/time__builder.hpp
[220.507s] -- Installing: /home/jack/ros2_homework_advanced/install/fsd_common_msgs/include/fsd_common_msgs/fsd_common_msgs/msg/detail/can_frames__traits.hpp
[220.508s] -- Installing: /home/jack/ros2_homework_advanced/install/fsd_common_msgs/include/fsd_common_msgs/fsd_common_msgs/msg/detail/visualization__type_support.hpp
[220.508s] -- Installing: /home/jack/ros2_homework_advanced/install/fsd_common_msgs/include/fsd_common_msgs/fsd_common_msgs/msg/detail/trajectory_point__struct.hpp
[220.511s] -- Installing: /home/jack/ros2_homework_advanced/install/fsd_common_msgs/include/fsd_common_msgs/fsd_common_msgs/msg/detail/mission__builder.hpp
[220.511s] -- Installing: /home/jack/ros2_homework_advanced/install/fsd_common_msgs/include/fsd_common_msgs/fsd_common_msgs/msg/detail/map__traits.hpp
[220.512s] -- Installing: /home/jack/ros2_homework_advanced/install/fsd_common_msgs/include/fsd_common_msgs/fsd_common_msgs/msg/detail/can_frames__builder.hpp
[220.512s] -- Installing: /home/jack/ros2_homework_advanced/install/fsd_common_msgs/include/fsd_common_msgs/fsd_common_msgs/msg/detail/res_and_ami__struct.hpp
[220.512s] -- Installing: /home/jack/ros2_homework_advanced/install/fsd_common_msgs/include/fsd_common_msgs/fsd_common_msgs/msg/detail/cone_dbscan__traits.hpp
[220.514s] -- Installing: /home/jack/ros2_homework_advanced/install/fsd_common_msgs/include/fsd_common_msgs/fsd_common_msgs/msg/detail/can_frames__type_support.hpp
[220.514s] -- Installing: /home/jack/ros2_homework_advanced/install/fsd_common_msgs/include/fsd_common_msgs/fsd_common_msgs/msg/detail/visualization__struct.hpp
[220.514s] -- Installing: /home/jack/ros2_homework_advanced/install/fsd_common_msgs/include/fsd_common_msgs/fsd_common_msgs/msg/detail/yolo_cone_track__struct.hpp
[220.514s] -- Installing: /home/jack/ros2_homework_advanced/install/fsd_common_msgs/include/fsd_common_msgs/fsd_common_msgs/msg/detail/driving_dynamics__traits.hpp
[220.515s] -- Installing: /home/jack/ros2_homework_advanced/install/fsd_common_msgs/include/fsd_common_msgs/fsd_common_msgs/msg/detail/mission__traits.hpp
[220.515s] -- Installing: /home/jack/ros2_homework_advanced/install/fsd_common_msgs/include/fsd_common_msgs/fsd_common_msgs/msg/detail/mission__type_support.hpp
[220.515s] -- Installing: /home/jack/ros2_homework_advanced/install/fsd_common_msgs/include/fsd_common_msgs/fsd_common_msgs/msg/detail/asensing_message__type_support.hpp
[220.517s] -- Installing: /home/jack/ros2_homework_advanced/install/fsd_common_msgs/include/fsd_common_msgs/fsd_common_msgs/msg/detail/yolo_cone_detections_track__type_support.hpp
[220.518s] -- Installing: /home/jack/ros2_homework_advanced/install/fsd_common_msgs/include/fsd_common_msgs/fsd_common_msgs/msg/detail/asensing_message__struct.hpp
[220.518s] -- Installing: /home/jack/ros2_homework_advanced/install/fsd_common_msgs/include/fsd_common_msgs/fsd_common_msgs/msg/detail/remote_control_command__traits.hpp
[220.518s] -- Installing: /home/jack/ros2_homework_advanced/install/fsd_common_msgs/include/fsd_common_msgs/fsd_common_msgs/msg/detail/skidpad_global_center_line__builder.hpp
[220.518s] -- Installing: /home/jack/ros2_homework_advanced/install/fsd_common_msgs/include/fsd_common_msgs/fsd_common_msgs/msg/detail/track__type_support.hpp
[220.518s] -- Installing: /home/jack/ros2_homework_advanced/install/fsd_common_msgs/include/fsd_common_msgs/fsd_common_msgs/msg/detail/visualization__builder.hpp
[220.518s] -- Installing: /home/jack/ros2_homework_advanced/install/fsd_common_msgs/include/fsd_common_msgs/fsd_common_msgs/msg/detail/echiev_message__struct.hpp
[220.518s] -- Installing: /home/jack/ros2_homework_advanced/install/fsd_common_msgs/include/fsd_common_msgs/fsd_common_msgs/msg/detail/trajectory_point__type_support.hpp
[220.519s] -- Installing: /home/jack/ros2_homework_advanced/install/fsd_common_msgs/include/fsd_common_msgs/fsd_common_msgs/msg/detail/cone__struct.hpp
[220.521s] -- Installing: /home/jack/ros2_homework_advanced/install/fsd_common_msgs/include/fsd_common_msgs/fsd_common_msgs/msg/detail/yolo_cone_detections__type_support.hpp
[220.521s] -- Installing: /home/jack/ros2_homework_advanced/install/fsd_common_msgs/include/fsd_common_msgs/fsd_common_msgs/msg/detail/feedback__builder.hpp
[220.522s] -- Installing: /home/jack/ros2_homework_advanced/install/fsd_common_msgs/include/fsd_common_msgs/fsd_common_msgs/msg/detail/driving_dynamics__builder.hpp
[220.522s] -- Installing: /home/jack/ros2_homework_advanced/install/fsd_common_msgs/include/fsd_common_msgs/fsd_common_msgs/msg/detail/decision_flag__traits.hpp
[220.524s] -- Installing: /home/jack/ros2_homework_advanced/install/fsd_common_msgs/include/fsd_common_msgs/fsd_common_msgs/msg/detail/yolo_cone__builder.hpp
[220.525s] -- Installing: /home/jack/ros2_homework_advanced/install/fsd_common_msgs/include/fsd_common_msgs/fsd_common_msgs/msg/detail/car_state__builder.hpp
[220.527s] -- Installing: /home/jack/ros2_homework_advanced/install/fsd_common_msgs/include/fsd_common_msgs/fsd_common_msgs/msg/detail/yolo_cone_detections_track__traits.hpp
[220.528s] -- Installing: /home/jack/ros2_homework_advanced/install/fsd_common_msgs/include/fsd_common_msgs/fsd_common_msgs/msg/detail/cone_detections_dbscan__builder.hpp
[220.530s] -- Installing: /home/jack/ros2_homework_advanced/install/fsd_common_msgs/include/fsd_common_msgs/fsd_common_msgs/msg/detail/car_state_dt__type_support.hpp
[220.530s] -- Installing: /home/jack/ros2_homework_advanced/install/fsd_common_msgs/include/fsd_common_msgs/fsd_common_msgs/msg/detail/car_state__struct.hpp
[220.532s] -- Installing: /home/jack/ros2_homework_advanced/install/fsd_common_msgs/include/fsd_common_msgs/fsd_common_msgs/msg/detail/can_frames__struct.hpp
[220.532s] -- Installing: /home/jack/ros2_homework_advanced/install/fsd_common_msgs/include/fsd_common_msgs/fsd_common_msgs/msg/detail/yolo_cone_detections__builder.hpp
[220.532s] -- Installing: /home/jack/ros2_homework_advanced/install/fsd_common_msgs/include/fsd_common_msgs/fsd_common_msgs/msg/detail/feedback__traits.hpp
[220.534s] -- Installing: /home/jack/ros2_homework_advanced/install/fsd_common_msgs/include/fsd_common_msgs/fsd_common_msgs/msg/detail/skidpad_global_center_line__type_support.hpp
[220.535s] -- Installing: /home/jack/ros2_homework_advanced/install/fsd_common_msgs/include/fsd_common_msgs/fsd_common_msgs/msg/detail/feedback__type_support.hpp
[220.535s] -- Installing: /home/jack/ros2_homework_advanced/install/fsd_common_msgs/include/fsd_common_msgs/fsd_common_msgs/msg/detail/cone_detections_dbscan__type_support.hpp
[220.535s] -- Installing: /home/jack/ros2_homework_advanced/install/fsd_common_msgs/include/fsd_common_msgs/fsd_common_msgs/msg/detail/cone_dbscan__struct.hpp
[220.536s] -- Installing: /home/jack/ros2_homework_advanced/install/fsd_common_msgs/include/fsd_common_msgs/fsd_common_msgs/msg/detail/yolo_cone_detections__traits.hpp
[220.536s] -- Installing: /home/jack/ros2_homework_advanced/install/fsd_common_msgs/include/fsd_common_msgs/fsd_common_msgs/msg/detail/yolo_cone_track__builder.hpp
[220.536s] -- Installing: /home/jack/ros2_homework_advanced/install/fsd_common_msgs/include/fsd_common_msgs/fsd_common_msgs/msg/detail/yolo_cone_track__type_support.hpp
[220.538s] -- Installing: /home/jack/ros2_homework_advanced/install/fsd_common_msgs/include/fsd_common_msgs/fsd_common_msgs/msg/detail/cone_detections__traits.hpp
[220.538s] -- Installing: /home/jack/ros2_homework_advanced/install/fsd_common_msgs/include/fsd_common_msgs/fsd_common_msgs/msg/detail/remote_control_command__builder.hpp
[220.538s] -- Installing: /home/jack/ros2_homework_advanced/install/fsd_common_msgs/include/fsd_common_msgs/fsd_common_msgs/msg/detail/ins_delta__builder.hpp
[220.538s] -- Installing: /home/jack/ros2_homework_advanced/install/fsd_common_msgs/include/fsd_common_msgs/fsd_common_msgs/msg/detail/res_and_ami__traits.hpp
[220.538s] -- Installing: /home/jack/ros2_homework_advanced/install/fsd_common_msgs/include/fsd_common_msgs/fsd_common_msgs/msg/detail/feedback__struct.hpp
[220.538s] -- Installing: /home/jack/ros2_homework_advanced/install/fsd_common_msgs/include/fsd_common_msgs/fsd_common_msgs/msg/detail/cone_detections__struct.hpp
[220.538s] -- Installing: /home/jack/ros2_homework_advanced/install/fsd_common_msgs/include/fsd_common_msgs/fsd_common_msgs/msg/detail/res_and_ami__type_support.hpp
[220.539s] -- Installing: /home/jack/ros2_homework_advanced/install/fsd_common_msgs/include/fsd_common_msgs/fsd_common_msgs/msg/detail/ins_delta__traits.hpp
[220.539s] -- Installing: /home/jack/ros2_homework_advanced/install/fsd_common_msgs/include/fsd_common_msgs/fsd_common_msgs/msg/detail/asensing_message__traits.hpp
[220.539s] -- Installing: /home/jack/ros2_homework_advanced/install/fsd_common_msgs/include/fsd_common_msgs/fsd_common_msgs/msg/detail/remote_control_command__struct.hpp
[220.541s] -- Installing: /home/jack/ros2_homework_advanced/install/fsd_common_msgs/include/fsd_common_msgs/fsd_common_msgs/msg/detail/decision_flag__struct.hpp
[220.541s] -- Installing: /home/jack/ros2_homework_advanced/install/fsd_common_msgs/include/fsd_common_msgs/fsd_common_msgs/msg/detail/time__type_support.hpp
[220.541s] -- Installing: /home/jack/ros2_homework_advanced/install/fsd_common_msgs/include/fsd_common_msgs/fsd_common_msgs/msg/detail/ins_delta__type_support.hpp
[220.541s] -- Installing: /home/jack/ros2_homework_advanced/install/fsd_common_msgs/include/fsd_common_msgs/fsd_common_msgs/msg/detail/echiev_message__builder.hpp
[220.542s] -- Installing: /home/jack/ros2_homework_advanced/install/fsd_common_msgs/include/fsd_common_msgs/fsd_common_msgs/msg/detail/car_state_dt__struct.hpp
[220.542s] -- Installing: /home/jack/ros2_homework_advanced/install/fsd_common_msgs/include/fsd_common_msgs/fsd_common_msgs/msg/detail/control_command__type_support.hpp
[220.542s] -- Installing: /home/jack/ros2_homework_advanced/install/fsd_common_msgs/include/fsd_common_msgs/fsd_common_msgs/msg/detail/res_and_ami__builder.hpp
[220.542s] -- Installing: /home/jack/ros2_homework_advanced/install/fsd_common_msgs/include/fsd_common_msgs/fsd_common_msgs/msg/detail/track__traits.hpp
[220.542s] -- Installing: /home/jack/ros2_homework_advanced/install/fsd_common_msgs/include/fsd_common_msgs/fsd_common_msgs/msg/skidpad_global_center_line.hpp
[220.542s] -- Installing: /home/jack/ros2_homework_advanced/install/fsd_common_msgs/include/fsd_common_msgs/fsd_common_msgs/msg/as_state.hpp
[220.542s] -- Installing: /home/jack/ros2_homework_advanced/install/fsd_common_msgs/include/fsd_common_msgs/fsd_common_msgs/msg/remote_control_command.hpp
[220.543s] -- Installing: /home/jack/ros2_homework_advanced/install/fsd_common_msgs/include/fsd_common_msgs/fsd_common_msgs/msg/mission.hpp
[220.543s] -- Installing: /home/jack/ros2_homework_advanced/install/fsd_common_msgs/include/fsd_common_msgs/fsd_common_msgs/msg/visualization.hpp
[220.543s] -- Installing: /home/jack/ros2_homework_advanced/install/fsd_common_msgs/include/fsd_common_msgs/fsd_common_msgs/msg/cone.hpp
[220.546s] -- Installing: /home/jack/ros2_homework_advanced/install/fsd_common_msgs/include/fsd_common_msgs/fsd_common_msgs/msg/yolo_cone_detections.hpp
[220.546s] -- Installing: /home/jack/ros2_homework_advanced/install/fsd_common_msgs/include/fsd_common_msgs/fsd_common_msgs/msg/track.hpp
[220.546s] -- Installing: /home/jack/ros2_homework_advanced/install/fsd_common_msgs/include/fsd_common_msgs/fsd_common_msgs/msg/yolo_cone_track.hpp
[220.546s] -- Installing: /home/jack/ros2_homework_advanced/install/fsd_common_msgs/include/fsd_common_msgs/fsd_common_msgs/msg/feedback.hpp
[220.546s] -- Installing: /home/jack/ros2_homework_advanced/install/fsd_common_msgs/include/fsd_common_msgs/fsd_common_msgs/msg/driving_dynamics.hpp
[220.547s] -- Installing: /home/jack/ros2_homework_advanced/install/fsd_common_msgs/include/fsd_common_msgs/fsd_common_msgs/msg/time.hpp
[220.547s] -- Installing: /home/jack/ros2_homework_advanced/install/fsd_common_msgs/include/fsd_common_msgs/fsd_common_msgs/msg/asensing_message.hpp
[220.547s] -- Installing: /home/jack/ros2_homework_advanced/install/fsd_common_msgs/include/fsd_common_msgs/fsd_common_msgs/msg/map.hpp
[220.547s] -- Installing: /home/jack/ros2_homework_advanced/install/fsd_common_msgs/include/fsd_common_msgs/fsd_common_msgs/msg/res_and_ami.hpp
[220.547s] -- Installing: /home/jack/ros2_homework_advanced/install/fsd_common_msgs/include/fsd_common_msgs/fsd_common_msgs/msg/can_frames.hpp
[220.547s] -- Up-to-date: /home/jack/ros2_homework_advanced/install/fsd_common_msgs/include/fsd_common_msgs/fsd_common_msgs
[220.547s] -- Up-to-date: /home/jack/ros2_homework_advanced/install/fsd_common_msgs/include/fsd_common_msgs/fsd_common_msgs/msg
[220.547s] -- Up-to-date: /home/jack/ros2_homework_advanced/install/fsd_common_msgs/include/fsd_common_msgs/fsd_common_msgs/msg/detail
[220.548s] -- Installing: /home/jack/ros2_homework_advanced/install/fsd_common_msgs/include/fsd_common_msgs/fsd_common_msgs/msg/detail/as_state__rosidl_typesupport_fastrtps_cpp.hpp
[220.548s] -- Installing: /home/jack/ros2_homework_advanced/install/fsd_common_msgs/include/fsd_common_msgs/fsd_common_msgs/msg/detail/res_and_ami__rosidl_typesupport_fastrtps_cpp.hpp
[220.549s] -- Installing: /home/jack/ros2_homework_advanced/install/fsd_common_msgs/include/fsd_common_msgs/fsd_common_msgs/msg/detail/cone_detections__rosidl_typesupport_fastrtps_cpp.hpp
[220.549s] -- Installing: /home/jack/ros2_homework_advanced/install/fsd_common_msgs/include/fsd_common_msgs/fsd_common_msgs/msg/detail/map__rosidl_typesupport_fastrtps_cpp.hpp
[220.550s] -- Installing: /home/jack/ros2_homework_advanced/install/fsd_common_msgs/include/fsd_common_msgs/fsd_common_msgs/msg/detail/feedback__rosidl_typesupport_fastrtps_cpp.hpp
[220.550s] -- Installing: /home/jack/ros2_homework_advanced/install/fsd_common_msgs/include/fsd_common_msgs/fsd_common_msgs/msg/detail/can_frames__rosidl_typesupport_fastrtps_cpp.hpp
[220.550s] -- Installing: /home/jack/ros2_homework_advanced/install/fsd_common_msgs/include/fsd_common_msgs/fsd_common_msgs/msg/detail/remote_control_command__rosidl_typesupport_fastrtps_cpp.hpp
[220.550s] -- Installing: /home/jack/ros2_homework_advanced/install/fsd_common_msgs/include/fsd_common_msgs/fsd_common_msgs/msg/detail/mission__rosidl_typesupport_fastrtps_cpp.hpp
[220.550s] -- Installing: /home/jack/ros2_homework_advanced/install/fsd_common_msgs/include/fsd_common_msgs/fsd_common_msgs/msg/detail/ins_delta__rosidl_typesupport_fastrtps_cpp.hpp
[220.550s] -- Installing: /home/jack/ros2_homework_advanced/install/fsd_common_msgs/include/fsd_common_msgs/fsd_common_msgs/msg/detail/yolo_cone_track__rosidl_typesupport_fastrtps_cpp.hpp
[220.551s] -- Installing: /home/jack/ros2_homework_advanced/install/fsd_common_msgs/include/fsd_common_msgs/fsd_common_msgs/msg/detail/echiev_message__rosidl_typesupport_fastrtps_cpp.hpp
[220.551s] -- Installing: /home/jack/ros2_homework_advanced/install/fsd_common_msgs/include/fsd_common_msgs/fsd_common_msgs/msg/detail/car_state_dt__rosidl_typesupport_fastrtps_cpp.hpp
[220.551s] -- Installing: /home/jack/ros2_homework_advanced/install/fsd_common_msgs/include/fsd_common_msgs/fsd_common_msgs/msg/detail/track__rosidl_typesupport_fastrtps_cpp.hpp
[220.551s] -- Installing: /home/jack/ros2_homework_advanced/install/fsd_common_msgs/include/fsd_common_msgs/fsd_common_msgs/msg/detail/cone__rosidl_typesupport_fastrtps_cpp.hpp
[220.551s] -- Installing: /home/jack/ros2_homework_advanced/install/fsd_common_msgs/include/fsd_common_msgs/fsd_common_msgs/msg/detail/cone_dbscan__rosidl_typesupport_fastrtps_cpp.hpp
[220.551s] -- Installing: /home/jack/ros2_homework_advanced/install/fsd_common_msgs/include/fsd_common_msgs/fsd_common_msgs/msg/detail/cone_detections_dbscan__rosidl_typesupport_fastrtps_cpp.hpp
[220.551s] -- Installing: /home/jack/ros2_homework_advanced/install/fsd_common_msgs/include/fsd_common_msgs/fsd_common_msgs/msg/detail/asensing_message__rosidl_typesupport_fastrtps_cpp.hpp
[220.552s] -- Installing: /home/jack/ros2_homework_advanced/install/fsd_common_msgs/include/fsd_common_msgs/fsd_common_msgs/msg/detail/yolo_cone_detections_track__rosidl_typesupport_fastrtps_cpp.hpp
[220.552s] -- Installing: /home/jack/ros2_homework_advanced/install/fsd_common_msgs/include/fsd_common_msgs/fsd_common_msgs/msg/detail/dds_fastrtps
[220.552s] -- Installing: /home/jack/ros2_homework_advanced/install/fsd_common_msgs/include/fsd_common_msgs/fsd_common_msgs/msg/detail/time__rosidl_typesupport_fastrtps_cpp.hpp
[220.552s] -- Installing: /home/jack/ros2_homework_advanced/install/fsd_common_msgs/include/fsd_common_msgs/fsd_common_msgs/msg/detail/driving_dynamics__rosidl_typesupport_fastrtps_cpp.hpp
[220.552s] -- Installing: /home/jack/ros2_homework_advanced/install/fsd_common_msgs/include/fsd_common_msgs/fsd_common_msgs/msg/detail/trajectory_point__rosidl_typesupport_fastrtps_cpp.hpp
[220.552s] -- Installing: /home/jack/ros2_homework_advanced/install/fsd_common_msgs/include/fsd_common_msgs/fsd_common_msgs/msg/detail/visualization__rosidl_typesupport_fastrtps_cpp.hpp
[220.552s] -- Installing: /home/jack/ros2_homework_advanced/install/fsd_common_msgs/include/fsd_common_msgs/fsd_common_msgs/msg/detail/car_state__rosidl_typesupport_fastrtps_cpp.hpp
[220.553s] -- Installing: /home/jack/ros2_homework_advanced/install/fsd_common_msgs/include/fsd_common_msgs/fsd_common_msgs/msg/detail/yolo_cone_detections__rosidl_typesupport_fastrtps_cpp.hpp
[220.553s] -- Installing: /home/jack/ros2_homework_advanced/install/fsd_common_msgs/include/fsd_common_msgs/fsd_common_msgs/msg/detail/decision_flag__rosidl_typesupport_fastrtps_cpp.hpp
[220.553s] -- Installing: /home/jack/ros2_homework_advanced/install/fsd_common_msgs/include/fsd_common_msgs/fsd_common_msgs/msg/detail/skidpad_global_center_line__rosidl_typesupport_fastrtps_cpp.hpp
[220.553s] -- Installing: /home/jack/ros2_homework_advanced/install/fsd_common_msgs/include/fsd_common_msgs/fsd_common_msgs/msg/detail/yolo_cone__rosidl_typesupport_fastrtps_cpp.hpp
[220.553s] -- Installing: /home/jack/ros2_homework_advanced/install/fsd_common_msgs/include/fsd_common_msgs/fsd_common_msgs/msg/detail/control_command__rosidl_typesupport_fastrtps_cpp.hpp
[220.553s] -- Installing: /home/jack/ros2_homework_advanced/install/fsd_common_msgs/include/fsd_common_msgs/fsd_common_msgs/msg/rosidl_typesupport_fastrtps_cpp__visibility_control.h
[220.553s] -- Installing: /home/jack/ros2_homework_advanced/install/fsd_common_msgs/lib/libfsd_common_msgs__rosidl_typesupport_fastrtps_cpp.so
[220.554s] -- Set runtime path of "/home/jack/ros2_homework_advanced/install/fsd_common_msgs/lib/libfsd_common_msgs__rosidl_typesupport_fastrtps_cpp.so" to ""
[220.554s] -- Up-to-date: /home/jack/ros2_homework_advanced/install/fsd_common_msgs/include/fsd_common_msgs/fsd_common_msgs
[220.554s] -- Up-to-date: /home/jack/ros2_homework_advanced/install/fsd_common_msgs/include/fsd_common_msgs/fsd_common_msgs/msg
[220.554s] -- Up-to-date: /home/jack/ros2_homework_advanced/install/fsd_common_msgs/include/fsd_common_msgs/fsd_common_msgs/msg/detail
[220.554s] -- Installing: /home/jack/ros2_homework_advanced/install/fsd_common_msgs/include/fsd_common_msgs/fsd_common_msgs/msg/detail/decision_flag__type_support.cpp
[220.554s] -- Installing: /home/jack/ros2_homework_advanced/install/fsd_common_msgs/include/fsd_common_msgs/fsd_common_msgs/msg/detail/yolo_cone_detections__rosidl_typesupport_introspection_cpp.hpp
[220.554s] -- Installing: /home/jack/ros2_homework_advanced/install/fsd_common_msgs/include/fsd_common_msgs/fsd_common_msgs/msg/detail/visualization__type_support.cpp
[220.555s] -- Installing: /home/jack/ros2_homework_advanced/install/fsd_common_msgs/include/fsd_common_msgs/fsd_common_msgs/msg/detail/mission__rosidl_typesupport_introspection_cpp.hpp
[220.555s] -- Installing: /home/jack/ros2_homework_advanced/install/fsd_common_msgs/include/fsd_common_msgs/fsd_common_msgs/msg/detail/cone__type_support.cpp
[220.555s] -- Installing: /home/jack/ros2_homework_advanced/install/fsd_common_msgs/include/fsd_common_msgs/fsd_common_msgs/msg/detail/track__type_support.cpp
[220.556s] -- Installing: /home/jack/ros2_homework_advanced/install/fsd_common_msgs/include/fsd_common_msgs/fsd_common_msgs/msg/detail/yolo_cone__type_support.cpp
[220.556s] -- Installing: /home/jack/ros2_homework_advanced/install/fsd_common_msgs/include/fsd_common_msgs/fsd_common_msgs/msg/detail/driving_dynamics__type_support.cpp
[220.556s] -- Installing: /home/jack/ros2_homework_advanced/install/fsd_common_msgs/include/fsd_common_msgs/fsd_common_msgs/msg/detail/control_command__type_support.cpp
[220.556s] -- Installing: /home/jack/ros2_homework_advanced/install/fsd_common_msgs/include/fsd_common_msgs/fsd_common_msgs/msg/detail/track__rosidl_typesupport_introspection_cpp.hpp
[220.556s] -- Installing: /home/jack/ros2_homework_advanced/install/fsd_common_msgs/include/fsd_common_msgs/fsd_common_msgs/msg/detail/yolo_cone_track__type_support.cpp
[220.556s] -- Installing: /home/jack/ros2_homework_advanced/install/fsd_common_msgs/include/fsd_common_msgs/fsd_common_msgs/msg/detail/car_state__rosidl_typesupport_introspection_cpp.hpp
[220.556s] -- Installing: /home/jack/ros2_homework_advanced/install/fsd_common_msgs/include/fsd_common_msgs/fsd_common_msgs/msg/detail/yolo_cone_detections_track__type_support.cpp
[220.557s] -- Installing: /home/jack/ros2_homework_advanced/install/fsd_common_msgs/include/fsd_common_msgs/fsd_common_msgs/msg/detail/yolo_cone__rosidl_typesupport_introspection_cpp.hpp
[220.557s] -- Installing: /home/jack/ros2_homework_advanced/install/fsd_common_msgs/include/fsd_common_msgs/fsd_common_msgs/msg/detail/cone_detections_dbscan__type_support.cpp
[220.557s] -- Installing: /home/jack/ros2_homework_advanced/install/fsd_common_msgs/include/fsd_common_msgs/fsd_common_msgs/msg/detail/cone_detections_dbscan__rosidl_typesupport_introspection_cpp.hpp
[220.558s] -- Installing: /home/jack/ros2_homework_advanced/install/fsd_common_msgs/include/fsd_common_msgs/fsd_common_msgs/msg/detail/cone_detections__type_support.cpp
[220.558s] -- Installing: /home/jack/ros2_homework_advanced/install/fsd_common_msgs/include/fsd_common_msgs/fsd_common_msgs/msg/detail/skidpad_global_center_line__type_support.cpp
[220.558s] -- Installing: /home/jack/ros2_homework_advanced/install/fsd_common_msgs/include/fsd_common_msgs/fsd_common_msgs/msg/detail/as_state__rosidl_typesupport_introspection_cpp.hpp
[220.558s] -- Installing: /home/jack/ros2_homework_advanced/install/fsd_common_msgs/include/fsd_common_msgs/fsd_common_msgs/msg/detail/cone_dbscan__rosidl_typesupport_introspection_cpp.hpp
[220.558s] -- Installing: /home/jack/ros2_homework_advanced/install/fsd_common_msgs/include/fsd_common_msgs/fsd_common_msgs/msg/detail/map__rosidl_typesupport_introspection_cpp.hpp
[220.559s] -- Installing: /home/jack/ros2_homework_advanced/install/fsd_common_msgs/include/fsd_common_msgs/fsd_common_msgs/msg/detail/asensing_message__rosidl_typesupport_introspection_cpp.hpp
[220.559s] -- Installing: /home/jack/ros2_homework_advanced/install/fsd_common_msgs/include/fsd_common_msgs/fsd_common_msgs/msg/detail/asensing_message__type_support.cpp
[220.559s] -- Installing: /home/jack/ros2_homework_advanced/install/fsd_common_msgs/include/fsd_common_msgs/fsd_common_msgs/msg/detail/can_frames__rosidl_typesupport_introspection_cpp.hpp
[220.559s] -- Installing: /home/jack/ros2_homework_advanced/install/fsd_common_msgs/include/fsd_common_msgs/fsd_common_msgs/msg/detail/ins_delta__rosidl_typesupport_introspection_cpp.hpp
[220.559s] -- Installing: /home/jack/ros2_homework_advanced/install/fsd_common_msgs/include/fsd_common_msgs/fsd_common_msgs/msg/detail/feedback__rosidl_typesupport_introspection_cpp.hpp
[220.559s] -- Installing: /home/jack/ros2_homework_advanced/install/fsd_common_msgs/include/fsd_common_msgs/fsd_common_msgs/msg/detail/cone_detections__rosidl_typesupport_introspection_cpp.hpp
[220.560s] -- Installing: /home/jack/ros2_homework_advanced/install/fsd_common_msgs/include/fsd_common_msgs/fsd_common_msgs/msg/detail/map__type_support.cpp
[220.560s] -- Installing: /home/jack/ros2_homework_advanced/install/fsd_common_msgs/include/fsd_common_msgs/fsd_common_msgs/msg/detail/car_state_dt__rosidl_typesupport_introspection_cpp.hpp
[220.560s] -- Installing: /home/jack/ros2_homework_advanced/install/fsd_common_msgs/include/fsd_common_msgs/fsd_common_msgs/msg/detail/res_and_ami__rosidl_typesupport_introspection_cpp.hpp
[220.560s] -- Installing: /home/jack/ros2_homework_advanced/install/fsd_common_msgs/include/fsd_common_msgs/fsd_common_msgs/msg/detail/time__type_support.cpp
[220.560s] -- Installing: /home/jack/ros2_homework_advanced/install/fsd_common_msgs/include/fsd_common_msgs/fsd_common_msgs/msg/detail/remote_control_command__rosidl_typesupport_introspection_cpp.hpp
[220.560s] -- Installing: /home/jack/ros2_homework_advanced/install/fsd_common_msgs/include/fsd_common_msgs/fsd_common_msgs/msg/detail/mission__type_support.cpp
[220.560s] -- Installing: /home/jack/ros2_homework_advanced/install/fsd_common_msgs/include/fsd_common_msgs/fsd_common_msgs/msg/detail/yolo_cone_detections__type_support.cpp
[220.561s] -- Installing: /home/jack/ros2_homework_advanced/install/fsd_common_msgs/include/fsd_common_msgs/fsd_common_msgs/msg/detail/cone__rosidl_typesupport_introspection_cpp.hpp
[220.561s] -- Installing: /home/jack/ros2_homework_advanced/install/fsd_common_msgs/include/fsd_common_msgs/fsd_common_msgs/msg/detail/car_state_dt__type_support.cpp
[220.561s] -- Installing: /home/jack/ros2_homework_advanced/install/fsd_common_msgs/include/fsd_common_msgs/fsd_common_msgs/msg/detail/visualization__rosidl_typesupport_introspection_cpp.hpp
[220.561s] -- Installing: /home/jack/ros2_homework_advanced/install/fsd_common_msgs/include/fsd_common_msgs/fsd_common_msgs/msg/detail/as_state__type_support.cpp
[220.561s] -- Installing: /home/jack/ros2_homework_advanced/install/fsd_common_msgs/include/fsd_common_msgs/fsd_common_msgs/msg/detail/can_frames__type_support.cpp
[220.561s] -- Installing: /home/jack/ros2_homework_advanced/install/fsd_common_msgs/include/fsd_common_msgs/fsd_common_msgs/msg/detail/yolo_cone_detections_track__rosidl_typesupport_introspection_cpp.hpp
[220.561s] -- Installing: /home/jack/ros2_homework_advanced/install/fsd_common_msgs/include/fsd_common_msgs/fsd_common_msgs/msg/detail/skidpad_global_center_line__rosidl_typesupport_introspection_cpp.hpp
[220.562s] -- Installing: /home/jack/ros2_homework_advanced/install/fsd_common_msgs/include/fsd_common_msgs/fsd_common_msgs/msg/detail/res_and_ami__type_support.cpp
[220.562s] -- Installing: /home/jack/ros2_homework_advanced/install/fsd_common_msgs/include/fsd_common_msgs/fsd_common_msgs/msg/detail/echiev_message__type_support.cpp
[220.562s] -- Installing: /home/jack/ros2_homework_advanced/install/fsd_common_msgs/include/fsd_common_msgs/fsd_common_msgs/msg/detail/echiev_message__rosidl_typesupport_introspection_cpp.hpp
[220.562s] -- Installing: /home/jack/ros2_homework_advanced/install/fsd_common_msgs/include/fsd_common_msgs/fsd_common_msgs/msg/detail/car_state__type_support.cpp
[220.562s] -- Installing: /home/jack/ros2_homework_advanced/install/fsd_common_msgs/include/fsd_common_msgs/fsd_common_msgs/msg/detail/control_command__rosidl_typesupport_introspection_cpp.hpp
[220.562s] -- Installing: /home/jack/ros2_homework_advanced/install/fsd_common_msgs/include/fsd_common_msgs/fsd_common_msgs/msg/detail/driving_dynamics__rosidl_typesupport_introspection_cpp.hpp
[220.563s] -- Installing: /home/jack/ros2_homework_advanced/install/fsd_common_msgs/include/fsd_common_msgs/fsd_common_msgs/msg/detail/remote_control_command__type_support.cpp
[220.563s] -- Installing: /home/jack/ros2_homework_advanced/install/fsd_common_msgs/include/fsd_common_msgs/fsd_common_msgs/msg/detail/trajectory_point__rosidl_typesupport_introspection_cpp.hpp
[220.563s] -- Installing: /home/jack/ros2_homework_advanced/install/fsd_common_msgs/include/fsd_common_msgs/fsd_common_msgs/msg/detail/time__rosidl_typesupport_introspection_cpp.hpp
[220.563s] -- Installing: /home/jack/ros2_homework_advanced/install/fsd_common_msgs/include/fsd_common_msgs/fsd_common_msgs/msg/detail/yolo_cone_track__rosidl_typesupport_introspection_cpp.hpp
[220.563s] -- Installing: /home/jack/ros2_homework_advanced/install/fsd_common_msgs/include/fsd_common_msgs/fsd_common_msgs/msg/detail/feedback__type_support.cpp
[220.563s] -- Installing: /home/jack/ros2_homework_advanced/install/fsd_common_msgs/include/fsd_common_msgs/fsd_common_msgs/msg/detail/cone_dbscan__type_support.cpp
[220.564s] -- Installing: /home/jack/ros2_homework_advanced/install/fsd_common_msgs/include/fsd_common_msgs/fsd_common_msgs/msg/detail/decision_flag__rosidl_typesupport_introspection_cpp.hpp
[220.564s] -- Installing: /home/jack/ros2_homework_advanced/install/fsd_common_msgs/include/fsd_common_msgs/fsd_common_msgs/msg/detail/ins_delta__type_support.cpp
[220.564s] -- Installing: /home/jack/ros2_homework_advanced/install/fsd_common_msgs/include/fsd_common_msgs/fsd_common_msgs/msg/detail/trajectory_point__type_support.cpp
[220.564s] -- Installing: /home/jack/ros2_homework_advanced/install/fsd_common_msgs/lib/libfsd_common_msgs__rosidl_typesupport_introspection_cpp.so
[220.564s] -- Set runtime path of "/home/jack/ros2_homework_advanced/install/fsd_common_msgs/lib/libfsd_common_msgs__rosidl_typesupport_introspection_cpp.so" to ""
[220.564s] -- Installing: /home/jack/ros2_homework_advanced/install/fsd_common_msgs/lib/libfsd_common_msgs__rosidl_typesupport_cpp.so
[220.564s] -- Set runtime path of "/home/jack/ros2_homework_advanced/install/fsd_common_msgs/lib/libfsd_common_msgs__rosidl_typesupport_cpp.so" to ""
[220.564s] -- Installing: /home/jack/ros2_homework_advanced/install/fsd_common_msgs/share/fsd_common_msgs/environment/pythonpath.sh
[220.565s] -- Installing: /home/jack/ros2_homework_advanced/install/fsd_common_msgs/share/fsd_common_msgs/environment/pythonpath.dsv
[220.565s] -- Installing: /home/jack/ros2_homework_advanced/install/fsd_common_msgs/local/lib/python3.10/dist-packages/fsd_common_msgs-0.0.0-py3.10.egg-info
[220.565s] -- Installing: /home/jack/ros2_homework_advanced/install/fsd_common_msgs/local/lib/python3.10/dist-packages/fsd_common_msgs-0.0.0-py3.10.egg-info/SOURCES.txt
[220.565s] -- Installing: /home/jack/ros2_homework_advanced/install/fsd_common_msgs/local/lib/python3.10/dist-packages/fsd_common_msgs-0.0.0-py3.10.egg-info/dependency_links.txt
[220.565s] -- Installing: /home/jack/ros2_homework_advanced/install/fsd_common_msgs/local/lib/python3.10/dist-packages/fsd_common_msgs-0.0.0-py3.10.egg-info/PKG-INFO
[220.565s] -- Installing: /home/jack/ros2_homework_advanced/install/fsd_common_msgs/local/lib/python3.10/dist-packages/fsd_common_msgs-0.0.0-py3.10.egg-info/top_level.txt
[220.566s] -- Installing: /home/jack/ros2_homework_advanced/install/fsd_common_msgs/local/lib/python3.10/dist-packages/fsd_common_msgs
[220.566s] -- Installing: /home/jack/ros2_homework_advanced/install/fsd_common_msgs/local/lib/python3.10/dist-packages/fsd_common_msgs/_fsd_common_msgs_s.ep.rosidl_typesupport_c.c
[220.566s] -- Installing: /home/jack/ros2_homework_advanced/install/fsd_common_msgs/local/lib/python3.10/dist-packages/fsd_common_msgs/_fsd_common_msgs_s.ep.rosidl_typesupport_introspection_c.c
[220.567s] -- Installing: /home/jack/ros2_homework_advanced/install/fsd_common_msgs/local/lib/python3.10/dist-packages/fsd_common_msgs/fsd_common_msgs_s__rosidl_typesupport_fastrtps_c.cpython-310-x86_64-linux-gnu.so
[220.567s] -- Installing: /home/jack/ros2_homework_advanced/install/fsd_common_msgs/local/lib/python3.10/dist-packages/fsd_common_msgs/__init__.py
[220.567s] -- Installing: /home/jack/ros2_homework_advanced/install/fsd_common_msgs/local/lib/python3.10/dist-packages/fsd_common_msgs/msg
[220.567s] -- Installing: /home/jack/ros2_homework_advanced/install/fsd_common_msgs/local/lib/python3.10/dist-packages/fsd_common_msgs/msg/_can_frames.py
[220.567s] -- Installing: /home/jack/ros2_homework_advanced/install/fsd_common_msgs/local/lib/python3.10/dist-packages/fsd_common_msgs/msg/_yolo_cone_track_s.c
[220.567s] -- Installing: /home/jack/ros2_homework_advanced/install/fsd_common_msgs/local/lib/python3.10/dist-packages/fsd_common_msgs/msg/_ins_delta.py
[220.567s] -- Installing: /home/jack/ros2_homework_advanced/install/fsd_common_msgs/local/lib/python3.10/dist-packages/fsd_common_msgs/msg/_yolo_cone.py
[220.568s] -- Installing: /home/jack/ros2_homework_advanced/install/fsd_common_msgs/local/lib/python3.10/dist-packages/fsd_common_msgs/msg/_decision_flag.py
[220.568s] -- Installing: /home/jack/ros2_homework_advanced/install/fsd_common_msgs/local/lib/python3.10/dist-packages/fsd_common_msgs/msg/_feedback_s.c
[220.568s] -- Installing: /home/jack/ros2_homework_advanced/install/fsd_common_msgs/local/lib/python3.10/dist-packages/fsd_common_msgs/msg/_ins_delta_s.c
[220.568s] -- Installing: /home/jack/ros2_homework_advanced/install/fsd_common_msgs/local/lib/python3.10/dist-packages/fsd_common_msgs/msg/_cone.py
[220.568s] -- Installing: /home/jack/ros2_homework_advanced/install/fsd_common_msgs/local/lib/python3.10/dist-packages/fsd_common_msgs/msg/_res_and_ami_s.c
[220.568s] -- Installing: /home/jack/ros2_homework_advanced/install/fsd_common_msgs/local/lib/python3.10/dist-packages/fsd_common_msgs/msg/_time_s.c
[220.568s] -- Installing: /home/jack/ros2_homework_advanced/install/fsd_common_msgs/local/lib/python3.10/dist-packages/fsd_common_msgs/msg/_trajectory_point_s.c
[220.569s] -- Installing: /home/jack/ros2_homework_advanced/install/fsd_common_msgs/local/lib/python3.10/dist-packages/fsd_common_msgs/msg/_can_frames_s.c
[220.569s] -- Installing: /home/jack/ros2_homework_advanced/install/fsd_common_msgs/local/lib/python3.10/dist-packages/fsd_common_msgs/msg/_remote_control_command_s.c
[220.569s] -- Installing: /home/jack/ros2_homework_advanced/install/fsd_common_msgs/local/lib/python3.10/dist-packages/fsd_common_msgs/msg/_cone_dbscan_s.c
[220.569s] -- Installing: /home/jack/ros2_homework_advanced/install/fsd_common_msgs/local/lib/python3.10/dist-packages/fsd_common_msgs/msg/_mission_s.c
[220.569s] -- Installing: /home/jack/ros2_homework_advanced/install/fsd_common_msgs/local/lib/python3.10/dist-packages/fsd_common_msgs/msg/__init__.py
[220.569s] -- Installing: /home/jack/ros2_homework_advanced/install/fsd_common_msgs/local/lib/python3.10/dist-packages/fsd_common_msgs/msg/_yolo_cone_detections.py
[220.569s] -- Installing: /home/jack/ros2_homework_advanced/install/fsd_common_msgs/local/lib/python3.10/dist-packages/fsd_common_msgs/msg/_cone_detections_s.c
[220.570s] -- Installing: /home/jack/ros2_homework_advanced/install/fsd_common_msgs/local/lib/python3.10/dist-packages/fsd_common_msgs/msg/_car_state_dt_s.c
[220.570s] -- Installing: /home/jack/ros2_homework_advanced/install/fsd_common_msgs/local/lib/python3.10/dist-packages/fsd_common_msgs/msg/_visualization.py
[220.570s] -- Installing: /home/jack/ros2_homework_advanced/install/fsd_common_msgs/local/lib/python3.10/dist-packages/fsd_common_msgs/msg/_echiev_message_s.c
[220.570s] -- Installing: /home/jack/ros2_homework_advanced/install/fsd_common_msgs/local/lib/python3.10/dist-packages/fsd_common_msgs/msg/_as_state.py
[220.570s] -- Installing: /home/jack/ros2_homework_advanced/install/fsd_common_msgs/local/lib/python3.10/dist-packages/fsd_common_msgs/msg/_driving_dynamics.py
[220.570s] -- Installing: /home/jack/ros2_homework_advanced/install/fsd_common_msgs/local/lib/python3.10/dist-packages/fsd_common_msgs/msg/_trajectory_point.py
[220.570s] -- Installing: /home/jack/ros2_homework_advanced/install/fsd_common_msgs/local/lib/python3.10/dist-packages/fsd_common_msgs/msg/_control_command_s.c
[220.571s] -- Installing: /home/jack/ros2_homework_advanced/install/fsd_common_msgs/local/lib/python3.10/dist-packages/fsd_common_msgs/msg/_visualization_s.c
[220.571s] -- Installing: /home/jack/ros2_homework_advanced/install/fsd_common_msgs/local/lib/python3.10/dist-packages/fsd_common_msgs/msg/_as_state_s.c
[220.571s] -- Installing: /home/jack/ros2_homework_advanced/install/fsd_common_msgs/local/lib/python3.10/dist-packages/fsd_common_msgs/msg/_yolo_cone_detections_s.c
[220.571s] -- Installing: /home/jack/ros2_homework_advanced/install/fsd_common_msgs/local/lib/python3.10/dist-packages/fsd_common_msgs/msg/_track_s.c
[220.571s] -- Installing: /home/jack/ros2_homework_advanced/install/fsd_common_msgs/local/lib/python3.10/dist-packages/fsd_common_msgs/msg/_time.py
[220.571s] -- Installing: /home/jack/ros2_homework_advanced/install/fsd_common_msgs/local/lib/python3.10/dist-packages/fsd_common_msgs/msg/_driving_dynamics_s.c
[220.571s] -- Installing: /home/jack/ros2_homework_advanced/install/fsd_common_msgs/local/lib/python3.10/dist-packages/fsd_common_msgs/msg/_feedback.py
[220.571s] -- Installing: /home/jack/ros2_homework_advanced/install/fsd_common_msgs/local/lib/python3.10/dist-packages/fsd_common_msgs/msg/_track.py
[220.572s] -- Installing: /home/jack/ros2_homework_advanced/install/fsd_common_msgs/local/lib/python3.10/dist-packages/fsd_common_msgs/msg/_res_and_ami.py
[220.572s] -- Installing: /home/jack/ros2_homework_advanced/install/fsd_common_msgs/local/lib/python3.10/dist-packages/fsd_common_msgs/msg/_car_state.py
[220.572s] -- Installing: /home/jack/ros2_homework_advanced/install/fsd_common_msgs/local/lib/python3.10/dist-packages/fsd_common_msgs/msg/_cone_detections.py
[220.572s] -- Installing: /home/jack/ros2_homework_advanced/install/fsd_common_msgs/local/lib/python3.10/dist-packages/fsd_common_msgs/msg/_yolo_cone_track.py
[220.572s] -- Installing: /home/jack/ros2_homework_advanced/install/fsd_common_msgs/local/lib/python3.10/dist-packages/fsd_common_msgs/msg/_asensing_message_s.c
[220.572s] -- Installing: /home/jack/ros2_homework_advanced/install/fsd_common_msgs/local/lib/python3.10/dist-packages/fsd_common_msgs/msg/_skidpad_global_center_line.py
[220.572s] -- Installing: /home/jack/ros2_homework_advanced/install/fsd_common_msgs/local/lib/python3.10/dist-packages/fsd_common_msgs/msg/_car_state_s.c
[220.573s] -- Installing: /home/jack/ros2_homework_advanced/install/fsd_common_msgs/local/lib/python3.10/dist-packages/fsd_common_msgs/msg/_skidpad_global_center_line_s.c
[220.573s] -- Installing: /home/jack/ros2_homework_advanced/install/fsd_common_msgs/local/lib/python3.10/dist-packages/fsd_common_msgs/msg/_remote_control_command.py
[220.573s] -- Installing: /home/jack/ros2_homework_advanced/install/fsd_common_msgs/local/lib/python3.10/dist-packages/fsd_common_msgs/msg/_car_state_dt.py
[220.573s] -- Installing: /home/jack/ros2_homework_advanced/install/fsd_common_msgs/local/lib/python3.10/dist-packages/fsd_common_msgs/msg/_map.py
[220.573s] -- Installing: /home/jack/ros2_homework_advanced/install/fsd_common_msgs/local/lib/python3.10/dist-packages/fsd_common_msgs/msg/_echiev_message.py
[220.573s] -- Installing: /home/jack/ros2_homework_advanced/install/fsd_common_msgs/local/lib/python3.10/dist-packages/fsd_common_msgs/msg/_yolo_cone_s.c
[220.573s] -- Installing: /home/jack/ros2_homework_advanced/install/fsd_common_msgs/local/lib/python3.10/dist-packages/fsd_common_msgs/msg/_yolo_cone_detections_track.py
[220.574s] -- Installing: /home/jack/ros2_homework_advanced/install/fsd_common_msgs/local/lib/python3.10/dist-packages/fsd_common_msgs/msg/_decision_flag_s.c
[220.574s] -- Installing: /home/jack/ros2_homework_advanced/install/fsd_common_msgs/local/lib/python3.10/dist-packages/fsd_common_msgs/msg/_control_command.py
[220.574s] -- Installing: /home/jack/ros2_homework_advanced/install/fsd_common_msgs/local/lib/python3.10/dist-packages/fsd_common_msgs/msg/_yolo_cone_detections_track_s.c
[220.574s] -- Installing: /home/jack/ros2_homework_advanced/install/fsd_common_msgs/local/lib/python3.10/dist-packages/fsd_common_msgs/msg/_cone_detections_dbscan.py
[220.574s] -- Installing: /home/jack/ros2_homework_advanced/install/fsd_common_msgs/local/lib/python3.10/dist-packages/fsd_common_msgs/msg/_map_s.c
[220.574s] -- Installing: /home/jack/ros2_homework_advanced/install/fsd_common_msgs/local/lib/python3.10/dist-packages/fsd_common_msgs/msg/_asensing_message.py
[220.574s] -- Installing: /home/jack/ros2_homework_advanced/install/fsd_common_msgs/local/lib/python3.10/dist-packages/fsd_common_msgs/msg/_mission.py
[220.575s] -- Installing: /home/jack/ros2_homework_advanced/install/fsd_common_msgs/local/lib/python3.10/dist-packages/fsd_common_msgs/msg/_cone_dbscan.py
[220.575s] -- Installing: /home/jack/ros2_homework_advanced/install/fsd_common_msgs/local/lib/python3.10/dist-packages/fsd_common_msgs/msg/_cone_detections_dbscan_s.c
[220.575s] -- Installing: /home/jack/ros2_homework_advanced/install/fsd_common_msgs/local/lib/python3.10/dist-packages/fsd_common_msgs/msg/_cone_s.c
[220.577s] -- Installing: /home/jack/ros2_homework_advanced/install/fsd_common_msgs/local/lib/python3.10/dist-packages/fsd_common_msgs/_fsd_common_msgs_s.ep.rosidl_typesupport_fastrtps_c.c
[220.578s] -- Installing: /home/jack/ros2_homework_advanced/install/fsd_common_msgs/local/lib/python3.10/dist-packages/fsd_common_msgs/fsd_common_msgs_s__rosidl_typesupport_introspection_c.cpython-310-x86_64-linux-gnu.so
[220.578s] -- Installing: /home/jack/ros2_homework_advanced/install/fsd_common_msgs/local/lib/python3.10/dist-packages/fsd_common_msgs/fsd_common_msgs_s__rosidl_typesupport_c.cpython-310-x86_64-linux-gnu.so
[220.578s] -- Installing: /home/jack/ros2_homework_advanced/install/fsd_common_msgs/local/lib/python3.10/dist-packages/fsd_common_msgs/libfsd_common_msgs__rosidl_generator_py.so
[220.799s] Listing '/home/jack/ros2_homework_advanced/install/fsd_common_msgs/local/lib/python3.10/dist-packages/fsd_common_msgs'...
[220.800s] Compiling '/home/jack/ros2_homework_advanced/install/fsd_common_msgs/local/lib/python3.10/dist-packages/fsd_common_msgs/__init__.py'...
[220.800s] Listing '/home/jack/ros2_homework_advanced/install/fsd_common_msgs/local/lib/python3.10/dist-packages/fsd_common_msgs/msg'...
[220.800s] Compiling '/home/jack/ros2_homework_advanced/install/fsd_common_msgs/local/lib/python3.10/dist-packages/fsd_common_msgs/msg/__init__.py'...
[220.801s] Compiling '/home/jack/ros2_homework_advanced/install/fsd_common_msgs/local/lib/python3.10/dist-packages/fsd_common_msgs/msg/_as_state.py'...
[220.801s] Compiling '/home/jack/ros2_homework_advanced/install/fsd_common_msgs/local/lib/python3.10/dist-packages/fsd_common_msgs/msg/_asensing_message.py'...
[220.802s] Compiling '/home/jack/ros2_homework_advanced/install/fsd_common_msgs/local/lib/python3.10/dist-packages/fsd_common_msgs/msg/_can_frames.py'...
[220.802s] Compiling '/home/jack/ros2_homework_advanced/install/fsd_common_msgs/local/lib/python3.10/dist-packages/fsd_common_msgs/msg/_car_state.py'...
[220.802s] Compiling '/home/jack/ros2_homework_advanced/install/fsd_common_msgs/local/lib/python3.10/dist-packages/fsd_common_msgs/msg/_car_state_dt.py'...
[220.802s] Compiling '/home/jack/ros2_homework_advanced/install/fsd_common_msgs/local/lib/python3.10/dist-packages/fsd_common_msgs/msg/_cone.py'...
[220.802s] Compiling '/home/jack/ros2_homework_advanced/install/fsd_common_msgs/local/lib/python3.10/dist-packages/fsd_common_msgs/msg/_cone_dbscan.py'...
[220.803s] Compiling '/home/jack/ros2_homework_advanced/install/fsd_common_msgs/local/lib/python3.10/dist-packages/fsd_common_msgs/msg/_cone_detections.py'...
[220.803s] Compiling '/home/jack/ros2_homework_advanced/install/fsd_common_msgs/local/lib/python3.10/dist-packages/fsd_common_msgs/msg/_cone_detections_dbscan.py'...
[220.806s] Compiling '/home/jack/ros2_homework_advanced/install/fsd_common_msgs/local/lib/python3.10/dist-packages/fsd_common_msgs/msg/_control_command.py'...
[220.806s] Compiling '/home/jack/ros2_homework_advanced/install/fsd_common_msgs/local/lib/python3.10/dist-packages/fsd_common_msgs/msg/_decision_flag.py'...
[220.806s] Compiling '/home/jack/ros2_homework_advanced/install/fsd_common_msgs/local/lib/python3.10/dist-packages/fsd_common_msgs/msg/_driving_dynamics.py'...
[220.807s] Compiling '/home/jack/ros2_homework_advanced/install/fsd_common_msgs/local/lib/python3.10/dist-packages/fsd_common_msgs/msg/_echiev_message.py'...
[220.807s] Compiling '/home/jack/ros2_homework_advanced/install/fsd_common_msgs/local/lib/python3.10/dist-packages/fsd_common_msgs/msg/_feedback.py'...
[220.807s] Compiling '/home/jack/ros2_homework_advanced/install/fsd_common_msgs/local/lib/python3.10/dist-packages/fsd_common_msgs/msg/_ins_delta.py'...
[220.807s] Compiling '/home/jack/ros2_homework_advanced/install/fsd_common_msgs/local/lib/python3.10/dist-packages/fsd_common_msgs/msg/_map.py'...
[220.807s] Compiling '/home/jack/ros2_homework_advanced/install/fsd_common_msgs/local/lib/python3.10/dist-packages/fsd_common_msgs/msg/_mission.py'...
[220.807s] Compiling '/home/jack/ros2_homework_advanced/install/fsd_common_msgs/local/lib/python3.10/dist-packages/fsd_common_msgs/msg/_remote_control_command.py'...
[220.808s] Compiling '/home/jack/ros2_homework_advanced/install/fsd_common_msgs/local/lib/python3.10/dist-packages/fsd_common_msgs/msg/_res_and_ami.py'...
[220.808s] Compiling '/home/jack/ros2_homework_advanced/install/fsd_common_msgs/local/lib/python3.10/dist-packages/fsd_common_msgs/msg/_skidpad_global_center_line.py'...
[220.808s] Compiling '/home/jack/ros2_homework_advanced/install/fsd_common_msgs/local/lib/python3.10/dist-packages/fsd_common_msgs/msg/_time.py'...
[220.809s] Compiling '/home/jack/ros2_homework_advanced/install/fsd_common_msgs/local/lib/python3.10/dist-packages/fsd_common_msgs/msg/_track.py'...
[220.809s] Compiling '/home/jack/ros2_homework_advanced/install/fsd_common_msgs/local/lib/python3.10/dist-packages/fsd_common_msgs/msg/_trajectory_point.py'...
[220.809s] Compiling '/home/jack/ros2_homework_advanced/install/fsd_common_msgs/local/lib/python3.10/dist-packages/fsd_common_msgs/msg/_visualization.py'...
[220.809s] Compiling '/home/jack/ros2_homework_advanced/install/fsd_common_msgs/local/lib/python3.10/dist-packages/fsd_common_msgs/msg/_yolo_cone.py'...
[220.810s] Compiling '/home/jack/ros2_homework_advanced/install/fsd_common_msgs/local/lib/python3.10/dist-packages/fsd_common_msgs/msg/_yolo_cone_detections.py'...
[220.810s] Compiling '/home/jack/ros2_homework_advanced/install/fsd_common_msgs/local/lib/python3.10/dist-packages/fsd_common_msgs/msg/_yolo_cone_detections_track.py'...
[220.810s] Compiling '/home/jack/ros2_homework_advanced/install/fsd_common_msgs/local/lib/python3.10/dist-packages/fsd_common_msgs/msg/_yolo_cone_track.py'...
[220.826s] -- Installing: /home/jack/ros2_homework_advanced/install/fsd_common_msgs/local/lib/python3.10/dist-packages/fsd_common_msgs/fsd_common_msgs_s__rosidl_typesupport_fastrtps_c.cpython-310-x86_64-linux-gnu.so
[220.828s] -- Set runtime path of "/home/jack/ros2_homework_advanced/install/fsd_common_msgs/local/lib/python3.10/dist-packages/fsd_common_msgs/fsd_common_msgs_s__rosidl_typesupport_fastrtps_c.cpython-310-x86_64-linux-gnu.so" to ""
[220.829s] -- Installing: /home/jack/ros2_homework_advanced/install/fsd_common_msgs/local/lib/python3.10/dist-packages/fsd_common_msgs/fsd_common_msgs_s__rosidl_typesupport_introspection_c.cpython-310-x86_64-linux-gnu.so
[220.830s] -- Set runtime path of "/home/jack/ros2_homework_advanced/install/fsd_common_msgs/local/lib/python3.10/dist-packages/fsd_common_msgs/fsd_common_msgs_s__rosidl_typesupport_introspection_c.cpython-310-x86_64-linux-gnu.so" to ""
[220.831s] -- Installing: /home/jack/ros2_homework_advanced/install/fsd_common_msgs/local/lib/python3.10/dist-packages/fsd_common_msgs/fsd_common_msgs_s__rosidl_typesupport_c.cpython-310-x86_64-linux-gnu.so
[220.834s] -- Set runtime path of "/home/jack/ros2_homework_advanced/install/fsd_common_msgs/local/lib/python3.10/dist-packages/fsd_common_msgs/fsd_common_msgs_s__rosidl_typesupport_c.cpython-310-x86_64-linux-gnu.so" to ""
[220.834s] -- Installing: /home/jack/ros2_homework_advanced/install/fsd_common_msgs/lib/libfsd_common_msgs__rosidl_generator_py.so
[220.835s] -- Set runtime path of "/home/jack/ros2_homework_advanced/install/fsd_common_msgs/lib/libfsd_common_msgs__rosidl_generator_py.so" to ""
[220.837s] -- Installing: /home/jack/ros2_homework_advanced/install/fsd_common_msgs/share/ament_index/resource_index/rust_packages/fsd_common_msgs
[220.837s] -- Installing: /home/jack/ros2_homework_advanced/install/fsd_common_msgs/share/fsd_common_msgs/rust
[220.838s] -- Installing: /home/jack/ros2_homework_advanced/install/fsd_common_msgs/share/fsd_common_msgs/rust/src
[220.838s] -- Installing: /home/jack/ros2_homework_advanced/install/fsd_common_msgs/share/fsd_common_msgs/rust/src/msg
[220.840s] -- Installing: /home/jack/ros2_homework_advanced/install/fsd_common_msgs/share/fsd_common_msgs/rust/src/msg/rmw.rs
[220.840s] -- Installing: /home/jack/ros2_homework_advanced/install/fsd_common_msgs/share/fsd_common_msgs/rust/src/msg.rs
[220.840s] -- Installing: /home/jack/ros2_homework_advanced/install/fsd_common_msgs/share/fsd_common_msgs/rust/src/lib.rs
[220.841s] -- Installing: /home/jack/ros2_homework_advanced/install/fsd_common_msgs/share/fsd_common_msgs/rust/Cargo.toml
[220.842s] -- Installing: /home/jack/ros2_homework_advanced/install/fsd_common_msgs/share/fsd_common_msgs/rust/build.rs
[220.842s] -- Installing: /home/jack/ros2_homework_advanced/install/fsd_common_msgs/share/fsd_common_msgs/msg/AsState.idl
[220.844s] -- Installing: /home/jack/ros2_homework_advanced/install/fsd_common_msgs/share/fsd_common_msgs/msg/AsensingMessage.idl
[220.845s] -- Installing: /home/jack/ros2_homework_advanced/install/fsd_common_msgs/share/fsd_common_msgs/msg/CanFrames.idl
[220.848s] -- Installing: /home/jack/ros2_homework_advanced/install/fsd_common_msgs/share/fsd_common_msgs/msg/CarState.idl
[220.849s] -- Installing: /home/jack/ros2_homework_advanced/install/fsd_common_msgs/share/fsd_common_msgs/msg/CarStateDt.idl
[220.849s] -- Installing: /home/jack/ros2_homework_advanced/install/fsd_common_msgs/share/fsd_common_msgs/msg/Cone.idl
[220.849s] -- Installing: /home/jack/ros2_homework_advanced/install/fsd_common_msgs/share/fsd_common_msgs/msg/ConeDbscan.idl
[220.849s] -- Installing: /home/jack/ros2_homework_advanced/install/fsd_common_msgs/share/fsd_common_msgs/msg/ConeDetections.idl
[220.849s] -- Installing: /home/jack/ros2_homework_advanced/install/fsd_common_msgs/share/fsd_common_msgs/msg/ConeDetectionsDbscan.idl
[220.853s] -- Installing: /home/jack/ros2_homework_advanced/install/fsd_common_msgs/share/fsd_common_msgs/msg/ControlCommand.idl
[220.854s] -- Installing: /home/jack/ros2_homework_advanced/install/fsd_common_msgs/share/fsd_common_msgs/msg/DecisionFlag.idl
[220.854s] -- Installing: /home/jack/ros2_homework_advanced/install/fsd_common_msgs/share/fsd_common_msgs/msg/DrivingDynamics.idl
[220.854s] -- Installing: /home/jack/ros2_homework_advanced/install/fsd_common_msgs/share/fsd_common_msgs/msg/EchievMessage.idl
[220.855s] -- Installing: /home/jack/ros2_homework_advanced/install/fsd_common_msgs/share/fsd_common_msgs/msg/Feedback.idl
[220.855s] -- Installing: /home/jack/ros2_homework_advanced/install/fsd_common_msgs/share/fsd_common_msgs/msg/InsDelta.idl
[220.856s] -- Installing: /home/jack/ros2_homework_advanced/install/fsd_common_msgs/share/fsd_common_msgs/msg/Map.idl
[220.857s] -- Installing: /home/jack/ros2_homework_advanced/install/fsd_common_msgs/share/fsd_common_msgs/msg/Mission.idl
[220.857s] -- Installing: /home/jack/ros2_homework_advanced/install/fsd_common_msgs/share/fsd_common_msgs/msg/RemoteControlCommand.idl
[220.859s] -- Installing: /home/jack/ros2_homework_advanced/install/fsd_common_msgs/share/fsd_common_msgs/msg/ResAndAmi.idl
[220.859s] -- Installing: /home/jack/ros2_homework_advanced/install/fsd_common_msgs/share/fsd_common_msgs/msg/SkidpadGlobalCenterLine.idl
[220.860s] -- Installing: /home/jack/ros2_homework_advanced/install/fsd_common_msgs/share/fsd_common_msgs/msg/Time.idl
[220.862s] -- Installing: /home/jack/ros2_homework_advanced/install/fsd_common_msgs/share/fsd_common_msgs/msg/Track.idl
[220.862s] -- Installing: /home/jack/ros2_homework_advanced/install/fsd_common_msgs/share/fsd_common_msgs/msg/TrajectoryPoint.idl
[220.863s] -- Installing: /home/jack/ros2_homework_advanced/install/fsd_common_msgs/share/fsd_common_msgs/msg/Visualization.idl
[220.865s] -- Installing: /home/jack/ros2_homework_advanced/install/fsd_common_msgs/share/fsd_common_msgs/msg/YoloCone.idl
[220.866s] -- Installing: /home/jack/ros2_homework_advanced/install/fsd_common_msgs/share/fsd_common_msgs/msg/YoloConeDetections.idl
[220.868s] -- Installing: /home/jack/ros2_homework_advanced/install/fsd_common_msgs/share/fsd_common_msgs/msg/YoloConeDetectionsTrack.idl
[220.868s] -- Installing: /home/jack/ros2_homework_advanced/install/fsd_common_msgs/share/fsd_common_msgs/msg/YoloConeTrack.idl
[220.869s] -- Installing: /home/jack/ros2_homework_advanced/install/fsd_common_msgs/share/fsd_common_msgs/msg/AsState.msg
[220.869s] -- Installing: /home/jack/ros2_homework_advanced/install/fsd_common_msgs/share/fsd_common_msgs/msg/AsensingMessage.msg
[220.870s] -- Installing: /home/jack/ros2_homework_advanced/install/fsd_common_msgs/share/fsd_common_msgs/msg/CanFrames.msg
[220.871s] -- Installing: /home/jack/ros2_homework_advanced/install/fsd_common_msgs/share/fsd_common_msgs/msg/CarState.msg
[220.873s] -- Installing: /home/jack/ros2_homework_advanced/install/fsd_common_msgs/share/fsd_common_msgs/msg/CarStateDt.msg
[220.873s] -- Installing: /home/jack/ros2_homework_advanced/install/fsd_common_msgs/share/fsd_common_msgs/msg/Cone.msg
[220.874s] -- Installing: /home/jack/ros2_homework_advanced/install/fsd_common_msgs/share/fsd_common_msgs/msg/ConeDbscan.msg
[220.874s] -- Installing: /home/jack/ros2_homework_advanced/install/fsd_common_msgs/share/fsd_common_msgs/msg/ConeDetections.msg
[220.876s] -- Installing: /home/jack/ros2_homework_advanced/install/fsd_common_msgs/share/fsd_common_msgs/msg/ConeDetectionsDbscan.msg
[220.879s] -- Installing: /home/jack/ros2_homework_advanced/install/fsd_common_msgs/share/fsd_common_msgs/msg/ControlCommand.msg
[220.879s] -- Installing: /home/jack/ros2_homework_advanced/install/fsd_common_msgs/share/fsd_common_msgs/msg/DecisionFlag.msg
[220.880s] -- Installing: /home/jack/ros2_homework_advanced/install/fsd_common_msgs/share/fsd_common_msgs/msg/DrivingDynamics.msg
[220.880s] -- Installing: /home/jack/ros2_homework_advanced/install/fsd_common_msgs/share/fsd_common_msgs/msg/EchievMessage.msg
[220.880s] -- Installing: /home/jack/ros2_homework_advanced/install/fsd_common_msgs/share/fsd_common_msgs/msg/Feedback.msg
[220.880s] -- Installing: /home/jack/ros2_homework_advanced/install/fsd_common_msgs/share/fsd_common_msgs/msg/InsDelta.msg
[220.883s] -- Installing: /home/jack/ros2_homework_advanced/install/fsd_common_msgs/share/fsd_common_msgs/msg/Map.msg
[220.883s] -- Installing: /home/jack/ros2_homework_advanced/install/fsd_common_msgs/share/fsd_common_msgs/msg/Mission.msg
[220.883s] -- Installing: /home/jack/ros2_homework_advanced/install/fsd_common_msgs/share/fsd_common_msgs/msg/RemoteControlCommand.msg
[220.885s] -- Installing: /home/jack/ros2_homework_advanced/install/fsd_common_msgs/share/fsd_common_msgs/msg/ResAndAmi.msg
[220.886s] -- Installing: /home/jack/ros2_homework_advanced/install/fsd_common_msgs/share/fsd_common_msgs/msg/SkidpadGlobalCenterLine.msg
[220.888s] -- Installing: /home/jack/ros2_homework_advanced/install/fsd_common_msgs/share/fsd_common_msgs/msg/Time.msg
[220.888s] -- Installing: /home/jack/ros2_homework_advanced/install/fsd_common_msgs/share/fsd_common_msgs/msg/Track.msg
[220.889s] -- Installing: /home/jack/ros2_homework_advanced/install/fsd_common_msgs/share/fsd_common_msgs/msg/TrajectoryPoint.msg
[220.891s] -- Installing: /home/jack/ros2_homework_advanced/install/fsd_common_msgs/share/fsd_common_msgs/msg/Visualization.msg
[220.891s] -- Installing: /home/jack/ros2_homework_advanced/install/fsd_common_msgs/share/fsd_common_msgs/msg/YoloCone.msg
[220.892s] -- Installing: /home/jack/ros2_homework_advanced/install/fsd_common_msgs/share/fsd_common_msgs/msg/YoloConeDetections.msg
[220.892s] -- Installing: /home/jack/ros2_homework_advanced/install/fsd_common_msgs/share/fsd_common_msgs/msg/YoloConeDetectionsTrack.msg
[220.894s] -- Installing: /home/jack/ros2_homework_advanced/install/fsd_common_msgs/share/fsd_common_msgs/msg/YoloConeTrack.msg
[220.894s] -- Installing: /home/jack/ros2_homework_advanced/install/fsd_common_msgs/share/ament_index/resource_index/package_run_dependencies/fsd_common_msgs
[220.896s] -- Installing: /home/jack/ros2_homework_advanced/install/fsd_common_msgs/share/ament_index/resource_index/parent_prefix_path/fsd_common_msgs
[220.897s] -- Installing: /home/jack/ros2_homework_advanced/install/fsd_common_msgs/share/fsd_common_msgs/environment/ament_prefix_path.sh
[220.899s] -- Installing: /home/jack/ros2_homework_advanced/install/fsd_common_msgs/share/fsd_common_msgs/environment/ament_prefix_path.dsv
[220.899s] -- Installing: /home/jack/ros2_homework_advanced/install/fsd_common_msgs/share/fsd_common_msgs/environment/path.sh
[220.899s] -- Installing: /home/jack/ros2_homework_advanced/install/fsd_common_msgs/share/fsd_common_msgs/environment/path.dsv
[220.900s] -- Installing: /home/jack/ros2_homework_advanced/install/fsd_common_msgs/share/fsd_common_msgs/local_setup.bash
[220.902s] -- Installing: /home/jack/ros2_homework_advanced/install/fsd_common_msgs/share/fsd_common_msgs/local_setup.sh
[220.902s] -- Installing: /home/jack/ros2_homework_advanced/install/fsd_common_msgs/share/fsd_common_msgs/local_setup.zsh
[220.904s] -- Installing: /home/jack/ros2_homework_advanced/install/fsd_common_msgs/share/fsd_common_msgs/local_setup.dsv
[220.905s] -- Installing: /home/jack/ros2_homework_advanced/install/fsd_common_msgs/share/fsd_common_msgs/package.dsv
[220.907s] -- Installing: /home/jack/ros2_homework_advanced/install/fsd_common_msgs/share/ament_index/resource_index/packages/fsd_common_msgs
[220.907s] -- Installing: /home/jack/ros2_homework_advanced/install/fsd_common_msgs/share/fsd_common_msgs/cmake/export_fsd_common_msgs__rosidl_generator_cExport.cmake
[220.910s] -- Installing: /home/jack/ros2_homework_advanced/install/fsd_common_msgs/share/fsd_common_msgs/cmake/export_fsd_common_msgs__rosidl_generator_cExport-noconfig.cmake
[220.910s] -- Installing: /home/jack/ros2_homework_advanced/install/fsd_common_msgs/share/fsd_common_msgs/cmake/export_fsd_common_msgs__rosidl_typesupport_fastrtps_cExport.cmake
[220.911s] -- Installing: /home/jack/ros2_homework_advanced/install/fsd_common_msgs/share/fsd_common_msgs/cmake/export_fsd_common_msgs__rosidl_typesupport_fastrtps_cExport-noconfig.cmake
[220.911s] -- Installing: /home/jack/ros2_homework_advanced/install/fsd_common_msgs/share/fsd_common_msgs/cmake/fsd_common_msgs__rosidl_typesupport_introspection_cExport.cmake
[220.913s] -- Installing: /home/jack/ros2_homework_advanced/install/fsd_common_msgs/share/fsd_common_msgs/cmake/fsd_common_msgs__rosidl_typesupport_introspection_cExport-noconfig.cmake
[220.913s] -- Installing: /home/jack/ros2_homework_advanced/install/fsd_common_msgs/share/fsd_common_msgs/cmake/fsd_common_msgs__rosidl_typesupport_cExport.cmake
[220.914s] -- Installing: /home/jack/ros2_homework_advanced/install/fsd_common_msgs/share/fsd_common_msgs/cmake/fsd_common_msgs__rosidl_typesupport_cExport-noconfig.cmake
[220.917s] -- Installing: /home/jack/ros2_homework_advanced/install/fsd_common_msgs/share/fsd_common_msgs/cmake/export_fsd_common_msgs__rosidl_generator_cppExport.cmake
[220.918s] -- Installing: /home/jack/ros2_homework_advanced/install/fsd_common_msgs/share/fsd_common_msgs/cmake/export_fsd_common_msgs__rosidl_typesupport_fastrtps_cppExport.cmake
[220.918s] -- Installing: /home/jack/ros2_homework_advanced/install/fsd_common_msgs/share/fsd_common_msgs/cmake/export_fsd_common_msgs__rosidl_typesupport_fastrtps_cppExport-noconfig.cmake
[220.918s] -- Installing: /home/jack/ros2_homework_advanced/install/fsd_common_msgs/share/fsd_common_msgs/cmake/fsd_common_msgs__rosidl_typesupport_introspection_cppExport.cmake
[220.919s] -- Installing: /home/jack/ros2_homework_advanced/install/fsd_common_msgs/share/fsd_common_msgs/cmake/fsd_common_msgs__rosidl_typesupport_introspection_cppExport-noconfig.cmake
[220.921s] -- Installing: /home/jack/ros2_homework_advanced/install/fsd_common_msgs/share/fsd_common_msgs/cmake/fsd_common_msgs__rosidl_typesupport_cppExport.cmake
[220.922s] -- Installing: /home/jack/ros2_homework_advanced/install/fsd_common_msgs/share/fsd_common_msgs/cmake/fsd_common_msgs__rosidl_typesupport_cppExport-noconfig.cmake
[220.924s] -- Installing: /home/jack/ros2_homework_advanced/install/fsd_common_msgs/share/fsd_common_msgs/cmake/export_fsd_common_msgs__rosidl_generator_pyExport.cmake
[220.925s] -- Installing: /home/jack/ros2_homework_advanced/install/fsd_common_msgs/share/fsd_common_msgs/cmake/export_fsd_common_msgs__rosidl_generator_pyExport-noconfig.cmake
[220.925s] -- Installing: /home/jack/ros2_homework_advanced/install/fsd_common_msgs/share/fsd_common_msgs/cmake/rosidl_cmake-extras.cmake
[220.926s] -- Installing: /home/jack/ros2_homework_advanced/install/fsd_common_msgs/share/fsd_common_msgs/cmake/ament_cmake_export_dependencies-extras.cmake
[220.928s] -- Installing: /home/jack/ros2_homework_advanced/install/fsd_common_msgs/share/fsd_common_msgs/cmake/ament_cmake_export_include_directories-extras.cmake
[220.929s] -- Installing: /home/jack/ros2_homework_advanced/install/fsd_common_msgs/share/fsd_common_msgs/cmake/ament_cmake_export_libraries-extras.cmake
[220.929s] -- Installing: /home/jack/ros2_homework_advanced/install/fsd_common_msgs/share/fsd_common_msgs/cmake/ament_cmake_export_targets-extras.cmake
[220.930s] -- Installing: /home/jack/ros2_homework_advanced/install/fsd_common_msgs/share/fsd_common_msgs/cmake/rosidl_cmake_export_typesupport_targets-extras.cmake
[220.931s] -- Installing: /home/jack/ros2_homework_advanced/install/fsd_common_msgs/share/fsd_common_msgs/cmake/rosidl_cmake_export_typesupport_libraries-extras.cmake
[220.933s] -- Installing: /home/jack/ros2_homework_advanced/install/fsd_common_msgs/share/fsd_common_msgs/cmake/fsd_common_msgsConfig.cmake
[220.933s] -- Installing: /home/jack/ros2_homework_advanced/install/fsd_common_msgs/share/fsd_common_msgs/cmake/fsd_common_msgsConfig-version.cmake
[220.934s] -- Installing: /home/jack/ros2_homework_advanced/install/fsd_common_msgs/share/fsd_common_msgs/package.xml
[220.944s] Invoked command in '/home/jack/ros2_homework_advanced/build/fsd_common_msgs' returned '0': CMAKE_PREFIX_PATH=/opt/ros/humble /usr/bin/cmake --install /home/jack/ros2_homework_advanced/build/fsd_common_msgs
