[0.000000] (-) TimerEvent: {}
[0.000494] (fsd_common_msgs) JobQueued: {'identifier': 'fsd_common_msgs', 'dependencies': OrderedDict()}
[0.001033] (cone_visualizer) JobQueued: {'identifier': 'cone_visualizer', 'dependencies': OrderedDict([('fsd_common_msgs', '/home/jack/ros2_homework_advanced/install/fsd_common_msgs')])}
[0.001112] (fsd_common_msgs) JobStarted: {'identifier': 'fsd_common_msgs'}
[0.048440] (fsd_common_msgs) JobProgress: {'identifier': 'fsd_common_msgs', 'progress': 'cmake'}
[0.049908] (fsd_common_msgs) JobProgress: {'identifier': 'fsd_common_msgs', 'progress': 'build'}
[0.052159] (fsd_common_msgs) Command: {'cmd': ['/usr/bin/cmake', '--build', '/home/jack/ros2_homework_advanced/build/fsd_common_msgs', '--', '-j2', '-l2'], 'cwd': '/home/jack/ros2_homework_advanced/build/fsd_common_msgs', 'env': OrderedDict([('LESSOPEN', '| /usr/bin/lesspipe %s'), ('LANGUAGE', 'zh_CN:zh'), ('USER', 'jack'), ('XDG_SESSION_TYPE', 'wayland'), ('SHLVL', '1'), ('LD_LIBRARY_PATH', '/home/jack/ros2_homework_advanced/install/fsd_common_msgs/lib:/usr/lib/x86_64-linux-gnu/gazebo-11/plugins:/opt/ros/humble/opt/rviz_ogre_vendor/lib:/opt/ros/humble/lib/x86_64-linux-gnu:/opt/ros/humble/lib'), ('HOME', '/home/jack'), ('DESKTOP_SESSION', 'ubuntu'), ('ROS_PYTHON_VERSION', '3'), ('GNOME_SHELL_SESSION_MODE', 'ubuntu'), ('GTK_MODULES', 'gail:atk-bridge'), ('DBUS_STARTER_BUS_TYPE', 'session'), ('SYSTEMD_EXEC_PID', '85604'), ('DBUS_SESSION_BUS_ADDRESS', 'unix:path=/run/user/1000/bus,guid=4d6229c547727a250530af036a1e291b'), ('COLORTERM', 'truecolor'), ('WAYLAND_DISPLAY', 'wayland-0'), ('COLCON_PREFIX_PATH', '/home/jack/ros2_homework_advanced/install'), ('ROS_DISTRO', 'humble'), ('GTK_IM_MODULE', 'fcitx'), ('LOGNAME', 'jack'), ('_', '/usr/bin/colcon'), ('ROS_VERSION', '2'), ('XDG_SESSION_CLASS', 'user'), ('USERNAME', 'jack'), ('TERM', 'xterm-256color'), ('GNOME_DESKTOP_SESSION_ID', 'this-is-deprecated'), ('ROS_LOCALHOST_ONLY', '0'), ('PATH', '/opt/ros/humble/bin:/usr/local/sbin:/usr/local/bin:/usr/sbin:/usr/bin:/sbin:/bin:/usr/games:/usr/local/games:/snap/bin:/snap/bin'), ('SESSION_MANAGER', 'local/jack-270E5J-2570EJ:@/tmp/.ICE-unix/85604,unix/jack-270E5J-2570EJ:/tmp/.ICE-unix/85604'), ('XDG_MENU_PREFIX', 'gnome-'), ('GNOME_TERMINAL_SCREEN', '/org/gnome/Terminal/screen/c8e6521d_6ed6_430c_954c_d410262edeeb'), ('GNOME_SETUP_DISPLAY', ':1'), ('XDG_RUNTIME_DIR', '/run/user/1000'), ('DISPLAY', ':0'), ('LANG', 'zh_CN.UTF-8'), ('XDG_CURRENT_DESKTOP', 'ubuntu:GNOME'), ('XMODIFIERS', '@im=fcitx'), ('XDG_SESSION_DESKTOP', 'ubuntu'), ('XAUTHORITY', '/run/user/1000/.mutter-Xwaylandauth.346WP3'), ('LS_COLORS', 'rs=0:di=01;34:ln=01;36:mh=00:pi=40;33:so=01;35:do=01;35:bd=40;33;01:cd=40;33;01:or=40;31;01:mi=00:su=37;41:sg=30;43:ca=30;41:tw=30;42:ow=34;42:st=37;44:ex=01;32:*.tar=01;31:*.tgz=01;31:*.arc=01;31:*.arj=01;31:*.taz=01;31:*.lha=01;31:*.lz4=01;31:*.lzh=01;31:*.lzma=01;31:*.tlz=01;31:*.txz=01;31:*.tzo=01;31:*.t7z=01;31:*.zip=01;31:*.z=01;31:*.dz=01;31:*.gz=01;31:*.lrz=01;31:*.lz=01;31:*.lzo=01;31:*.xz=01;31:*.zst=01;31:*.tzst=01;31:*.bz2=01;31:*.bz=01;31:*.tbz=01;31:*.tbz2=01;31:*.tz=01;31:*.deb=01;31:*.rpm=01;31:*.jar=01;31:*.war=01;31:*.ear=01;31:*.sar=01;31:*.rar=01;31:*.alz=01;31:*.ace=01;31:*.zoo=01;31:*.cpio=01;31:*.7z=01;31:*.rz=01;31:*.cab=01;31:*.wim=01;31:*.swm=01;31:*.dwm=01;31:*.esd=01;31:*.jpg=01;35:*.jpeg=01;35:*.mjpg=01;35:*.mjpeg=01;35:*.gif=01;35:*.bmp=01;35:*.pbm=01;35:*.pgm=01;35:*.ppm=01;35:*.tga=01;35:*.xbm=01;35:*.xpm=01;35:*.tif=01;35:*.tiff=01;35:*.png=01;35:*.svg=01;35:*.svgz=01;35:*.mng=01;35:*.pcx=01;35:*.mov=01;35:*.mpg=01;35:*.mpeg=01;35:*.m2v=01;35:*.mkv=01;35:*.webm=01;35:*.webp=01;35:*.ogm=01;35:*.mp4=01;35:*.m4v=01;35:*.mp4v=01;35:*.vob=01;35:*.qt=01;35:*.nuv=01;35:*.wmv=01;35:*.asf=01;35:*.rm=01;35:*.rmvb=01;35:*.flc=01;35:*.avi=01;35:*.fli=01;35:*.flv=01;35:*.gl=01;35:*.dl=01;35:*.xcf=01;35:*.xwd=01;35:*.yuv=01;35:*.cgm=01;35:*.emf=01;35:*.ogv=01;35:*.ogx=01;35:*.aac=00;36:*.au=00;36:*.flac=00;36:*.m4a=00;36:*.mid=00;36:*.midi=00;36:*.mka=00;36:*.mp3=00;36:*.mpc=00;36:*.ogg=00;36:*.ra=00;36:*.wav=00;36:*.oga=00;36:*.opus=00;36:*.spx=00;36:*.xspf=00;36:'), ('GNOME_TERMINAL_SERVICE', ':1.812'), ('SSH_AGENT_LAUNCHER', 'gnome-keyring'), ('SSH_AUTH_SOCK', '/run/user/1000/keyring/ssh'), ('AMENT_PREFIX_PATH', '/home/jack/ros2_homework_advanced/install/cone_visualizer:/home/jack/ros2_homework_advanced/install/fsd_common_msgs:/opt/ros/humble'), ('SHELL', '/bin/bash'), ('INSIDE_NAUTILUS_PYTHON', ''), ('QT_ACCESSIBILITY', '1'), ('GDMSESSION', 'ubuntu'), ('LESSCLOSE', '/usr/bin/lesspipe %s %s'), ('QT_IM_MODULE', 'fcitx'), ('PWD', '/home/jack/ros2_homework_advanced/build/fsd_common_msgs'), ('XDG_CONFIG_DIRS', '/etc/xdg/xdg-ubuntu:/etc/xdg'), ('DBUS_STARTER_ADDRESS', 'unix:path=/run/user/1000/bus,guid=4d6229c547727a250530af036a1e291b'), ('XDG_DATA_DIRS', '/usr/share/ubuntu:/home/jack/.local/share/flatpak/exports/share:/var/lib/flatpak/exports/share:/usr/local/share/:/usr/share/:/var/lib/snapd/desktop'), ('PYTHONPATH', '/home/jack/ros2_homework_advanced/install/fsd_common_msgs/local/lib/python3.10/dist-packages:/opt/ros/humble/lib/python3.10/site-packages:/opt/ros/humble/local/lib/python3.10/dist-packages'), ('COLCON', '1'), ('VTE_VERSION', '6800'), ('CMAKE_PREFIX_PATH', '/home/jack/ros2_homework_advanced/install/cone_visualizer:/home/jack/ros2_homework_advanced/install/fsd_common_msgs:/opt/ros/humble')]), 'shell': False}
[0.099380] (-) TimerEvent: {}
[0.199943] (-) TimerEvent: {}
[0.273198] (fsd_common_msgs) StdoutLine: {'line': b'[  1%] Built target fsd_common_msgs__rs\n'}
[0.300083] (-) TimerEvent: {}
[0.312729] (fsd_common_msgs) StdoutLine: {'line': b'\x1b[35m\x1b[1mConsolidate compiler generated dependencies of target fsd_common_msgs__rosidl_generator_c\x1b[0m\n'}
[0.400222] (-) TimerEvent: {}
[0.417578] (fsd_common_msgs) StdoutLine: {'line': b'[ 13%] Built target fsd_common_msgs__rosidl_generator_c\n'}
[0.483285] (fsd_common_msgs) StdoutLine: {'line': b'[ 13%] Built target fsd_common_msgs__cpp\n'}
[0.500618] (-) TimerEvent: {}
[0.577936] (fsd_common_msgs) StdoutLine: {'line': b'[ 13%] Built target ament_cmake_python_copy_fsd_common_msgs\n'}
[0.600770] (-) TimerEvent: {}
[0.624317] (fsd_common_msgs) StdoutLine: {'line': b'\x1b[35m\x1b[1mConsolidate compiler generated dependencies of target fsd_common_msgs__rosidl_typesupport_fastrtps_c\x1b[0m\n'}
[0.701257] (-) TimerEvent: {}
[0.703891] (fsd_common_msgs) StdoutLine: {'line': b'[ 25%] Built target fsd_common_msgs__rosidl_typesupport_fastrtps_c\n'}
[0.742905] (fsd_common_msgs) StdoutLine: {'line': b'\x1b[35m\x1b[1mConsolidate compiler generated dependencies of target fsd_common_msgs__rosidl_typesupport_introspection_c\x1b[0m\n'}
[0.801418] (-) TimerEvent: {}
[0.806042] (fsd_common_msgs) StdoutLine: {'line': b'[ 37%] Built target fsd_common_msgs__rosidl_typesupport_introspection_c\n'}
[0.845245] (fsd_common_msgs) StdoutLine: {'line': b'\x1b[35m\x1b[1mConsolidate compiler generated dependencies of target fsd_common_msgs__rosidl_typesupport_c\x1b[0m\n'}
[0.897169] (fsd_common_msgs) StdoutLine: {'line': b'[ 49%] Built target fsd_common_msgs__rosidl_typesupport_c\n'}
[0.903135] (-) TimerEvent: {}
[0.949081] (fsd_common_msgs) StdoutLine: {'line': b'\x1b[35m\x1b[1mConsolidate compiler generated dependencies of target fsd_common_msgs__rosidl_typesupport_fastrtps_cpp\x1b[0m\n'}
[1.003257] (-) TimerEvent: {}
[1.031744] (fsd_common_msgs) StdoutLine: {'line': b'[ 61%] Built target fsd_common_msgs__rosidl_typesupport_fastrtps_cpp\n'}
[1.080010] (fsd_common_msgs) StdoutLine: {'line': b'\x1b[35m\x1b[1mConsolidate compiler generated dependencies of target fsd_common_msgs__rosidl_typesupport_introspection_cpp\x1b[0m\n'}
[1.103390] (-) TimerEvent: {}
[1.157862] (fsd_common_msgs) StdoutLine: {'line': b'[ 73%] Built target fsd_common_msgs__rosidl_typesupport_introspection_cpp\n'}
[1.199367] (fsd_common_msgs) StdoutLine: {'line': b'\x1b[35m\x1b[1mConsolidate compiler generated dependencies of target fsd_common_msgs__rosidl_typesupport_cpp\x1b[0m\n'}
[1.203511] (-) TimerEvent: {}
[1.269415] (fsd_common_msgs) StdoutLine: {'line': b'[ 85%] Built target fsd_common_msgs__rosidl_typesupport_cpp\n'}
[1.306132] (-) TimerEvent: {}
[1.406796] (-) TimerEvent: {}
[1.507242] (-) TimerEvent: {}
[1.608052] (-) TimerEvent: {}
[1.708468] (-) TimerEvent: {}
[1.809312] (-) TimerEvent: {}
[1.909831] (-) TimerEvent: {}
[1.973229] (fsd_common_msgs) StdoutLine: {'line': b'running egg_info\n'}
[1.975527] (fsd_common_msgs) StdoutLine: {'line': b'writing fsd_common_msgs.egg-info/PKG-INFO\n'}
[1.976026] (fsd_common_msgs) StdoutLine: {'line': b'writing dependency_links to fsd_common_msgs.egg-info/dependency_links.txt\n'}
[1.976500] (fsd_common_msgs) StdoutLine: {'line': b'writing top-level names to fsd_common_msgs.egg-info/top_level.txt\n'}
[1.983677] (fsd_common_msgs) StdoutLine: {'line': b"reading manifest file 'fsd_common_msgs.egg-info/SOURCES.txt'\n"}
[1.985658] (fsd_common_msgs) StdoutLine: {'line': b"writing manifest file 'fsd_common_msgs.egg-info/SOURCES.txt'\n"}
[2.010006] (-) TimerEvent: {}
[2.059641] (fsd_common_msgs) StdoutLine: {'line': b'[ 85%] Built target ament_cmake_python_build_fsd_common_msgs_egg\n'}
[2.110780] (-) TimerEvent: {}
[2.114222] (fsd_common_msgs) StdoutLine: {'line': b'[ 85%] Built target fsd_common_msgs\n'}
[2.173261] (fsd_common_msgs) StdoutLine: {'line': b'[ 85%] Built target fsd_common_msgs__py\n'}
[2.211110] (-) TimerEvent: {}
[2.213223] (fsd_common_msgs) StdoutLine: {'line': b'\x1b[35m\x1b[1mConsolidate compiler generated dependencies of target fsd_common_msgs__rosidl_generator_py\x1b[0m\n'}
[2.290305] (fsd_common_msgs) StdoutLine: {'line': b'[ 97%] Built target fsd_common_msgs__rosidl_generator_py\n'}
[2.311237] (-) TimerEvent: {}
[2.321701] (fsd_common_msgs) StdoutLine: {'line': b'\x1b[35m\x1b[1mConsolidate compiler generated dependencies of target fsd_common_msgs__rosidl_typesupport_fastrtps_c__pyext\x1b[0m\n'}
[2.356330] (fsd_common_msgs) StdoutLine: {'line': b'[ 98%] Built target fsd_common_msgs__rosidl_typesupport_fastrtps_c__pyext\n'}
[2.381986] (fsd_common_msgs) StdoutLine: {'line': b'\x1b[35m\x1b[1mConsolidate compiler generated dependencies of target fsd_common_msgs__rosidl_typesupport_introspection_c__pyext\x1b[0m\n'}
[2.412059] (-) TimerEvent: {}
[2.417174] (fsd_common_msgs) StdoutLine: {'line': b'[ 99%] Built target fsd_common_msgs__rosidl_typesupport_introspection_c__pyext\n'}
[2.446181] (fsd_common_msgs) StdoutLine: {'line': b'\x1b[35m\x1b[1mConsolidate compiler generated dependencies of target fsd_common_msgs__rosidl_typesupport_c__pyext\x1b[0m\n'}
[2.479353] (fsd_common_msgs) StdoutLine: {'line': b'[100%] Built target fsd_common_msgs__rosidl_typesupport_c__pyext\n'}
[2.508943] (fsd_common_msgs) CommandEnded: {'returncode': 0}
[2.512608] (fsd_common_msgs) JobProgress: {'identifier': 'fsd_common_msgs', 'progress': 'install'}
[2.512721] (-) TimerEvent: {}
[2.535872] (fsd_common_msgs) Command: {'cmd': ['/usr/bin/cmake', '--install', '/home/jack/ros2_homework_advanced/build/fsd_common_msgs'], 'cwd': '/home/jack/ros2_homework_advanced/build/fsd_common_msgs', 'env': OrderedDict([('LESSOPEN', '| /usr/bin/lesspipe %s'), ('LANGUAGE', 'zh_CN:zh'), ('USER', 'jack'), ('XDG_SESSION_TYPE', 'wayland'), ('SHLVL', '1'), ('LD_LIBRARY_PATH', '/home/jack/ros2_homework_advanced/install/fsd_common_msgs/lib:/usr/lib/x86_64-linux-gnu/gazebo-11/plugins:/opt/ros/humble/opt/rviz_ogre_vendor/lib:/opt/ros/humble/lib/x86_64-linux-gnu:/opt/ros/humble/lib'), ('HOME', '/home/jack'), ('DESKTOP_SESSION', 'ubuntu'), ('ROS_PYTHON_VERSION', '3'), ('GNOME_SHELL_SESSION_MODE', 'ubuntu'), ('GTK_MODULES', 'gail:atk-bridge'), ('DBUS_STARTER_BUS_TYPE', 'session'), ('SYSTEMD_EXEC_PID', '85604'), ('DBUS_SESSION_BUS_ADDRESS', 'unix:path=/run/user/1000/bus,guid=4d6229c547727a250530af036a1e291b'), ('COLORTERM', 'truecolor'), ('WAYLAND_DISPLAY', 'wayland-0'), ('COLCON_PREFIX_PATH', '/home/jack/ros2_homework_advanced/install'), ('ROS_DISTRO', 'humble'), ('GTK_IM_MODULE', 'fcitx'), ('LOGNAME', 'jack'), ('_', '/usr/bin/colcon'), ('ROS_VERSION', '2'), ('XDG_SESSION_CLASS', 'user'), ('USERNAME', 'jack'), ('TERM', 'xterm-256color'), ('GNOME_DESKTOP_SESSION_ID', 'this-is-deprecated'), ('ROS_LOCALHOST_ONLY', '0'), ('PATH', '/opt/ros/humble/bin:/usr/local/sbin:/usr/local/bin:/usr/sbin:/usr/bin:/sbin:/bin:/usr/games:/usr/local/games:/snap/bin:/snap/bin'), ('SESSION_MANAGER', 'local/jack-270E5J-2570EJ:@/tmp/.ICE-unix/85604,unix/jack-270E5J-2570EJ:/tmp/.ICE-unix/85604'), ('XDG_MENU_PREFIX', 'gnome-'), ('GNOME_TERMINAL_SCREEN', '/org/gnome/Terminal/screen/c8e6521d_6ed6_430c_954c_d410262edeeb'), ('GNOME_SETUP_DISPLAY', ':1'), ('XDG_RUNTIME_DIR', '/run/user/1000'), ('DISPLAY', ':0'), ('LANG', 'zh_CN.UTF-8'), ('XDG_CURRENT_DESKTOP', 'ubuntu:GNOME'), ('XMODIFIERS', '@im=fcitx'), ('XDG_SESSION_DESKTOP', 'ubuntu'), ('XAUTHORITY', '/run/user/1000/.mutter-Xwaylandauth.346WP3'), ('LS_COLORS', 'rs=0:di=01;34:ln=01;36:mh=00:pi=40;33:so=01;35:do=01;35:bd=40;33;01:cd=40;33;01:or=40;31;01:mi=00:su=37;41:sg=30;43:ca=30;41:tw=30;42:ow=34;42:st=37;44:ex=01;32:*.tar=01;31:*.tgz=01;31:*.arc=01;31:*.arj=01;31:*.taz=01;31:*.lha=01;31:*.lz4=01;31:*.lzh=01;31:*.lzma=01;31:*.tlz=01;31:*.txz=01;31:*.tzo=01;31:*.t7z=01;31:*.zip=01;31:*.z=01;31:*.dz=01;31:*.gz=01;31:*.lrz=01;31:*.lz=01;31:*.lzo=01;31:*.xz=01;31:*.zst=01;31:*.tzst=01;31:*.bz2=01;31:*.bz=01;31:*.tbz=01;31:*.tbz2=01;31:*.tz=01;31:*.deb=01;31:*.rpm=01;31:*.jar=01;31:*.war=01;31:*.ear=01;31:*.sar=01;31:*.rar=01;31:*.alz=01;31:*.ace=01;31:*.zoo=01;31:*.cpio=01;31:*.7z=01;31:*.rz=01;31:*.cab=01;31:*.wim=01;31:*.swm=01;31:*.dwm=01;31:*.esd=01;31:*.jpg=01;35:*.jpeg=01;35:*.mjpg=01;35:*.mjpeg=01;35:*.gif=01;35:*.bmp=01;35:*.pbm=01;35:*.pgm=01;35:*.ppm=01;35:*.tga=01;35:*.xbm=01;35:*.xpm=01;35:*.tif=01;35:*.tiff=01;35:*.png=01;35:*.svg=01;35:*.svgz=01;35:*.mng=01;35:*.pcx=01;35:*.mov=01;35:*.mpg=01;35:*.mpeg=01;35:*.m2v=01;35:*.mkv=01;35:*.webm=01;35:*.webp=01;35:*.ogm=01;35:*.mp4=01;35:*.m4v=01;35:*.mp4v=01;35:*.vob=01;35:*.qt=01;35:*.nuv=01;35:*.wmv=01;35:*.asf=01;35:*.rm=01;35:*.rmvb=01;35:*.flc=01;35:*.avi=01;35:*.fli=01;35:*.flv=01;35:*.gl=01;35:*.dl=01;35:*.xcf=01;35:*.xwd=01;35:*.yuv=01;35:*.cgm=01;35:*.emf=01;35:*.ogv=01;35:*.ogx=01;35:*.aac=00;36:*.au=00;36:*.flac=00;36:*.m4a=00;36:*.mid=00;36:*.midi=00;36:*.mka=00;36:*.mp3=00;36:*.mpc=00;36:*.ogg=00;36:*.ra=00;36:*.wav=00;36:*.oga=00;36:*.opus=00;36:*.spx=00;36:*.xspf=00;36:'), ('GNOME_TERMINAL_SERVICE', ':1.812'), ('SSH_AGENT_LAUNCHER', 'gnome-keyring'), ('SSH_AUTH_SOCK', '/run/user/1000/keyring/ssh'), ('AMENT_PREFIX_PATH', '/home/jack/ros2_homework_advanced/install/cone_visualizer:/home/jack/ros2_homework_advanced/install/fsd_common_msgs:/opt/ros/humble'), ('SHELL', '/bin/bash'), ('INSIDE_NAUTILUS_PYTHON', ''), ('QT_ACCESSIBILITY', '1'), ('GDMSESSION', 'ubuntu'), ('LESSCLOSE', '/usr/bin/lesspipe %s %s'), ('QT_IM_MODULE', 'fcitx'), ('PWD', '/home/jack/ros2_homework_advanced/build/fsd_common_msgs'), ('XDG_CONFIG_DIRS', '/etc/xdg/xdg-ubuntu:/etc/xdg'), ('DBUS_STARTER_ADDRESS', 'unix:path=/run/user/1000/bus,guid=4d6229c547727a250530af036a1e291b'), ('XDG_DATA_DIRS', '/usr/share/ubuntu:/home/jack/.local/share/flatpak/exports/share:/var/lib/flatpak/exports/share:/usr/local/share/:/usr/share/:/var/lib/snapd/desktop'), ('PYTHONPATH', '/home/jack/ros2_homework_advanced/install/fsd_common_msgs/local/lib/python3.10/dist-packages:/opt/ros/humble/lib/python3.10/site-packages:/opt/ros/humble/local/lib/python3.10/dist-packages'), ('COLCON', '1'), ('VTE_VERSION', '6800'), ('CMAKE_PREFIX_PATH', '/home/jack/ros2_homework_advanced/install/cone_visualizer:/home/jack/ros2_homework_advanced/install/fsd_common_msgs:/opt/ros/humble')]), 'shell': False}
[2.556916] (fsd_common_msgs) StdoutLine: {'line': b'-- Install configuration: ""\n'}
[2.558152] (fsd_common_msgs) StdoutLine: {'line': b'-- Up-to-date: /home/jack/ros2_homework_advanced/install/fsd_common_msgs/share/ament_index/resource_index/rosidl_interfaces/fsd_common_msgs\n'}
[2.558408] (fsd_common_msgs) StdoutLine: {'line': b'-- Up-to-date: /home/jack/ros2_homework_advanced/install/fsd_common_msgs/include/fsd_common_msgs/fsd_common_msgs\n'}
[2.566784] (fsd_common_msgs) StdoutLine: {'line': b'-- Up-to-date: /home/jack/ros2_homework_advanced/install/fsd_common_msgs/include/fsd_common_msgs/fsd_common_msgs/msg\n'}
[2.567379] (fsd_common_msgs) StdoutLine: {'line': b'-- Up-to-date: /home/jack/ros2_homework_advanced/install/fsd_common_msgs/include/fsd_common_msgs/fsd_common_msgs/msg/decision_flag.h\n'}
[2.567631] (fsd_common_msgs) StdoutLine: {'line': b'-- Up-to-date: /home/jack/ros2_homework_advanced/install/fsd_common_msgs/include/fsd_common_msgs/fsd_common_msgs/msg/time.h\n'}
[2.569302] (fsd_common_msgs) StdoutLine: {'line': b'-- Up-to-date: /home/jack/ros2_homework_advanced/install/fsd_common_msgs/include/fsd_common_msgs/fsd_common_msgs/msg/can_frames.h\n'}
[2.569904] (fsd_common_msgs) StdoutLine: {'line': b'-- Up-to-date: /home/jack/ros2_homework_advanced/install/fsd_common_msgs/include/fsd_common_msgs/fsd_common_msgs/msg/track.h\n'}
[2.570090] (fsd_common_msgs) StdoutLine: {'line': b'-- Up-to-date: /home/jack/ros2_homework_advanced/install/fsd_common_msgs/include/fsd_common_msgs/fsd_common_msgs/msg/trajectory_point.h\n'}
[2.570261] (fsd_common_msgs) StdoutLine: {'line': b'-- Up-to-date: /home/jack/ros2_homework_advanced/install/fsd_common_msgs/include/fsd_common_msgs/fsd_common_msgs/msg/ins_delta.h\n'}
[2.570402] (fsd_common_msgs) StdoutLine: {'line': b'-- Up-to-date: /home/jack/ros2_homework_advanced/install/fsd_common_msgs/include/fsd_common_msgs/fsd_common_msgs/msg/visualization.h\n'}
[2.570536] (fsd_common_msgs) StdoutLine: {'line': b'-- Up-to-date: /home/jack/ros2_homework_advanced/install/fsd_common_msgs/include/fsd_common_msgs/fsd_common_msgs/msg/cone_dbscan.h\n'}
[2.570667] (fsd_common_msgs) StdoutLine: {'line': b'-- Up-to-date: /home/jack/ros2_homework_advanced/install/fsd_common_msgs/include/fsd_common_msgs/fsd_common_msgs/msg/echiev_message.h\n'}
[2.570852] (fsd_common_msgs) StdoutLine: {'line': b'-- Up-to-date: /home/jack/ros2_homework_advanced/install/fsd_common_msgs/include/fsd_common_msgs/fsd_common_msgs/msg/yolo_cone_detections_track.h\n'}
[2.571059] (fsd_common_msgs) StdoutLine: {'line': b'-- Up-to-date: /home/jack/ros2_homework_advanced/install/fsd_common_msgs/include/fsd_common_msgs/fsd_common_msgs/msg/detail\n'}
[2.571977] (fsd_common_msgs) StdoutLine: {'line': b'-- Up-to-date: /home/jack/ros2_homework_advanced/install/fsd_common_msgs/include/fsd_common_msgs/fsd_common_msgs/msg/detail/skidpad_global_center_line__type_support.h\n'}
[2.575437] (fsd_common_msgs) StdoutLine: {'line': b'-- Up-to-date: /home/jack/ros2_homework_advanced/install/fsd_common_msgs/include/fsd_common_msgs/fsd_common_msgs/msg/detail/trajectory_point__struct.h\n'}
[2.575648] (fsd_common_msgs) StdoutLine: {'line': b'-- Up-to-date: /home/jack/ros2_homework_advanced/install/fsd_common_msgs/include/fsd_common_msgs/fsd_common_msgs/msg/detail/driving_dynamics__struct.h\n'}
[2.576695] (fsd_common_msgs) StdoutLine: {'line': b'-- Up-to-date: /home/jack/ros2_homework_advanced/install/fsd_common_msgs/include/fsd_common_msgs/fsd_common_msgs/msg/detail/track__type_support.h\n'}
[2.577051] (fsd_common_msgs) StdoutLine: {'line': b'-- Up-to-date: /home/jack/ros2_homework_advanced/install/fsd_common_msgs/include/fsd_common_msgs/fsd_common_msgs/msg/detail/mission__type_support.h\n'}
[2.577650] (fsd_common_msgs) StdoutLine: {'line': b'-- Up-to-date: /home/jack/ros2_homework_advanced/install/fsd_common_msgs/include/fsd_common_msgs/fsd_common_msgs/msg/detail/time__struct.h\n'}
[2.578175] (fsd_common_msgs) StdoutLine: {'line': b'-- Up-to-date: /home/jack/ros2_homework_advanced/install/fsd_common_msgs/include/fsd_common_msgs/fsd_common_msgs/msg/detail/map__functions.h\n'}
[2.579555] (fsd_common_msgs) StdoutLine: {'line': b'-- Up-to-date: /home/jack/ros2_homework_advanced/install/fsd_common_msgs/include/fsd_common_msgs/fsd_common_msgs/msg/detail/cone_detections__functions.h\n'}
[2.579785] (fsd_common_msgs) StdoutLine: {'line': b'-- Up-to-date: /home/jack/ros2_homework_advanced/install/fsd_common_msgs/include/fsd_common_msgs/fsd_common_msgs/msg/detail/remote_control_command__struct.h\n'}
[2.579964] (fsd_common_msgs) StdoutLine: {'line': b'-- Up-to-date: /home/jack/ros2_homework_advanced/install/fsd_common_msgs/include/fsd_common_msgs/fsd_common_msgs/msg/detail/can_frames__type_support.h\n'}
[2.580335] (fsd_common_msgs) StdoutLine: {'line': b'-- Up-to-date: /home/jack/ros2_homework_advanced/install/fsd_common_msgs/include/fsd_common_msgs/fsd_common_msgs/msg/detail/yolo_cone__struct.h\n'}
[2.580589] (fsd_common_msgs) StdoutLine: {'line': b'-- Up-to-date: /home/jack/ros2_homework_advanced/install/fsd_common_msgs/include/fsd_common_msgs/fsd_common_msgs/msg/detail/yolo_cone_detections_track__struct.h\n'}
[2.581151] (fsd_common_msgs) StdoutLine: {'line': b'-- Up-to-date: /home/jack/ros2_homework_advanced/install/fsd_common_msgs/include/fsd_common_msgs/fsd_common_msgs/msg/detail/res_and_ami__struct.h\n'}
[2.581826] (fsd_common_msgs) StdoutLine: {'line': b'-- Up-to-date: /home/jack/ros2_homework_advanced/install/fsd_common_msgs/include/fsd_common_msgs/fsd_common_msgs/msg/detail/as_state__type_support.h\n'}
[2.582291] (fsd_common_msgs) StdoutLine: {'line': b'-- Up-to-date: /home/jack/ros2_homework_advanced/install/fsd_common_msgs/include/fsd_common_msgs/fsd_common_msgs/msg/detail/res_and_ami__type_support.h\n'}
[2.582851] (fsd_common_msgs) StdoutLine: {'line': b'-- Up-to-date: /home/jack/ros2_homework_advanced/install/fsd_common_msgs/include/fsd_common_msgs/fsd_common_msgs/msg/detail/decision_flag__struct.h\n'}
[2.583391] (fsd_common_msgs) StdoutLine: {'line': b'-- Up-to-date: /home/jack/ros2_homework_advanced/install/fsd_common_msgs/include/fsd_common_msgs/fsd_common_msgs/msg/detail/time__type_support.h\n'}
[2.583581] (fsd_common_msgs) StdoutLine: {'line': b'-- Up-to-date: /home/jack/ros2_homework_advanced/install/fsd_common_msgs/include/fsd_common_msgs/fsd_common_msgs/msg/detail/asensing_message__type_support.h\n'}
[2.583742] (fsd_common_msgs) StdoutLine: {'line': b'-- Up-to-date: /home/jack/ros2_homework_advanced/install/fsd_common_msgs/include/fsd_common_msgs/fsd_common_msgs/msg/detail/yolo_cone_detections_track__functions.c\n'}
[2.583917] (fsd_common_msgs) StdoutLine: {'line': b'-- Up-to-date: /home/jack/ros2_homework_advanced/install/fsd_common_msgs/include/fsd_common_msgs/fsd_common_msgs/msg/detail/track__functions.c\n'}
[2.584168] (fsd_common_msgs) StdoutLine: {'line': b'-- Up-to-date: /home/jack/ros2_homework_advanced/install/fsd_common_msgs/include/fsd_common_msgs/fsd_common_msgs/msg/detail/car_state__type_support.h\n'}
[2.584330] (fsd_common_msgs) StdoutLine: {'line': b'-- Up-to-date: /home/jack/ros2_homework_advanced/install/fsd_common_msgs/include/fsd_common_msgs/fsd_common_msgs/msg/detail/cone__struct.h\n'}
[2.584462] (fsd_common_msgs) StdoutLine: {'line': b'-- Up-to-date: /home/jack/ros2_homework_advanced/install/fsd_common_msgs/include/fsd_common_msgs/fsd_common_msgs/msg/detail/as_state__functions.c\n'}
[2.584591] (fsd_common_msgs) StdoutLine: {'line': b'-- Up-to-date: /home/jack/ros2_homework_advanced/install/fsd_common_msgs/include/fsd_common_msgs/fsd_common_msgs/msg/detail/remote_control_command__type_support.h\n'}
[2.584835] (fsd_common_msgs) StdoutLine: {'line': b'-- Up-to-date: /home/jack/ros2_homework_advanced/install/fsd_common_msgs/include/fsd_common_msgs/fsd_common_msgs/msg/detail/cone__type_support.h\n'}
[2.584986] (fsd_common_msgs) StdoutLine: {'line': b'-- Up-to-date: /home/jack/ros2_homework_advanced/install/fsd_common_msgs/include/fsd_common_msgs/fsd_common_msgs/msg/detail/yolo_cone__functions.h\n'}
[2.585277] (fsd_common_msgs) StdoutLine: {'line': b'-- Up-to-date: /home/jack/ros2_homework_advanced/install/fsd_common_msgs/include/fsd_common_msgs/fsd_common_msgs/msg/detail/yolo_cone_detections__type_support.h\n'}
[2.585482] (fsd_common_msgs) StdoutLine: {'line': b'-- Up-to-date: /home/jack/ros2_homework_advanced/install/fsd_common_msgs/include/fsd_common_msgs/fsd_common_msgs/msg/detail/visualization__type_support.h\n'}
[2.586312] (fsd_common_msgs) StdoutLine: {'line': b'-- Up-to-date: /home/jack/ros2_homework_advanced/install/fsd_common_msgs/include/fsd_common_msgs/fsd_common_msgs/msg/detail/asensing_message__functions.h\n'}
[2.586512] (fsd_common_msgs) StdoutLine: {'line': b'-- Up-to-date: /home/jack/ros2_homework_advanced/install/fsd_common_msgs/include/fsd_common_msgs/fsd_common_msgs/msg/detail/cone_dbscan__functions.c\n'}
[2.586678] (fsd_common_msgs) StdoutLine: {'line': b'-- Up-to-date: /home/jack/ros2_homework_advanced/install/fsd_common_msgs/include/fsd_common_msgs/fsd_common_msgs/msg/detail/mission__functions.c\n'}
[2.586849] (fsd_common_msgs) StdoutLine: {'line': b'-- Up-to-date: /home/jack/ros2_homework_advanced/install/fsd_common_msgs/include/fsd_common_msgs/fsd_common_msgs/msg/detail/decision_flag__functions.c\n'}
[2.587002] (fsd_common_msgs) StdoutLine: {'line': b'-- Up-to-date: /home/jack/ros2_homework_advanced/install/fsd_common_msgs/include/fsd_common_msgs/fsd_common_msgs/msg/detail/map__type_support.h\n'}
[2.587154] (fsd_common_msgs) StdoutLine: {'line': b'-- Up-to-date: /home/jack/ros2_homework_advanced/install/fsd_common_msgs/include/fsd_common_msgs/fsd_common_msgs/msg/detail/yolo_cone__type_support.h\n'}
[2.587285] (fsd_common_msgs) StdoutLine: {'line': b'-- Up-to-date: /home/jack/ros2_homework_advanced/install/fsd_common_msgs/include/fsd_common_msgs/fsd_common_msgs/msg/detail/as_state__struct.h\n'}
[2.587414] (fsd_common_msgs) StdoutLine: {'line': b'-- Up-to-date: /home/jack/ros2_homework_advanced/install/fsd_common_msgs/include/fsd_common_msgs/fsd_common_msgs/msg/detail/ins_delta__functions.c\n'}
[2.587542] (fsd_common_msgs) StdoutLine: {'line': b'-- Up-to-date: /home/jack/ros2_homework_advanced/install/fsd_common_msgs/include/fsd_common_msgs/fsd_common_msgs/msg/detail/yolo_cone_detections__struct.h\n'}
[2.587696] (fsd_common_msgs) StdoutLine: {'line': b'-- Up-to-date: /home/jack/ros2_homework_advanced/install/fsd_common_msgs/include/fsd_common_msgs/fsd_common_msgs/msg/detail/control_command__functions.c\n'}
[2.587826] (fsd_common_msgs) StdoutLine: {'line': b'-- Up-to-date: /home/jack/ros2_homework_advanced/install/fsd_common_msgs/include/fsd_common_msgs/fsd_common_msgs/msg/detail/yolo_cone_track__functions.h\n'}
[2.587954] (fsd_common_msgs) StdoutLine: {'line': b'-- Up-to-date: /home/jack/ros2_homework_advanced/install/fsd_common_msgs/include/fsd_common_msgs/fsd_common_msgs/msg/detail/visualization__functions.h\n'}
[2.591627] (fsd_common_msgs) StdoutLine: {'line': b'-- Up-to-date: /home/jack/ros2_homework_advanced/install/fsd_common_msgs/include/fsd_common_msgs/fsd_common_msgs/msg/detail/car_state_dt__functions.h\n'}
[2.593389] (fsd_common_msgs) StdoutLine: {'line': b'-- Up-to-date: /home/jack/ros2_homework_advanced/install/fsd_common_msgs/include/fsd_common_msgs/fsd_common_msgs/msg/detail/echiev_message__functions.c\n'}
[2.593590] (fsd_common_msgs) StdoutLine: {'line': b'-- Up-to-date: /home/jack/ros2_homework_advanced/install/fsd_common_msgs/include/fsd_common_msgs/fsd_common_msgs/msg/detail/driving_dynamics__type_support.h\n'}
[2.593791] (fsd_common_msgs) StdoutLine: {'line': b'-- Up-to-date: /home/jack/ros2_homework_advanced/install/fsd_common_msgs/include/fsd_common_msgs/fsd_common_msgs/msg/detail/car_state_dt__type_support.h\n'}
[2.593939] (fsd_common_msgs) StdoutLine: {'line': b'-- Up-to-date: /home/jack/ros2_homework_advanced/install/fsd_common_msgs/include/fsd_common_msgs/fsd_common_msgs/msg/detail/yolo_cone_detections__functions.c\n'}
[2.594132] (fsd_common_msgs) StdoutLine: {'line': b'-- Up-to-date: /home/jack/ros2_homework_advanced/install/fsd_common_msgs/include/fsd_common_msgs/fsd_common_msgs/msg/detail/asensing_message__struct.h\n'}
[2.594279] (fsd_common_msgs) StdoutLine: {'line': b'-- Up-to-date: /home/jack/ros2_homework_advanced/install/fsd_common_msgs/include/fsd_common_msgs/fsd_common_msgs/msg/detail/can_frames__struct.h\n'}
[2.594409] (fsd_common_msgs) StdoutLine: {'line': b'-- Up-to-date: /home/jack/ros2_homework_advanced/install/fsd_common_msgs/include/fsd_common_msgs/fsd_common_msgs/msg/detail/res_and_ami__functions.h\n'}
[2.594538] (fsd_common_msgs) StdoutLine: {'line': b'-- Up-to-date: /home/jack/ros2_homework_advanced/install/fsd_common_msgs/include/fsd_common_msgs/fsd_common_msgs/msg/detail/ins_delta__struct.h\n'}
[2.594667] (fsd_common_msgs) StdoutLine: {'line': b'-- Up-to-date: /home/jack/ros2_homework_advanced/install/fsd_common_msgs/include/fsd_common_msgs/fsd_common_msgs/msg/detail/cone__functions.h\n'}
[2.594838] (fsd_common_msgs) StdoutLine: {'line': b'-- Up-to-date: /home/jack/ros2_homework_advanced/install/fsd_common_msgs/include/fsd_common_msgs/fsd_common_msgs/msg/detail/cone_detections__type_support.h\n'}
[2.595059] (fsd_common_msgs) StdoutLine: {'line': b'-- Up-to-date: /home/jack/ros2_homework_advanced/install/fsd_common_msgs/include/fsd_common_msgs/fsd_common_msgs/msg/detail/track__functions.h\n'}
[2.595234] (fsd_common_msgs) StdoutLine: {'line': b'-- Up-to-date: /home/jack/ros2_homework_advanced/install/fsd_common_msgs/include/fsd_common_msgs/fsd_common_msgs/msg/detail/visualization__struct.h\n'}
[2.595394] (fsd_common_msgs) StdoutLine: {'line': b'-- Up-to-date: /home/jack/ros2_homework_advanced/install/fsd_common_msgs/include/fsd_common_msgs/fsd_common_msgs/msg/detail/echiev_message__functions.h\n'}
[2.595527] (fsd_common_msgs) StdoutLine: {'line': b'-- Up-to-date: /home/jack/ros2_homework_advanced/install/fsd_common_msgs/include/fsd_common_msgs/fsd_common_msgs/msg/detail/skidpad_global_center_line__struct.h\n'}
[2.595657] (fsd_common_msgs) StdoutLine: {'line': b'-- Up-to-date: /home/jack/ros2_homework_advanced/install/fsd_common_msgs/include/fsd_common_msgs/fsd_common_msgs/msg/detail/car_state__functions.c\n'}
[2.595819] (fsd_common_msgs) StdoutLine: {'line': b'-- Up-to-date: /home/jack/ros2_homework_advanced/install/fsd_common_msgs/include/fsd_common_msgs/fsd_common_msgs/msg/detail/echiev_message__struct.h\n'}
[2.595950] (fsd_common_msgs) StdoutLine: {'line': b'-- Up-to-date: /home/jack/ros2_homework_advanced/install/fsd_common_msgs/include/fsd_common_msgs/fsd_common_msgs/msg/detail/skidpad_global_center_line__functions.c\n'}
[2.596402] (fsd_common_msgs) StdoutLine: {'line': b'-- Up-to-date: /home/jack/ros2_homework_advanced/install/fsd_common_msgs/include/fsd_common_msgs/fsd_common_msgs/msg/detail/track__struct.h\n'}
[2.596733] (fsd_common_msgs) StdoutLine: {'line': b'-- Up-to-date: /home/jack/ros2_homework_advanced/install/fsd_common_msgs/include/fsd_common_msgs/fsd_common_msgs/msg/detail/cone_detections_dbscan__functions.h\n'}
[2.596954] (fsd_common_msgs) StdoutLine: {'line': b'-- Up-to-date: /home/jack/ros2_homework_advanced/install/fsd_common_msgs/include/fsd_common_msgs/fsd_common_msgs/msg/detail/car_state__functions.h\n'}
[2.597137] (fsd_common_msgs) StdoutLine: {'line': b'-- Up-to-date: /home/jack/ros2_homework_advanced/install/fsd_common_msgs/include/fsd_common_msgs/fsd_common_msgs/msg/detail/can_frames__functions.c\n'}
[2.597272] (fsd_common_msgs) StdoutLine: {'line': b'-- Up-to-date: /home/jack/ros2_homework_advanced/install/fsd_common_msgs/include/fsd_common_msgs/fsd_common_msgs/msg/detail/echiev_message__type_support.h\n'}
[2.597429] (fsd_common_msgs) StdoutLine: {'line': b'-- Up-to-date: /home/jack/ros2_homework_advanced/install/fsd_common_msgs/include/fsd_common_msgs/fsd_common_msgs/msg/detail/res_and_ami__functions.c\n'}
[2.597562] (fsd_common_msgs) StdoutLine: {'line': b'-- Up-to-date: /home/jack/ros2_homework_advanced/install/fsd_common_msgs/include/fsd_common_msgs/fsd_common_msgs/msg/detail/yolo_cone_track__functions.c\n'}
[2.597691] (fsd_common_msgs) StdoutLine: {'line': b'-- Up-to-date: /home/jack/ros2_homework_advanced/install/fsd_common_msgs/include/fsd_common_msgs/fsd_common_msgs/msg/detail/yolo_cone_track__struct.h\n'}
[2.597836] (fsd_common_msgs) StdoutLine: {'line': b'-- Up-to-date: /home/jack/ros2_homework_advanced/install/fsd_common_msgs/include/fsd_common_msgs/fsd_common_msgs/msg/detail/trajectory_point__functions.h\n'}
[2.597964] (fsd_common_msgs) StdoutLine: {'line': b'-- Up-to-date: /home/jack/ros2_homework_advanced/install/fsd_common_msgs/include/fsd_common_msgs/fsd_common_msgs/msg/detail/time__functions.h\n'}
[2.598583] (fsd_common_msgs) StdoutLine: {'line': b'-- Up-to-date: /home/jack/ros2_homework_advanced/install/fsd_common_msgs/include/fsd_common_msgs/fsd_common_msgs/msg/detail/as_state__functions.h\n'}
[2.599040] (fsd_common_msgs) StdoutLine: {'line': b'-- Up-to-date: /home/jack/ros2_homework_advanced/install/fsd_common_msgs/include/fsd_common_msgs/fsd_common_msgs/msg/detail/yolo_cone_detections__functions.h\n'}
[2.599220] (fsd_common_msgs) StdoutLine: {'line': b'-- Up-to-date: /home/jack/ros2_homework_advanced/install/fsd_common_msgs/include/fsd_common_msgs/fsd_common_msgs/msg/detail/feedback__functions.c\n'}
[2.599358] (fsd_common_msgs) StdoutLine: {'line': b'-- Up-to-date: /home/jack/ros2_homework_advanced/install/fsd_common_msgs/include/fsd_common_msgs/fsd_common_msgs/msg/detail/asensing_message__functions.c\n'}
[2.599490] (fsd_common_msgs) StdoutLine: {'line': b'-- Up-to-date: /home/jack/ros2_homework_advanced/install/fsd_common_msgs/include/fsd_common_msgs/fsd_common_msgs/msg/detail/cone__functions.c\n'}
[2.599620] (fsd_common_msgs) StdoutLine: {'line': b'-- Up-to-date: /home/jack/ros2_homework_advanced/install/fsd_common_msgs/include/fsd_common_msgs/fsd_common_msgs/msg/detail/visualization__functions.c\n'}
[2.599784] (fsd_common_msgs) StdoutLine: {'line': b'-- Up-to-date: /home/jack/ros2_homework_advanced/install/fsd_common_msgs/include/fsd_common_msgs/fsd_common_msgs/msg/detail/yolo_cone_detections_track__type_support.h\n'}
[2.600340] (fsd_common_msgs) StdoutLine: {'line': b'-- Up-to-date: /home/jack/ros2_homework_advanced/install/fsd_common_msgs/include/fsd_common_msgs/fsd_common_msgs/msg/detail/remote_control_command__functions.c\n'}
[2.600490] (fsd_common_msgs) StdoutLine: {'line': b'-- Up-to-date: /home/jack/ros2_homework_advanced/install/fsd_common_msgs/include/fsd_common_msgs/fsd_common_msgs/msg/detail/cone_detections_dbscan__struct.h\n'}
[2.600657] (fsd_common_msgs) StdoutLine: {'line': b'-- Up-to-date: /home/jack/ros2_homework_advanced/install/fsd_common_msgs/include/fsd_common_msgs/fsd_common_msgs/msg/detail/map__functions.c\n'}
[2.600794] (fsd_common_msgs) StdoutLine: {'line': b'-- Up-to-date: /home/jack/ros2_homework_advanced/install/fsd_common_msgs/include/fsd_common_msgs/fsd_common_msgs/msg/detail/driving_dynamics__functions.c\n'}
[2.600924] (fsd_common_msgs) StdoutLine: {'line': b'-- Up-to-date: /home/jack/ros2_homework_advanced/install/fsd_common_msgs/include/fsd_common_msgs/fsd_common_msgs/msg/detail/feedback__struct.h\n'}
[2.601596] (fsd_common_msgs) StdoutLine: {'line': b'-- Up-to-date: /home/jack/ros2_homework_advanced/install/fsd_common_msgs/include/fsd_common_msgs/fsd_common_msgs/msg/detail/cone_detections__functions.c\n'}
[2.601777] (fsd_common_msgs) StdoutLine: {'line': b'-- Up-to-date: /home/jack/ros2_homework_advanced/install/fsd_common_msgs/include/fsd_common_msgs/fsd_common_msgs/msg/detail/car_state__struct.h\n'}
[2.601916] (fsd_common_msgs) StdoutLine: {'line': b'-- Up-to-date: /home/jack/ros2_homework_advanced/install/fsd_common_msgs/include/fsd_common_msgs/fsd_common_msgs/msg/detail/can_frames__functions.h\n'}
[2.602386] (fsd_common_msgs) StdoutLine: {'line': b'-- Up-to-date: /home/jack/ros2_homework_advanced/install/fsd_common_msgs/include/fsd_common_msgs/fsd_common_msgs/msg/detail/mission__functions.h\n'}
[2.602558] (fsd_common_msgs) StdoutLine: {'line': b'-- Up-to-date: /home/jack/ros2_homework_advanced/install/fsd_common_msgs/include/fsd_common_msgs/fsd_common_msgs/msg/detail/cone_detections__struct.h\n'}
[2.602693] (fsd_common_msgs) StdoutLine: {'line': b'-- Up-to-date: /home/jack/ros2_homework_advanced/install/fsd_common_msgs/include/fsd_common_msgs/fsd_common_msgs/msg/detail/car_state_dt__struct.h\n'}
[2.602846] (fsd_common_msgs) StdoutLine: {'line': b'-- Up-to-date: /home/jack/ros2_homework_advanced/install/fsd_common_msgs/include/fsd_common_msgs/fsd_common_msgs/msg/detail/ins_delta__functions.h\n'}
[2.602993] (fsd_common_msgs) StdoutLine: {'line': b'-- Up-to-date: /home/jack/ros2_homework_advanced/install/fsd_common_msgs/include/fsd_common_msgs/fsd_common_msgs/msg/detail/cone_detections_dbscan__functions.c\n'}
[2.603168] (fsd_common_msgs) StdoutLine: {'line': b'-- Up-to-date: /home/jack/ros2_homework_advanced/install/fsd_common_msgs/include/fsd_common_msgs/fsd_common_msgs/msg/detail/decision_flag__functions.h\n'}
[2.603301] (fsd_common_msgs) StdoutLine: {'line': b'-- Up-to-date: /home/jack/ros2_homework_advanced/install/fsd_common_msgs/include/fsd_common_msgs/fsd_common_msgs/msg/detail/yolo_cone_track__type_support.h\n'}
[2.603460] (fsd_common_msgs) StdoutLine: {'line': b'-- Up-to-date: /home/jack/ros2_homework_advanced/install/fsd_common_msgs/include/fsd_common_msgs/fsd_common_msgs/msg/detail/cone_detections_dbscan__type_support.h\n'}
[2.603592] (fsd_common_msgs) StdoutLine: {'line': b'-- Up-to-date: /home/jack/ros2_homework_advanced/install/fsd_common_msgs/include/fsd_common_msgs/fsd_common_msgs/msg/detail/control_command__type_support.h\n'}
[2.603744] (fsd_common_msgs) StdoutLine: {'line': b'-- Up-to-date: /home/jack/ros2_homework_advanced/install/fsd_common_msgs/include/fsd_common_msgs/fsd_common_msgs/msg/detail/decision_flag__type_support.h\n'}
[2.603878] (fsd_common_msgs) StdoutLine: {'line': b'-- Up-to-date: /home/jack/ros2_homework_advanced/install/fsd_common_msgs/include/fsd_common_msgs/fsd_common_msgs/msg/detail/feedback__type_support.h\n'}
[2.604198] (fsd_common_msgs) StdoutLine: {'line': b'-- Up-to-date: /home/jack/ros2_homework_advanced/install/fsd_common_msgs/include/fsd_common_msgs/fsd_common_msgs/msg/detail/trajectory_point__type_support.h\n'}
[2.604492] (fsd_common_msgs) StdoutLine: {'line': b'-- Up-to-date: /home/jack/ros2_homework_advanced/install/fsd_common_msgs/include/fsd_common_msgs/fsd_common_msgs/msg/detail/mission__struct.h\n'}
[2.604632] (fsd_common_msgs) StdoutLine: {'line': b'-- Up-to-date: /home/jack/ros2_homework_advanced/install/fsd_common_msgs/include/fsd_common_msgs/fsd_common_msgs/msg/detail/control_command__struct.h\n'}
[2.604797] (fsd_common_msgs) StdoutLine: {'line': b'-- Up-to-date: /home/jack/ros2_homework_advanced/install/fsd_common_msgs/include/fsd_common_msgs/fsd_common_msgs/msg/detail/cone_dbscan__struct.h\n'}
[2.605194] (fsd_common_msgs) StdoutLine: {'line': b'-- Up-to-date: /home/jack/ros2_homework_advanced/install/fsd_common_msgs/include/fsd_common_msgs/fsd_common_msgs/msg/detail/control_command__functions.h\n'}
[2.605370] (fsd_common_msgs) StdoutLine: {'line': b'-- Up-to-date: /home/jack/ros2_homework_advanced/install/fsd_common_msgs/include/fsd_common_msgs/fsd_common_msgs/msg/detail/skidpad_global_center_line__functions.h\n'}
[2.605504] (fsd_common_msgs) StdoutLine: {'line': b'-- Up-to-date: /home/jack/ros2_homework_advanced/install/fsd_common_msgs/include/fsd_common_msgs/fsd_common_msgs/msg/detail/car_state_dt__functions.c\n'}
[2.605666] (fsd_common_msgs) StdoutLine: {'line': b'-- Up-to-date: /home/jack/ros2_homework_advanced/install/fsd_common_msgs/include/fsd_common_msgs/fsd_common_msgs/msg/detail/ins_delta__type_support.h\n'}
[2.605797] (fsd_common_msgs) StdoutLine: {'line': b'-- Up-to-date: /home/jack/ros2_homework_advanced/install/fsd_common_msgs/include/fsd_common_msgs/fsd_common_msgs/msg/detail/cone_dbscan__functions.h\n'}
[2.605925] (fsd_common_msgs) StdoutLine: {'line': b'-- Up-to-date: /home/jack/ros2_homework_advanced/install/fsd_common_msgs/include/fsd_common_msgs/fsd_common_msgs/msg/detail/feedback__functions.h\n'}
[2.606081] (fsd_common_msgs) StdoutLine: {'line': b'-- Up-to-date: /home/jack/ros2_homework_advanced/install/fsd_common_msgs/include/fsd_common_msgs/fsd_common_msgs/msg/detail/remote_control_command__functions.h\n'}
[2.606218] (fsd_common_msgs) StdoutLine: {'line': b'-- Up-to-date: /home/jack/ros2_homework_advanced/install/fsd_common_msgs/include/fsd_common_msgs/fsd_common_msgs/msg/detail/yolo_cone__functions.c\n'}
[2.606367] (fsd_common_msgs) StdoutLine: {'line': b'-- Up-to-date: /home/jack/ros2_homework_advanced/install/fsd_common_msgs/include/fsd_common_msgs/fsd_common_msgs/msg/detail/yolo_cone_detections_track__functions.h\n'}
[2.606532] (fsd_common_msgs) StdoutLine: {'line': b'-- Up-to-date: /home/jack/ros2_homework_advanced/install/fsd_common_msgs/include/fsd_common_msgs/fsd_common_msgs/msg/detail/time__functions.c\n'}
[2.606664] (fsd_common_msgs) StdoutLine: {'line': b'-- Up-to-date: /home/jack/ros2_homework_advanced/install/fsd_common_msgs/include/fsd_common_msgs/fsd_common_msgs/msg/detail/map__struct.h\n'}
[2.606812] (fsd_common_msgs) StdoutLine: {'line': b'-- Up-to-date: /home/jack/ros2_homework_advanced/install/fsd_common_msgs/include/fsd_common_msgs/fsd_common_msgs/msg/detail/driving_dynamics__functions.h\n'}
[2.606956] (fsd_common_msgs) StdoutLine: {'line': b'-- Up-to-date: /home/jack/ros2_homework_advanced/install/fsd_common_msgs/include/fsd_common_msgs/fsd_common_msgs/msg/detail/cone_dbscan__type_support.h\n'}
[2.607118] (fsd_common_msgs) StdoutLine: {'line': b'-- Up-to-date: /home/jack/ros2_homework_advanced/install/fsd_common_msgs/include/fsd_common_msgs/fsd_common_msgs/msg/detail/trajectory_point__functions.c\n'}
[2.607275] (fsd_common_msgs) StdoutLine: {'line': b'-- Up-to-date: /home/jack/ros2_homework_advanced/install/fsd_common_msgs/include/fsd_common_msgs/fsd_common_msgs/msg/rosidl_generator_c__visibility_control.h\n'}
[2.607408] (fsd_common_msgs) StdoutLine: {'line': b'-- Up-to-date: /home/jack/ros2_homework_advanced/install/fsd_common_msgs/include/fsd_common_msgs/fsd_common_msgs/msg/cone_detections_dbscan.h\n'}
[2.607538] (fsd_common_msgs) StdoutLine: {'line': b'-- Up-to-date: /home/jack/ros2_homework_advanced/install/fsd_common_msgs/include/fsd_common_msgs/fsd_common_msgs/msg/driving_dynamics.h\n'}
[2.607667] (fsd_common_msgs) StdoutLine: {'line': b'-- Up-to-date: /home/jack/ros2_homework_advanced/install/fsd_common_msgs/include/fsd_common_msgs/fsd_common_msgs/msg/cone.h\n'}
[2.607813] (fsd_common_msgs) StdoutLine: {'line': b'-- Up-to-date: /home/jack/ros2_homework_advanced/install/fsd_common_msgs/include/fsd_common_msgs/fsd_common_msgs/msg/car_state_dt.h\n'}
[2.607942] (fsd_common_msgs) StdoutLine: {'line': b'-- Up-to-date: /home/jack/ros2_homework_advanced/install/fsd_common_msgs/include/fsd_common_msgs/fsd_common_msgs/msg/asensing_message.h\n'}
[2.608119] (fsd_common_msgs) StdoutLine: {'line': b'-- Up-to-date: /home/jack/ros2_homework_advanced/install/fsd_common_msgs/include/fsd_common_msgs/fsd_common_msgs/msg/feedback.h\n'}
[2.608259] (fsd_common_msgs) StdoutLine: {'line': b'-- Up-to-date: /home/jack/ros2_homework_advanced/install/fsd_common_msgs/include/fsd_common_msgs/fsd_common_msgs/msg/as_state.h\n'}
[2.608405] (fsd_common_msgs) StdoutLine: {'line': b'-- Up-to-date: /home/jack/ros2_homework_advanced/install/fsd_common_msgs/include/fsd_common_msgs/fsd_common_msgs/msg/car_state.h\n'}
[2.608539] (fsd_common_msgs) StdoutLine: {'line': b'-- Up-to-date: /home/jack/ros2_homework_advanced/install/fsd_common_msgs/include/fsd_common_msgs/fsd_common_msgs/msg/yolo_cone.h\n'}
[2.608667] (fsd_common_msgs) StdoutLine: {'line': b'-- Up-to-date: /home/jack/ros2_homework_advanced/install/fsd_common_msgs/include/fsd_common_msgs/fsd_common_msgs/msg/yolo_cone_track.h\n'}
[2.608820] (fsd_common_msgs) StdoutLine: {'line': b'-- Up-to-date: /home/jack/ros2_homework_advanced/install/fsd_common_msgs/include/fsd_common_msgs/fsd_common_msgs/msg/control_command.h\n'}
[2.608951] (fsd_common_msgs) StdoutLine: {'line': b'-- Up-to-date: /home/jack/ros2_homework_advanced/install/fsd_common_msgs/include/fsd_common_msgs/fsd_common_msgs/msg/skidpad_global_center_line.h\n'}
[2.609108] (fsd_common_msgs) StdoutLine: {'line': b'-- Up-to-date: /home/jack/ros2_homework_advanced/install/fsd_common_msgs/include/fsd_common_msgs/fsd_common_msgs/msg/cone_detections.h\n'}
[2.609245] (fsd_common_msgs) StdoutLine: {'line': b'-- Up-to-date: /home/jack/ros2_homework_advanced/install/fsd_common_msgs/include/fsd_common_msgs/fsd_common_msgs/msg/yolo_cone_detections.h\n'}
[2.609374] (fsd_common_msgs) StdoutLine: {'line': b'-- Up-to-date: /home/jack/ros2_homework_advanced/install/fsd_common_msgs/include/fsd_common_msgs/fsd_common_msgs/msg/remote_control_command.h\n'}
[2.609505] (fsd_common_msgs) StdoutLine: {'line': b'-- Up-to-date: /home/jack/ros2_homework_advanced/install/fsd_common_msgs/include/fsd_common_msgs/fsd_common_msgs/msg/map.h\n'}
[2.609658] (fsd_common_msgs) StdoutLine: {'line': b'-- Up-to-date: /home/jack/ros2_homework_advanced/install/fsd_common_msgs/include/fsd_common_msgs/fsd_common_msgs/msg/res_and_ami.h\n'}
[2.609789] (fsd_common_msgs) StdoutLine: {'line': b'-- Up-to-date: /home/jack/ros2_homework_advanced/install/fsd_common_msgs/include/fsd_common_msgs/fsd_common_msgs/msg/mission.h\n'}
[2.609934] (fsd_common_msgs) StdoutLine: {'line': b'-- Up-to-date: /home/jack/ros2_homework_advanced/install/fsd_common_msgs/share/fsd_common_msgs/environment/library_path.sh\n'}
[2.610092] (fsd_common_msgs) StdoutLine: {'line': b'-- Up-to-date: /home/jack/ros2_homework_advanced/install/fsd_common_msgs/share/fsd_common_msgs/environment/library_path.dsv\n'}
[2.610230] (fsd_common_msgs) StdoutLine: {'line': b'-- Up-to-date: /home/jack/ros2_homework_advanced/install/fsd_common_msgs/lib/libfsd_common_msgs__rosidl_generator_c.so\n'}
[2.610389] (fsd_common_msgs) StdoutLine: {'line': b'-- Up-to-date: /home/jack/ros2_homework_advanced/install/fsd_common_msgs/include/fsd_common_msgs/fsd_common_msgs\n'}
[2.611374] (fsd_common_msgs) StdoutLine: {'line': b'-- Up-to-date: /home/jack/ros2_homework_advanced/install/fsd_common_msgs/include/fsd_common_msgs/fsd_common_msgs/msg\n'}
[2.611575] (fsd_common_msgs) StdoutLine: {'line': b'-- Up-to-date: /home/jack/ros2_homework_advanced/install/fsd_common_msgs/include/fsd_common_msgs/fsd_common_msgs/msg/detail\n'}
[2.611766] (fsd_common_msgs) StdoutLine: {'line': b'-- Up-to-date: /home/jack/ros2_homework_advanced/install/fsd_common_msgs/include/fsd_common_msgs/fsd_common_msgs/msg/detail/time__rosidl_typesupport_fastrtps_c.h\n'}
[2.611904] (fsd_common_msgs) StdoutLine: {'line': b'-- Up-to-date: /home/jack/ros2_homework_advanced/install/fsd_common_msgs/include/fsd_common_msgs/fsd_common_msgs/msg/detail/decision_flag__rosidl_typesupport_fastrtps_c.h\n'}
[2.612063] (fsd_common_msgs) StdoutLine: {'line': b'-- Up-to-date: /home/jack/ros2_homework_advanced/install/fsd_common_msgs/include/fsd_common_msgs/fsd_common_msgs/msg/detail/cone_detections_dbscan__rosidl_typesupport_fastrtps_c.h\n'}
[2.612228] (fsd_common_msgs) StdoutLine: {'line': b'-- Up-to-date: /home/jack/ros2_homework_advanced/install/fsd_common_msgs/include/fsd_common_msgs/fsd_common_msgs/msg/detail/visualization__rosidl_typesupport_fastrtps_c.h\n'}
[2.612360] (fsd_common_msgs) StdoutLine: {'line': b'-- Up-to-date: /home/jack/ros2_homework_advanced/install/fsd_common_msgs/include/fsd_common_msgs/fsd_common_msgs/msg/detail/yolo_cone__rosidl_typesupport_fastrtps_c.h\n'}
[2.612488] (fsd_common_msgs) StdoutLine: {'line': b'-- Up-to-date: /home/jack/ros2_homework_advanced/install/fsd_common_msgs/include/fsd_common_msgs/fsd_common_msgs/msg/detail/yolo_cone_detections__rosidl_typesupport_fastrtps_c.h\n'}
[2.612617] (fsd_common_msgs) StdoutLine: {'line': b'-- Up-to-date: /home/jack/ros2_homework_advanced/install/fsd_common_msgs/include/fsd_common_msgs/fsd_common_msgs/msg/detail/cone_dbscan__rosidl_typesupport_fastrtps_c.h\n'}
[2.612761] (-) TimerEvent: {}
[2.613203] (fsd_common_msgs) StdoutLine: {'line': b'-- Up-to-date: /home/jack/ros2_homework_advanced/install/fsd_common_msgs/include/fsd_common_msgs/fsd_common_msgs/msg/detail/yolo_cone_track__rosidl_typesupport_fastrtps_c.h\n'}
[2.613410] (fsd_common_msgs) StdoutLine: {'line': b'-- Up-to-date: /home/jack/ros2_homework_advanced/install/fsd_common_msgs/include/fsd_common_msgs/fsd_common_msgs/msg/detail/car_state_dt__rosidl_typesupport_fastrtps_c.h\n'}
[2.613549] (fsd_common_msgs) StdoutLine: {'line': b'-- Up-to-date: /home/jack/ros2_homework_advanced/install/fsd_common_msgs/include/fsd_common_msgs/fsd_common_msgs/msg/detail/ins_delta__rosidl_typesupport_fastrtps_c.h\n'}
[2.613729] (fsd_common_msgs) StdoutLine: {'line': b'-- Up-to-date: /home/jack/ros2_homework_advanced/install/fsd_common_msgs/include/fsd_common_msgs/fsd_common_msgs/msg/detail/map__rosidl_typesupport_fastrtps_c.h\n'}
[2.613873] (fsd_common_msgs) StdoutLine: {'line': b'-- Up-to-date: /home/jack/ros2_homework_advanced/install/fsd_common_msgs/include/fsd_common_msgs/fsd_common_msgs/msg/detail/yolo_cone_detections_track__rosidl_typesupport_fastrtps_c.h\n'}
[2.614030] (fsd_common_msgs) StdoutLine: {'line': b'-- Up-to-date: /home/jack/ros2_homework_advanced/install/fsd_common_msgs/include/fsd_common_msgs/fsd_common_msgs/msg/detail/track__rosidl_typesupport_fastrtps_c.h\n'}
[2.614189] (fsd_common_msgs) StdoutLine: {'line': b'-- Up-to-date: /home/jack/ros2_homework_advanced/install/fsd_common_msgs/include/fsd_common_msgs/fsd_common_msgs/msg/detail/remote_control_command__rosidl_typesupport_fastrtps_c.h\n'}
[2.614320] (fsd_common_msgs) StdoutLine: {'line': b'-- Up-to-date: /home/jack/ros2_homework_advanced/install/fsd_common_msgs/include/fsd_common_msgs/fsd_common_msgs/msg/detail/cone__rosidl_typesupport_fastrtps_c.h\n'}
[2.614450] (fsd_common_msgs) StdoutLine: {'line': b'-- Up-to-date: /home/jack/ros2_homework_advanced/install/fsd_common_msgs/include/fsd_common_msgs/fsd_common_msgs/msg/detail/mission__rosidl_typesupport_fastrtps_c.h\n'}
[2.614601] (fsd_common_msgs) StdoutLine: {'line': b'-- Up-to-date: /home/jack/ros2_homework_advanced/install/fsd_common_msgs/include/fsd_common_msgs/fsd_common_msgs/msg/detail/skidpad_global_center_line__rosidl_typesupport_fastrtps_c.h\n'}
[2.614739] (fsd_common_msgs) StdoutLine: {'line': b'-- Up-to-date: /home/jack/ros2_homework_advanced/install/fsd_common_msgs/include/fsd_common_msgs/fsd_common_msgs/msg/detail/res_and_ami__rosidl_typesupport_fastrtps_c.h\n'}
[2.614870] (fsd_common_msgs) StdoutLine: {'line': b'-- Up-to-date: /home/jack/ros2_homework_advanced/install/fsd_common_msgs/include/fsd_common_msgs/fsd_common_msgs/msg/detail/control_command__rosidl_typesupport_fastrtps_c.h\n'}
[2.615012] (fsd_common_msgs) StdoutLine: {'line': b'-- Up-to-date: /home/jack/ros2_homework_advanced/install/fsd_common_msgs/include/fsd_common_msgs/fsd_common_msgs/msg/detail/as_state__rosidl_typesupport_fastrtps_c.h\n'}
[2.615158] (fsd_common_msgs) StdoutLine: {'line': b'-- Up-to-date: /home/jack/ros2_homework_advanced/install/fsd_common_msgs/include/fsd_common_msgs/fsd_common_msgs/msg/detail/car_state__rosidl_typesupport_fastrtps_c.h\n'}
[2.615516] (fsd_common_msgs) StdoutLine: {'line': b'-- Up-to-date: /home/jack/ros2_homework_advanced/install/fsd_common_msgs/include/fsd_common_msgs/fsd_common_msgs/msg/detail/driving_dynamics__rosidl_typesupport_fastrtps_c.h\n'}
[2.615959] (fsd_common_msgs) StdoutLine: {'line': b'-- Up-to-date: /home/jack/ros2_homework_advanced/install/fsd_common_msgs/include/fsd_common_msgs/fsd_common_msgs/msg/detail/feedback__rosidl_typesupport_fastrtps_c.h\n'}
[2.616494] (fsd_common_msgs) StdoutLine: {'line': b'-- Up-to-date: /home/jack/ros2_homework_advanced/install/fsd_common_msgs/include/fsd_common_msgs/fsd_common_msgs/msg/detail/asensing_message__rosidl_typesupport_fastrtps_c.h\n'}
[2.617409] (fsd_common_msgs) StdoutLine: {'line': b'-- Up-to-date: /home/jack/ros2_homework_advanced/install/fsd_common_msgs/include/fsd_common_msgs/fsd_common_msgs/msg/detail/trajectory_point__rosidl_typesupport_fastrtps_c.h\n'}
[2.617741] (fsd_common_msgs) StdoutLine: {'line': b'-- Up-to-date: /home/jack/ros2_homework_advanced/install/fsd_common_msgs/include/fsd_common_msgs/fsd_common_msgs/msg/detail/can_frames__rosidl_typesupport_fastrtps_c.h\n'}
[2.617893] (fsd_common_msgs) StdoutLine: {'line': b'-- Up-to-date: /home/jack/ros2_homework_advanced/install/fsd_common_msgs/include/fsd_common_msgs/fsd_common_msgs/msg/detail/echiev_message__rosidl_typesupport_fastrtps_c.h\n'}
[2.618056] (fsd_common_msgs) StdoutLine: {'line': b'-- Up-to-date: /home/jack/ros2_homework_advanced/install/fsd_common_msgs/include/fsd_common_msgs/fsd_common_msgs/msg/detail/cone_detections__rosidl_typesupport_fastrtps_c.h\n'}
[2.618198] (fsd_common_msgs) StdoutLine: {'line': b'-- Up-to-date: /home/jack/ros2_homework_advanced/install/fsd_common_msgs/include/fsd_common_msgs/fsd_common_msgs/msg/rosidl_typesupport_fastrtps_c__visibility_control.h\n'}
[2.618328] (fsd_common_msgs) StdoutLine: {'line': b'-- Up-to-date: /home/jack/ros2_homework_advanced/install/fsd_common_msgs/lib/libfsd_common_msgs__rosidl_typesupport_fastrtps_c.so\n'}
[2.618457] (fsd_common_msgs) StdoutLine: {'line': b'-- Up-to-date: /home/jack/ros2_homework_advanced/install/fsd_common_msgs/include/fsd_common_msgs/fsd_common_msgs\n'}
[2.618585] (fsd_common_msgs) StdoutLine: {'line': b'-- Up-to-date: /home/jack/ros2_homework_advanced/install/fsd_common_msgs/include/fsd_common_msgs/fsd_common_msgs/msg\n'}
[2.618770] (fsd_common_msgs) StdoutLine: {'line': b'-- Up-to-date: /home/jack/ros2_homework_advanced/install/fsd_common_msgs/include/fsd_common_msgs/fsd_common_msgs/msg/detail\n'}
[2.618904] (fsd_common_msgs) StdoutLine: {'line': b'-- Up-to-date: /home/jack/ros2_homework_advanced/install/fsd_common_msgs/include/fsd_common_msgs/fsd_common_msgs/msg/detail/trajectory_point__type_support.c\n'}
[2.619074] (fsd_common_msgs) StdoutLine: {'line': b'-- Up-to-date: /home/jack/ros2_homework_advanced/install/fsd_common_msgs/include/fsd_common_msgs/fsd_common_msgs/msg/detail/cone__rosidl_typesupport_introspection_c.h\n'}
[2.619219] (fsd_common_msgs) StdoutLine: {'line': b'-- Up-to-date: /home/jack/ros2_homework_advanced/install/fsd_common_msgs/include/fsd_common_msgs/fsd_common_msgs/msg/detail/map__type_support.c\n'}
[2.619350] (fsd_common_msgs) StdoutLine: {'line': b'-- Up-to-date: /home/jack/ros2_homework_advanced/install/fsd_common_msgs/include/fsd_common_msgs/fsd_common_msgs/msg/detail/trajectory_point__rosidl_typesupport_introspection_c.h\n'}
[2.619482] (fsd_common_msgs) StdoutLine: {'line': b'-- Up-to-date: /home/jack/ros2_homework_advanced/install/fsd_common_msgs/include/fsd_common_msgs/fsd_common_msgs/msg/detail/yolo_cone_track__type_support.c\n'}
[2.619638] (fsd_common_msgs) StdoutLine: {'line': b'-- Up-to-date: /home/jack/ros2_homework_advanced/install/fsd_common_msgs/include/fsd_common_msgs/fsd_common_msgs/msg/detail/car_state__type_support.c\n'}
[2.619773] (fsd_common_msgs) StdoutLine: {'line': b'-- Up-to-date: /home/jack/ros2_homework_advanced/install/fsd_common_msgs/include/fsd_common_msgs/fsd_common_msgs/msg/detail/ins_delta__rosidl_typesupport_introspection_c.h\n'}
[2.619903] (fsd_common_msgs) StdoutLine: {'line': b'-- Up-to-date: /home/jack/ros2_homework_advanced/install/fsd_common_msgs/include/fsd_common_msgs/fsd_common_msgs/msg/detail/car_state_dt__type_support.c\n'}
[2.620097] (fsd_common_msgs) StdoutLine: {'line': b'-- Up-to-date: /home/jack/ros2_homework_advanced/install/fsd_common_msgs/include/fsd_common_msgs/fsd_common_msgs/msg/detail/decision_flag__rosidl_typesupport_introspection_c.h\n'}
[2.620595] (fsd_common_msgs) StdoutLine: {'line': b'-- Up-to-date: /home/jack/ros2_homework_advanced/install/fsd_common_msgs/include/fsd_common_msgs/fsd_common_msgs/msg/detail/mission__type_support.c\n'}
[2.620946] (fsd_common_msgs) StdoutLine: {'line': b'-- Up-to-date: /home/jack/ros2_homework_advanced/install/fsd_common_msgs/include/fsd_common_msgs/fsd_common_msgs/msg/detail/track__rosidl_typesupport_introspection_c.h\n'}
[2.621897] (fsd_common_msgs) StdoutLine: {'line': b'-- Up-to-date: /home/jack/ros2_homework_advanced/install/fsd_common_msgs/include/fsd_common_msgs/fsd_common_msgs/msg/detail/can_frames__type_support.c\n'}
[2.622348] (fsd_common_msgs) StdoutLine: {'line': b'-- Up-to-date: /home/jack/ros2_homework_advanced/install/fsd_common_msgs/include/fsd_common_msgs/fsd_common_msgs/msg/detail/car_state__rosidl_typesupport_introspection_c.h\n'}
[2.622526] (fsd_common_msgs) StdoutLine: {'line': b'-- Up-to-date: /home/jack/ros2_homework_advanced/install/fsd_common_msgs/include/fsd_common_msgs/fsd_common_msgs/msg/detail/mission__rosidl_typesupport_introspection_c.h\n'}
[2.622663] (fsd_common_msgs) StdoutLine: {'line': b'-- Up-to-date: /home/jack/ros2_homework_advanced/install/fsd_common_msgs/include/fsd_common_msgs/fsd_common_msgs/msg/detail/cone_detections_dbscan__rosidl_typesupport_introspection_c.h\n'}
[2.622832] (fsd_common_msgs) StdoutLine: {'line': b'-- Up-to-date: /home/jack/ros2_homework_advanced/install/fsd_common_msgs/include/fsd_common_msgs/fsd_common_msgs/msg/detail/asensing_message__type_support.c\n'}
[2.622964] (fsd_common_msgs) StdoutLine: {'line': b'-- Up-to-date: /home/jack/ros2_homework_advanced/install/fsd_common_msgs/include/fsd_common_msgs/fsd_common_msgs/msg/detail/cone_detections__rosidl_typesupport_introspection_c.h\n'}
[2.623168] (fsd_common_msgs) StdoutLine: {'line': b'-- Up-to-date: /home/jack/ros2_homework_advanced/install/fsd_common_msgs/include/fsd_common_msgs/fsd_common_msgs/msg/detail/skidpad_global_center_line__rosidl_typesupport_introspection_c.h\n'}
[2.623743] (fsd_common_msgs) StdoutLine: {'line': b'-- Up-to-date: /home/jack/ros2_homework_advanced/install/fsd_common_msgs/include/fsd_common_msgs/fsd_common_msgs/msg/detail/driving_dynamics__type_support.c\n'}
[2.623910] (fsd_common_msgs) StdoutLine: {'line': b'-- Up-to-date: /home/jack/ros2_homework_advanced/install/fsd_common_msgs/include/fsd_common_msgs/fsd_common_msgs/msg/detail/visualization__type_support.c\n'}
[2.624081] (fsd_common_msgs) StdoutLine: {'line': b'-- Up-to-date: /home/jack/ros2_homework_advanced/install/fsd_common_msgs/include/fsd_common_msgs/fsd_common_msgs/msg/detail/yolo_cone_detections_track__rosidl_typesupport_introspection_c.h\n'}
[2.624224] (fsd_common_msgs) StdoutLine: {'line': b'-- Up-to-date: /home/jack/ros2_homework_advanced/install/fsd_common_msgs/include/fsd_common_msgs/fsd_common_msgs/msg/detail/asensing_message__rosidl_typesupport_introspection_c.h\n'}
[2.624382] (fsd_common_msgs) StdoutLine: {'line': b'-- Up-to-date: /home/jack/ros2_homework_advanced/install/fsd_common_msgs/include/fsd_common_msgs/fsd_common_msgs/msg/detail/track__type_support.c\n'}
[2.624517] (fsd_common_msgs) StdoutLine: {'line': b'-- Up-to-date: /home/jack/ros2_homework_advanced/install/fsd_common_msgs/include/fsd_common_msgs/fsd_common_msgs/msg/detail/decision_flag__type_support.c\n'}
[2.624666] (fsd_common_msgs) StdoutLine: {'line': b'-- Up-to-date: /home/jack/ros2_homework_advanced/install/fsd_common_msgs/include/fsd_common_msgs/fsd_common_msgs/msg/detail/feedback__rosidl_typesupport_introspection_c.h\n'}
[2.624819] (fsd_common_msgs) StdoutLine: {'line': b'-- Up-to-date: /home/jack/ros2_homework_advanced/install/fsd_common_msgs/include/fsd_common_msgs/fsd_common_msgs/msg/detail/time__type_support.c\n'}
[2.624952] (fsd_common_msgs) StdoutLine: {'line': b'-- Up-to-date: /home/jack/ros2_homework_advanced/install/fsd_common_msgs/include/fsd_common_msgs/fsd_common_msgs/msg/detail/res_and_ami__type_support.c\n'}
[2.625114] (fsd_common_msgs) StdoutLine: {'line': b'-- Up-to-date: /home/jack/ros2_homework_advanced/install/fsd_common_msgs/include/fsd_common_msgs/fsd_common_msgs/msg/detail/cone_dbscan__type_support.c\n'}
[2.625272] (fsd_common_msgs) StdoutLine: {'line': b'-- Up-to-date: /home/jack/ros2_homework_advanced/install/fsd_common_msgs/include/fsd_common_msgs/fsd_common_msgs/msg/detail/visualization__rosidl_typesupport_introspection_c.h\n'}
[2.625404] (fsd_common_msgs) StdoutLine: {'line': b'-- Up-to-date: /home/jack/ros2_homework_advanced/install/fsd_common_msgs/include/fsd_common_msgs/fsd_common_msgs/msg/detail/yolo_cone_detections__type_support.c\n'}
[2.625534] (fsd_common_msgs) StdoutLine: {'line': b'-- Up-to-date: /home/jack/ros2_homework_advanced/install/fsd_common_msgs/include/fsd_common_msgs/fsd_common_msgs/msg/detail/yolo_cone__type_support.c\n'}
[2.625663] (fsd_common_msgs) StdoutLine: {'line': b'-- Up-to-date: /home/jack/ros2_homework_advanced/install/fsd_common_msgs/include/fsd_common_msgs/fsd_common_msgs/msg/detail/cone_detections__type_support.c\n'}
[2.625828] (fsd_common_msgs) StdoutLine: {'line': b'-- Up-to-date: /home/jack/ros2_homework_advanced/install/fsd_common_msgs/include/fsd_common_msgs/fsd_common_msgs/msg/detail/as_state__rosidl_typesupport_introspection_c.h\n'}
[2.625960] (fsd_common_msgs) StdoutLine: {'line': b'-- Up-to-date: /home/jack/ros2_homework_advanced/install/fsd_common_msgs/include/fsd_common_msgs/fsd_common_msgs/msg/detail/feedback__type_support.c\n'}
[2.626280] (fsd_common_msgs) StdoutLine: {'line': b'-- Up-to-date: /home/jack/ros2_homework_advanced/install/fsd_common_msgs/include/fsd_common_msgs/fsd_common_msgs/msg/detail/can_frames__rosidl_typesupport_introspection_c.h\n'}
[2.626416] (fsd_common_msgs) StdoutLine: {'line': b'-- Up-to-date: /home/jack/ros2_homework_advanced/install/fsd_common_msgs/include/fsd_common_msgs/fsd_common_msgs/msg/detail/control_command__rosidl_typesupport_introspection_c.h\n'}
[2.626545] (fsd_common_msgs) StdoutLine: {'line': b'-- Up-to-date: /home/jack/ros2_homework_advanced/install/fsd_common_msgs/include/fsd_common_msgs/fsd_common_msgs/msg/detail/echiev_message__rosidl_typesupport_introspection_c.h\n'}
[2.626694] (fsd_common_msgs) StdoutLine: {'line': b'-- Up-to-date: /home/jack/ros2_homework_advanced/install/fsd_common_msgs/include/fsd_common_msgs/fsd_common_msgs/msg/detail/map__rosidl_typesupport_introspection_c.h\n'}
[2.626855] (fsd_common_msgs) StdoutLine: {'line': b'-- Up-to-date: /home/jack/ros2_homework_advanced/install/fsd_common_msgs/include/fsd_common_msgs/fsd_common_msgs/msg/detail/cone__type_support.c\n'}
[2.627896] (fsd_common_msgs) StdoutLine: {'line': b'-- Up-to-date: /home/jack/ros2_homework_advanced/install/fsd_common_msgs/include/fsd_common_msgs/fsd_common_msgs/msg/detail/yolo_cone_detections_track__type_support.c\n'}
[2.628122] (fsd_common_msgs) StdoutLine: {'line': b'-- Up-to-date: /home/jack/ros2_homework_advanced/install/fsd_common_msgs/include/fsd_common_msgs/fsd_common_msgs/msg/detail/yolo_cone_track__rosidl_typesupport_introspection_c.h\n'}
[2.628270] (fsd_common_msgs) StdoutLine: {'line': b'-- Up-to-date: /home/jack/ros2_homework_advanced/install/fsd_common_msgs/include/fsd_common_msgs/fsd_common_msgs/msg/detail/yolo_cone__rosidl_typesupport_introspection_c.h\n'}
[2.628431] (fsd_common_msgs) StdoutLine: {'line': b'-- Up-to-date: /home/jack/ros2_homework_advanced/install/fsd_common_msgs/include/fsd_common_msgs/fsd_common_msgs/msg/detail/remote_control_command__rosidl_typesupport_introspection_c.h\n'}
[2.628567] (fsd_common_msgs) StdoutLine: {'line': b'-- Up-to-date: /home/jack/ros2_homework_advanced/install/fsd_common_msgs/include/fsd_common_msgs/fsd_common_msgs/msg/detail/as_state__type_support.c\n'}
[2.628731] (fsd_common_msgs) StdoutLine: {'line': b'-- Up-to-date: /home/jack/ros2_homework_advanced/install/fsd_common_msgs/include/fsd_common_msgs/fsd_common_msgs/msg/detail/car_state_dt__rosidl_typesupport_introspection_c.h\n'}
[2.628862] (fsd_common_msgs) StdoutLine: {'line': b'-- Up-to-date: /home/jack/ros2_homework_advanced/install/fsd_common_msgs/include/fsd_common_msgs/fsd_common_msgs/msg/detail/echiev_message__type_support.c\n'}
[2.629005] (fsd_common_msgs) StdoutLine: {'line': b'-- Up-to-date: /home/jack/ros2_homework_advanced/install/fsd_common_msgs/include/fsd_common_msgs/fsd_common_msgs/msg/detail/cone_dbscan__rosidl_typesupport_introspection_c.h\n'}
[2.629154] (fsd_common_msgs) StdoutLine: {'line': b'-- Up-to-date: /home/jack/ros2_homework_advanced/install/fsd_common_msgs/include/fsd_common_msgs/fsd_common_msgs/msg/detail/yolo_cone_detections__rosidl_typesupport_introspection_c.h\n'}
[2.629295] (fsd_common_msgs) StdoutLine: {'line': b'-- Up-to-date: /home/jack/ros2_homework_advanced/install/fsd_common_msgs/include/fsd_common_msgs/fsd_common_msgs/msg/detail/driving_dynamics__rosidl_typesupport_introspection_c.h\n'}
[2.629453] (fsd_common_msgs) StdoutLine: {'line': b'-- Up-to-date: /home/jack/ros2_homework_advanced/install/fsd_common_msgs/include/fsd_common_msgs/fsd_common_msgs/msg/detail/time__rosidl_typesupport_introspection_c.h\n'}
[2.629585] (fsd_common_msgs) StdoutLine: {'line': b'-- Up-to-date: /home/jack/ros2_homework_advanced/install/fsd_common_msgs/include/fsd_common_msgs/fsd_common_msgs/msg/detail/res_and_ami__rosidl_typesupport_introspection_c.h\n'}
[2.629729] (fsd_common_msgs) StdoutLine: {'line': b'-- Up-to-date: /home/jack/ros2_homework_advanced/install/fsd_common_msgs/include/fsd_common_msgs/fsd_common_msgs/msg/detail/ins_delta__type_support.c\n'}
[2.629862] (fsd_common_msgs) StdoutLine: {'line': b'-- Up-to-date: /home/jack/ros2_homework_advanced/install/fsd_common_msgs/include/fsd_common_msgs/fsd_common_msgs/msg/detail/cone_detections_dbscan__type_support.c\n'}
[2.630621] (fsd_common_msgs) StdoutLine: {'line': b'-- Up-to-date: /home/jack/ros2_homework_advanced/install/fsd_common_msgs/include/fsd_common_msgs/fsd_common_msgs/msg/detail/skidpad_global_center_line__type_support.c\n'}
[2.631054] (fsd_common_msgs) StdoutLine: {'line': b'-- Up-to-date: /home/jack/ros2_homework_advanced/install/fsd_common_msgs/include/fsd_common_msgs/fsd_common_msgs/msg/detail/control_command__type_support.c\n'}
[2.631769] (fsd_common_msgs) StdoutLine: {'line': b'-- Up-to-date: /home/jack/ros2_homework_advanced/install/fsd_common_msgs/include/fsd_common_msgs/fsd_common_msgs/msg/detail/remote_control_command__type_support.c\n'}
[2.632184] (fsd_common_msgs) StdoutLine: {'line': b'-- Up-to-date: /home/jack/ros2_homework_advanced/install/fsd_common_msgs/include/fsd_common_msgs/fsd_common_msgs/msg/rosidl_typesupport_introspection_c__visibility_control.h\n'}
[2.633416] (fsd_common_msgs) StdoutLine: {'line': b'-- Up-to-date: /home/jack/ros2_homework_advanced/install/fsd_common_msgs/lib/libfsd_common_msgs__rosidl_typesupport_introspection_c.so\n'}
[2.634238] (fsd_common_msgs) StdoutLine: {'line': b'-- Up-to-date: /home/jack/ros2_homework_advanced/install/fsd_common_msgs/lib/libfsd_common_msgs__rosidl_typesupport_c.so\n'}
[2.634813] (fsd_common_msgs) StdoutLine: {'line': b'-- Up-to-date: /home/jack/ros2_homework_advanced/install/fsd_common_msgs/include/fsd_common_msgs/fsd_common_msgs\n'}
[2.635001] (fsd_common_msgs) StdoutLine: {'line': b'-- Up-to-date: /home/jack/ros2_homework_advanced/install/fsd_common_msgs/include/fsd_common_msgs/fsd_common_msgs/msg\n'}
[2.635187] (fsd_common_msgs) StdoutLine: {'line': b'-- Up-to-date: /home/jack/ros2_homework_advanced/install/fsd_common_msgs/include/fsd_common_msgs/fsd_common_msgs/msg/cone_detections_dbscan.hpp\n'}
[2.635330] (fsd_common_msgs) StdoutLine: {'line': b'-- Up-to-date: /home/jack/ros2_homework_advanced/install/fsd_common_msgs/include/fsd_common_msgs/fsd_common_msgs/msg/echiev_message.hpp\n'}
[2.635464] (fsd_common_msgs) StdoutLine: {'line': b'-- Up-to-date: /home/jack/ros2_homework_advanced/install/fsd_common_msgs/include/fsd_common_msgs/fsd_common_msgs/msg/control_command.hpp\n'}
[2.635595] (fsd_common_msgs) StdoutLine: {'line': b'-- Up-to-date: /home/jack/ros2_homework_advanced/install/fsd_common_msgs/include/fsd_common_msgs/fsd_common_msgs/msg/cone_detections.hpp\n'}
[2.635748] (fsd_common_msgs) StdoutLine: {'line': b'-- Up-to-date: /home/jack/ros2_homework_advanced/install/fsd_common_msgs/include/fsd_common_msgs/fsd_common_msgs/msg/cone_dbscan.hpp\n'}
[2.635884] (fsd_common_msgs) StdoutLine: {'line': b'-- Up-to-date: /home/jack/ros2_homework_advanced/install/fsd_common_msgs/include/fsd_common_msgs/fsd_common_msgs/msg/rosidl_generator_cpp__visibility_control.hpp\n'}
[2.638020] (fsd_common_msgs) StdoutLine: {'line': b'-- Up-to-date: /home/jack/ros2_homework_advanced/install/fsd_common_msgs/include/fsd_common_msgs/fsd_common_msgs/msg/car_state.hpp\n'}
[2.638273] (fsd_common_msgs) StdoutLine: {'line': b'-- Up-to-date: /home/jack/ros2_homework_advanced/install/fsd_common_msgs/include/fsd_common_msgs/fsd_common_msgs/msg/yolo_cone_detections_track.hpp\n'}
[2.638500] (fsd_common_msgs) StdoutLine: {'line': b'-- Up-to-date: /home/jack/ros2_homework_advanced/install/fsd_common_msgs/include/fsd_common_msgs/fsd_common_msgs/msg/ins_delta.hpp\n'}
[2.642380] (fsd_common_msgs) StdoutLine: {'line': b'-- Up-to-date: /home/jack/ros2_homework_advanced/install/fsd_common_msgs/include/fsd_common_msgs/fsd_common_msgs/msg/decision_flag.hpp\n'}
[2.642686] (fsd_common_msgs) StdoutLine: {'line': b'-- Up-to-date: /home/jack/ros2_homework_advanced/install/fsd_common_msgs/include/fsd_common_msgs/fsd_common_msgs/msg/yolo_cone.hpp\n'}
[2.642861] (fsd_common_msgs) StdoutLine: {'line': b'-- Up-to-date: /home/jack/ros2_homework_advanced/install/fsd_common_msgs/include/fsd_common_msgs/fsd_common_msgs/msg/trajectory_point.hpp\n'}
[2.643255] (fsd_common_msgs) StdoutLine: {'line': b'-- Up-to-date: /home/jack/ros2_homework_advanced/install/fsd_common_msgs/include/fsd_common_msgs/fsd_common_msgs/msg/car_state_dt.hpp\n'}
[2.643557] (fsd_common_msgs) StdoutLine: {'line': b'-- Up-to-date: /home/jack/ros2_homework_advanced/install/fsd_common_msgs/include/fsd_common_msgs/fsd_common_msgs/msg/detail\n'}
[2.643750] (fsd_common_msgs) StdoutLine: {'line': b'-- Up-to-date: /home/jack/ros2_homework_advanced/install/fsd_common_msgs/include/fsd_common_msgs/fsd_common_msgs/msg/detail/as_state__traits.hpp\n'}
[2.643912] (fsd_common_msgs) StdoutLine: {'line': b'-- Up-to-date: /home/jack/ros2_homework_advanced/install/fsd_common_msgs/include/fsd_common_msgs/fsd_common_msgs/msg/detail/driving_dynamics__type_support.hpp\n'}
[2.644101] (fsd_common_msgs) StdoutLine: {'line': b'-- Up-to-date: /home/jack/ros2_homework_advanced/install/fsd_common_msgs/include/fsd_common_msgs/fsd_common_msgs/msg/detail/cone_detections_dbscan__traits.hpp\n'}
[2.644244] (fsd_common_msgs) StdoutLine: {'line': b'-- Up-to-date: /home/jack/ros2_homework_advanced/install/fsd_common_msgs/include/fsd_common_msgs/fsd_common_msgs/msg/detail/cone_detections__builder.hpp\n'}
[2.644376] (fsd_common_msgs) StdoutLine: {'line': b'-- Up-to-date: /home/jack/ros2_homework_advanced/install/fsd_common_msgs/include/fsd_common_msgs/fsd_common_msgs/msg/detail/skidpad_global_center_line__traits.hpp\n'}
[2.644508] (fsd_common_msgs) StdoutLine: {'line': b'-- Up-to-date: /home/jack/ros2_homework_advanced/install/fsd_common_msgs/include/fsd_common_msgs/fsd_common_msgs/msg/detail/as_state__type_support.hpp\n'}
[2.644638] (fsd_common_msgs) StdoutLine: {'line': b'-- Up-to-date: /home/jack/ros2_homework_advanced/install/fsd_common_msgs/include/fsd_common_msgs/fsd_common_msgs/msg/detail/trajectory_point__builder.hpp\n'}
[2.644795] (fsd_common_msgs) StdoutLine: {'line': b'-- Up-to-date: /home/jack/ros2_homework_advanced/install/fsd_common_msgs/include/fsd_common_msgs/fsd_common_msgs/msg/detail/control_command__builder.hpp\n'}
[2.644927] (fsd_common_msgs) StdoutLine: {'line': b'-- Up-to-date: /home/jack/ros2_homework_advanced/install/fsd_common_msgs/include/fsd_common_msgs/fsd_common_msgs/msg/detail/control_command__traits.hpp\n'}
[2.645362] (fsd_common_msgs) StdoutLine: {'line': b'-- Up-to-date: /home/jack/ros2_homework_advanced/install/fsd_common_msgs/include/fsd_common_msgs/fsd_common_msgs/msg/detail/ins_delta__struct.hpp\n'}
[2.645534] (fsd_common_msgs) StdoutLine: {'line': b'-- Up-to-date: /home/jack/ros2_homework_advanced/install/fsd_common_msgs/include/fsd_common_msgs/fsd_common_msgs/msg/detail/track__builder.hpp\n'}
[2.645668] (fsd_common_msgs) StdoutLine: {'line': b'-- Up-to-date: /home/jack/ros2_homework_advanced/install/fsd_common_msgs/include/fsd_common_msgs/fsd_common_msgs/msg/detail/cone__builder.hpp\n'}
[2.645832] (fsd_common_msgs) StdoutLine: {'line': b'-- Up-to-date: /home/jack/ros2_homework_advanced/install/fsd_common_msgs/include/fsd_common_msgs/fsd_common_msgs/msg/detail/control_command__struct.hpp\n'}
[2.645965] (fsd_common_msgs) StdoutLine: {'line': b'-- Up-to-date: /home/jack/ros2_homework_advanced/install/fsd_common_msgs/include/fsd_common_msgs/fsd_common_msgs/msg/detail/skidpad_global_center_line__struct.hpp\n'}
[2.646133] (fsd_common_msgs) StdoutLine: {'line': b'-- Up-to-date: /home/jack/ros2_homework_advanced/install/fsd_common_msgs/include/fsd_common_msgs/fsd_common_msgs/msg/detail/decision_flag__type_support.hpp\n'}
[2.646266] (fsd_common_msgs) StdoutLine: {'line': b'-- Up-to-date: /home/jack/ros2_homework_advanced/install/fsd_common_msgs/include/fsd_common_msgs/fsd_common_msgs/msg/detail/cone_dbscan__type_support.hpp\n'}
[2.646396] (fsd_common_msgs) StdoutLine: {'line': b'-- Up-to-date: /home/jack/ros2_homework_advanced/install/fsd_common_msgs/include/fsd_common_msgs/fsd_common_msgs/msg/detail/yolo_cone_detections_track__builder.hpp\n'}
[2.646525] (fsd_common_msgs) StdoutLine: {'line': b'-- Up-to-date: /home/jack/ros2_homework_advanced/install/fsd_common_msgs/include/fsd_common_msgs/fsd_common_msgs/msg/detail/track__struct.hpp\n'}
[2.646682] (fsd_common_msgs) StdoutLine: {'line': b'-- Up-to-date: /home/jack/ros2_homework_advanced/install/fsd_common_msgs/include/fsd_common_msgs/fsd_common_msgs/msg/detail/asensing_message__builder.hpp\n'}
[2.646814] (fsd_common_msgs) StdoutLine: {'line': b'-- Up-to-date: /home/jack/ros2_homework_advanced/install/fsd_common_msgs/include/fsd_common_msgs/fsd_common_msgs/msg/detail/yolo_cone__type_support.hpp\n'}
[2.646944] (fsd_common_msgs) StdoutLine: {'line': b'-- Up-to-date: /home/jack/ros2_homework_advanced/install/fsd_common_msgs/include/fsd_common_msgs/fsd_common_msgs/msg/detail/remote_control_command__type_support.hpp\n'}
[2.647153] (fsd_common_msgs) StdoutLine: {'line': b'-- Up-to-date: /home/jack/ros2_homework_advanced/install/fsd_common_msgs/include/fsd_common_msgs/fsd_common_msgs/msg/detail/driving_dynamics__struct.hpp\n'}
[2.647294] (fsd_common_msgs) StdoutLine: {'line': b'-- Up-to-date: /home/jack/ros2_homework_advanced/install/fsd_common_msgs/include/fsd_common_msgs/fsd_common_msgs/msg/detail/car_state_dt__builder.hpp\n'}
[2.647451] (fsd_common_msgs) StdoutLine: {'line': b'-- Up-to-date: /home/jack/ros2_homework_advanced/install/fsd_common_msgs/include/fsd_common_msgs/fsd_common_msgs/msg/detail/visualization__traits.hpp\n'}
[2.647583] (fsd_common_msgs) StdoutLine: {'line': b'-- Up-to-date: /home/jack/ros2_homework_advanced/install/fsd_common_msgs/include/fsd_common_msgs/fsd_common_msgs/msg/detail/car_state__type_support.hpp\n'}
[2.647738] (fsd_common_msgs) StdoutLine: {'line': b'-- Up-to-date: /home/jack/ros2_homework_advanced/install/fsd_common_msgs/include/fsd_common_msgs/fsd_common_msgs/msg/detail/yolo_cone_detections__struct.hpp\n'}
[2.647874] (fsd_common_msgs) StdoutLine: {'line': b'-- Up-to-date: /home/jack/ros2_homework_advanced/install/fsd_common_msgs/include/fsd_common_msgs/fsd_common_msgs/msg/detail/as_state__builder.hpp\n'}
[2.648030] (fsd_common_msgs) StdoutLine: {'line': b'-- Up-to-date: /home/jack/ros2_homework_advanced/install/fsd_common_msgs/include/fsd_common_msgs/fsd_common_msgs/msg/detail/map__builder.hpp\n'}
[2.648175] (fsd_common_msgs) StdoutLine: {'line': b'-- Up-to-date: /home/jack/ros2_homework_advanced/install/fsd_common_msgs/include/fsd_common_msgs/fsd_common_msgs/msg/detail/decision_flag__builder.hpp\n'}
[2.648328] (fsd_common_msgs) StdoutLine: {'line': b'-- Up-to-date: /home/jack/ros2_homework_advanced/install/fsd_common_msgs/include/fsd_common_msgs/fsd_common_msgs/msg/detail/yolo_cone__traits.hpp\n'}
[2.648458] (fsd_common_msgs) StdoutLine: {'line': b'-- Up-to-date: /home/jack/ros2_homework_advanced/install/fsd_common_msgs/include/fsd_common_msgs/fsd_common_msgs/msg/detail/cone__traits.hpp\n'}
[2.648586] (fsd_common_msgs) StdoutLine: {'line': b'-- Up-to-date: /home/jack/ros2_homework_advanced/install/fsd_common_msgs/include/fsd_common_msgs/fsd_common_msgs/msg/detail/car_state_dt__traits.hpp\n'}
[2.648727] (fsd_common_msgs) StdoutLine: {'line': b'-- Up-to-date: /home/jack/ros2_homework_advanced/install/fsd_common_msgs/include/fsd_common_msgs/fsd_common_msgs/msg/detail/mission__struct.hpp\n'}
[2.648860] (fsd_common_msgs) StdoutLine: {'line': b'-- Up-to-date: /home/jack/ros2_homework_advanced/install/fsd_common_msgs/include/fsd_common_msgs/fsd_common_msgs/msg/detail/as_state__struct.hpp\n'}
[2.649002] (fsd_common_msgs) StdoutLine: {'line': b'-- Up-to-date: /home/jack/ros2_homework_advanced/install/fsd_common_msgs/include/fsd_common_msgs/fsd_common_msgs/msg/detail/time__struct.hpp\n'}
[2.649171] (fsd_common_msgs) StdoutLine: {'line': b'-- Up-to-date: /home/jack/ros2_homework_advanced/install/fsd_common_msgs/include/fsd_common_msgs/fsd_common_msgs/msg/detail/cone__type_support.hpp\n'}
[2.649303] (fsd_common_msgs) StdoutLine: {'line': b'-- Up-to-date: /home/jack/ros2_homework_advanced/install/fsd_common_msgs/include/fsd_common_msgs/fsd_common_msgs/msg/detail/trajectory_point__traits.hpp\n'}
[2.649431] (fsd_common_msgs) StdoutLine: {'line': b'-- Up-to-date: /home/jack/ros2_homework_advanced/install/fsd_common_msgs/include/fsd_common_msgs/fsd_common_msgs/msg/detail/map__struct.hpp\n'}
[2.649558] (fsd_common_msgs) StdoutLine: {'line': b'-- Up-to-date: /home/jack/ros2_homework_advanced/install/fsd_common_msgs/include/fsd_common_msgs/fsd_common_msgs/msg/detail/cone_detections_dbscan__struct.hpp\n'}
[2.649685] (fsd_common_msgs) StdoutLine: {'line': b'-- Up-to-date: /home/jack/ros2_homework_advanced/install/fsd_common_msgs/include/fsd_common_msgs/fsd_common_msgs/msg/detail/yolo_cone_detections_track__struct.hpp\n'}
[2.649854] (fsd_common_msgs) StdoutLine: {'line': b'-- Up-to-date: /home/jack/ros2_homework_advanced/install/fsd_common_msgs/include/fsd_common_msgs/fsd_common_msgs/msg/detail/car_state__traits.hpp\n'}
[2.650008] (fsd_common_msgs) StdoutLine: {'line': b'-- Up-to-date: /home/jack/ros2_homework_advanced/install/fsd_common_msgs/include/fsd_common_msgs/fsd_common_msgs/msg/detail/map__type_support.hpp\n'}
[2.650161] (fsd_common_msgs) StdoutLine: {'line': b'-- Up-to-date: /home/jack/ros2_homework_advanced/install/fsd_common_msgs/include/fsd_common_msgs/fsd_common_msgs/msg/detail/time__traits.hpp\n'}
[2.650292] (fsd_common_msgs) StdoutLine: {'line': b'-- Up-to-date: /home/jack/ros2_homework_advanced/install/fsd_common_msgs/include/fsd_common_msgs/fsd_common_msgs/msg/detail/yolo_cone_track__traits.hpp\n'}
[2.650425] (fsd_common_msgs) StdoutLine: {'line': b'-- Up-to-date: /home/jack/ros2_homework_advanced/install/fsd_common_msgs/include/fsd_common_msgs/fsd_common_msgs/msg/detail/yolo_cone__struct.hpp\n'}
[2.650554] (fsd_common_msgs) StdoutLine: {'line': b'-- Up-to-date: /home/jack/ros2_homework_advanced/install/fsd_common_msgs/include/fsd_common_msgs/fsd_common_msgs/msg/detail/echiev_message__type_support.hpp\n'}
[2.650685] (fsd_common_msgs) StdoutLine: {'line': b'-- Up-to-date: /home/jack/ros2_homework_advanced/install/fsd_common_msgs/include/fsd_common_msgs/fsd_common_msgs/msg/detail/cone_dbscan__builder.hpp\n'}
[2.650844] (fsd_common_msgs) StdoutLine: {'line': b'-- Up-to-date: /home/jack/ros2_homework_advanced/install/fsd_common_msgs/include/fsd_common_msgs/fsd_common_msgs/msg/detail/cone_detections__type_support.hpp\n'}
[2.650987] (fsd_common_msgs) StdoutLine: {'line': b'-- Up-to-date: /home/jack/ros2_homework_advanced/install/fsd_common_msgs/include/fsd_common_msgs/fsd_common_msgs/msg/detail/echiev_message__traits.hpp\n'}
[2.651314] (fsd_common_msgs) StdoutLine: {'line': b'-- Up-to-date: /home/jack/ros2_homework_advanced/install/fsd_common_msgs/include/fsd_common_msgs/fsd_common_msgs/msg/detail/time__builder.hpp\n'}
[2.651476] (fsd_common_msgs) StdoutLine: {'line': b'-- Up-to-date: /home/jack/ros2_homework_advanced/install/fsd_common_msgs/include/fsd_common_msgs/fsd_common_msgs/msg/detail/can_frames__traits.hpp\n'}
[2.651647] (fsd_common_msgs) StdoutLine: {'line': b'-- Up-to-date: /home/jack/ros2_homework_advanced/install/fsd_common_msgs/include/fsd_common_msgs/fsd_common_msgs/msg/detail/visualization__type_support.hpp\n'}
[2.651786] (fsd_common_msgs) StdoutLine: {'line': b'-- Up-to-date: /home/jack/ros2_homework_advanced/install/fsd_common_msgs/include/fsd_common_msgs/fsd_common_msgs/msg/detail/trajectory_point__struct.hpp\n'}
[2.651915] (fsd_common_msgs) StdoutLine: {'line': b'-- Up-to-date: /home/jack/ros2_homework_advanced/install/fsd_common_msgs/include/fsd_common_msgs/fsd_common_msgs/msg/detail/mission__builder.hpp\n'}
[2.653467] (fsd_common_msgs) StdoutLine: {'line': b'-- Up-to-date: /home/jack/ros2_homework_advanced/install/fsd_common_msgs/include/fsd_common_msgs/fsd_common_msgs/msg/detail/map__traits.hpp\n'}
[2.653660] (fsd_common_msgs) StdoutLine: {'line': b'-- Up-to-date: /home/jack/ros2_homework_advanced/install/fsd_common_msgs/include/fsd_common_msgs/fsd_common_msgs/msg/detail/can_frames__builder.hpp\n'}
[2.653837] (fsd_common_msgs) StdoutLine: {'line': b'-- Up-to-date: /home/jack/ros2_homework_advanced/install/fsd_common_msgs/include/fsd_common_msgs/fsd_common_msgs/msg/detail/res_and_ami__struct.hpp\n'}
[2.655550] (fsd_common_msgs) StdoutLine: {'line': b'-- Up-to-date: /home/jack/ros2_homework_advanced/install/fsd_common_msgs/include/fsd_common_msgs/fsd_common_msgs/msg/detail/cone_dbscan__traits.hpp\n'}
[2.655912] (fsd_common_msgs) StdoutLine: {'line': b'-- Up-to-date: /home/jack/ros2_homework_advanced/install/fsd_common_msgs/include/fsd_common_msgs/fsd_common_msgs/msg/detail/can_frames__type_support.hpp\n'}
[2.656118] (fsd_common_msgs) StdoutLine: {'line': b'-- Up-to-date: /home/jack/ros2_homework_advanced/install/fsd_common_msgs/include/fsd_common_msgs/fsd_common_msgs/msg/detail/visualization__struct.hpp\n'}
[2.656314] (fsd_common_msgs) StdoutLine: {'line': b'-- Up-to-date: /home/jack/ros2_homework_advanced/install/fsd_common_msgs/include/fsd_common_msgs/fsd_common_msgs/msg/detail/yolo_cone_track__struct.hpp\n'}
[2.656491] (fsd_common_msgs) StdoutLine: {'line': b'-- Up-to-date: /home/jack/ros2_homework_advanced/install/fsd_common_msgs/include/fsd_common_msgs/fsd_common_msgs/msg/detail/driving_dynamics__traits.hpp\n'}
[2.656631] (fsd_common_msgs) StdoutLine: {'line': b'-- Up-to-date: /home/jack/ros2_homework_advanced/install/fsd_common_msgs/include/fsd_common_msgs/fsd_common_msgs/msg/detail/mission__traits.hpp\n'}
[2.656786] (fsd_common_msgs) StdoutLine: {'line': b'-- Up-to-date: /home/jack/ros2_homework_advanced/install/fsd_common_msgs/include/fsd_common_msgs/fsd_common_msgs/msg/detail/mission__type_support.hpp\n'}
[2.656923] (fsd_common_msgs) StdoutLine: {'line': b'-- Up-to-date: /home/jack/ros2_homework_advanced/install/fsd_common_msgs/include/fsd_common_msgs/fsd_common_msgs/msg/detail/asensing_message__type_support.hpp\n'}
[2.658625] (fsd_common_msgs) StdoutLine: {'line': b'-- Up-to-date: /home/jack/ros2_homework_advanced/install/fsd_common_msgs/include/fsd_common_msgs/fsd_common_msgs/msg/detail/yolo_cone_detections_track__type_support.hpp\n'}
[2.658852] (fsd_common_msgs) StdoutLine: {'line': b'-- Up-to-date: /home/jack/ros2_homework_advanced/install/fsd_common_msgs/include/fsd_common_msgs/fsd_common_msgs/msg/detail/asensing_message__struct.hpp\n'}
[2.659021] (fsd_common_msgs) StdoutLine: {'line': b'-- Up-to-date: /home/jack/ros2_homework_advanced/install/fsd_common_msgs/include/fsd_common_msgs/fsd_common_msgs/msg/detail/remote_control_command__traits.hpp\n'}
[2.659179] (fsd_common_msgs) StdoutLine: {'line': b'-- Up-to-date: /home/jack/ros2_homework_advanced/install/fsd_common_msgs/include/fsd_common_msgs/fsd_common_msgs/msg/detail/skidpad_global_center_line__builder.hpp\n'}
[2.659318] (fsd_common_msgs) StdoutLine: {'line': b'-- Up-to-date: /home/jack/ros2_homework_advanced/install/fsd_common_msgs/include/fsd_common_msgs/fsd_common_msgs/msg/detail/track__type_support.hpp\n'}
[2.659450] (fsd_common_msgs) StdoutLine: {'line': b'-- Up-to-date: /home/jack/ros2_homework_advanced/install/fsd_common_msgs/include/fsd_common_msgs/fsd_common_msgs/msg/detail/visualization__builder.hpp\n'}
[2.659580] (fsd_common_msgs) StdoutLine: {'line': b'-- Up-to-date: /home/jack/ros2_homework_advanced/install/fsd_common_msgs/include/fsd_common_msgs/fsd_common_msgs/msg/detail/echiev_message__struct.hpp\n'}
[2.659732] (fsd_common_msgs) StdoutLine: {'line': b'-- Up-to-date: /home/jack/ros2_homework_advanced/install/fsd_common_msgs/include/fsd_common_msgs/fsd_common_msgs/msg/detail/trajectory_point__type_support.hpp\n'}
[2.659870] (fsd_common_msgs) StdoutLine: {'line': b'-- Up-to-date: /home/jack/ros2_homework_advanced/install/fsd_common_msgs/include/fsd_common_msgs/fsd_common_msgs/msg/detail/cone__struct.hpp\n'}
[2.660637] (fsd_common_msgs) StdoutLine: {'line': b'-- Up-to-date: /home/jack/ros2_homework_advanced/install/fsd_common_msgs/include/fsd_common_msgs/fsd_common_msgs/msg/detail/yolo_cone_detections__type_support.hpp\n'}
[2.660875] (fsd_common_msgs) StdoutLine: {'line': b'-- Up-to-date: /home/jack/ros2_homework_advanced/install/fsd_common_msgs/include/fsd_common_msgs/fsd_common_msgs/msg/detail/feedback__builder.hpp\n'}
[2.661087] (fsd_common_msgs) StdoutLine: {'line': b'-- Up-to-date: /home/jack/ros2_homework_advanced/install/fsd_common_msgs/include/fsd_common_msgs/fsd_common_msgs/msg/detail/driving_dynamics__builder.hpp\n'}
[2.661233] (fsd_common_msgs) StdoutLine: {'line': b'-- Up-to-date: /home/jack/ros2_homework_advanced/install/fsd_common_msgs/include/fsd_common_msgs/fsd_common_msgs/msg/detail/decision_flag__traits.hpp\n'}
[2.661384] (fsd_common_msgs) StdoutLine: {'line': b'-- Up-to-date: /home/jack/ros2_homework_advanced/install/fsd_common_msgs/include/fsd_common_msgs/fsd_common_msgs/msg/detail/yolo_cone__builder.hpp\n'}
[2.661516] (fsd_common_msgs) StdoutLine: {'line': b'-- Up-to-date: /home/jack/ros2_homework_advanced/install/fsd_common_msgs/include/fsd_common_msgs/fsd_common_msgs/msg/detail/car_state__builder.hpp\n'}
[2.661661] (fsd_common_msgs) StdoutLine: {'line': b'-- Up-to-date: /home/jack/ros2_homework_advanced/install/fsd_common_msgs/include/fsd_common_msgs/fsd_common_msgs/msg/detail/yolo_cone_detections_track__traits.hpp\n'}
[2.661809] (fsd_common_msgs) StdoutLine: {'line': b'-- Up-to-date: /home/jack/ros2_homework_advanced/install/fsd_common_msgs/include/fsd_common_msgs/fsd_common_msgs/msg/detail/cone_detections_dbscan__builder.hpp\n'}
[2.661938] (fsd_common_msgs) StdoutLine: {'line': b'-- Up-to-date: /home/jack/ros2_homework_advanced/install/fsd_common_msgs/include/fsd_common_msgs/fsd_common_msgs/msg/detail/car_state_dt__type_support.hpp\n'}
[2.662093] (fsd_common_msgs) StdoutLine: {'line': b'-- Up-to-date: /home/jack/ros2_homework_advanced/install/fsd_common_msgs/include/fsd_common_msgs/fsd_common_msgs/msg/detail/car_state__struct.hpp\n'}
[2.662245] (fsd_common_msgs) StdoutLine: {'line': b'-- Up-to-date: /home/jack/ros2_homework_advanced/install/fsd_common_msgs/include/fsd_common_msgs/fsd_common_msgs/msg/detail/can_frames__struct.hpp\n'}
[2.662379] (fsd_common_msgs) StdoutLine: {'line': b'-- Up-to-date: /home/jack/ros2_homework_advanced/install/fsd_common_msgs/include/fsd_common_msgs/fsd_common_msgs/msg/detail/yolo_cone_detections__builder.hpp\n'}
[2.662506] (fsd_common_msgs) StdoutLine: {'line': b'-- Up-to-date: /home/jack/ros2_homework_advanced/install/fsd_common_msgs/include/fsd_common_msgs/fsd_common_msgs/msg/detail/feedback__traits.hpp\n'}
[2.662634] (fsd_common_msgs) StdoutLine: {'line': b'-- Up-to-date: /home/jack/ros2_homework_advanced/install/fsd_common_msgs/include/fsd_common_msgs/fsd_common_msgs/msg/detail/skidpad_global_center_line__type_support.hpp\n'}
[2.662784] (fsd_common_msgs) StdoutLine: {'line': b'-- Up-to-date: /home/jack/ros2_homework_advanced/install/fsd_common_msgs/include/fsd_common_msgs/fsd_common_msgs/msg/detail/feedback__type_support.hpp\n'}
[2.662912] (fsd_common_msgs) StdoutLine: {'line': b'-- Up-to-date: /home/jack/ros2_homework_advanced/install/fsd_common_msgs/include/fsd_common_msgs/fsd_common_msgs/msg/detail/cone_detections_dbscan__type_support.hpp\n'}
[2.663066] (fsd_common_msgs) StdoutLine: {'line': b'-- Up-to-date: /home/jack/ros2_homework_advanced/install/fsd_common_msgs/include/fsd_common_msgs/fsd_common_msgs/msg/detail/cone_dbscan__struct.hpp\n'}
[2.663200] (fsd_common_msgs) StdoutLine: {'line': b'-- Up-to-date: /home/jack/ros2_homework_advanced/install/fsd_common_msgs/include/fsd_common_msgs/fsd_common_msgs/msg/detail/yolo_cone_detections__traits.hpp\n'}
[2.663327] (fsd_common_msgs) StdoutLine: {'line': b'-- Up-to-date: /home/jack/ros2_homework_advanced/install/fsd_common_msgs/include/fsd_common_msgs/fsd_common_msgs/msg/detail/yolo_cone_track__builder.hpp\n'}
[2.663453] (fsd_common_msgs) StdoutLine: {'line': b'-- Up-to-date: /home/jack/ros2_homework_advanced/install/fsd_common_msgs/include/fsd_common_msgs/fsd_common_msgs/msg/detail/yolo_cone_track__type_support.hpp\n'}
[2.663577] (fsd_common_msgs) StdoutLine: {'line': b'-- Up-to-date: /home/jack/ros2_homework_advanced/install/fsd_common_msgs/include/fsd_common_msgs/fsd_common_msgs/msg/detail/cone_detections__traits.hpp\n'}
[2.663702] (fsd_common_msgs) StdoutLine: {'line': b'-- Up-to-date: /home/jack/ros2_homework_advanced/install/fsd_common_msgs/include/fsd_common_msgs/fsd_common_msgs/msg/detail/remote_control_command__builder.hpp\n'}
[2.664425] (fsd_common_msgs) StdoutLine: {'line': b'-- Up-to-date: /home/jack/ros2_homework_advanced/install/fsd_common_msgs/include/fsd_common_msgs/fsd_common_msgs/msg/detail/ins_delta__builder.hpp\n'}
[2.664647] (fsd_common_msgs) StdoutLine: {'line': b'-- Up-to-date: /home/jack/ros2_homework_advanced/install/fsd_common_msgs/include/fsd_common_msgs/fsd_common_msgs/msg/detail/res_and_ami__traits.hpp\n'}
[2.664789] (fsd_common_msgs) StdoutLine: {'line': b'-- Up-to-date: /home/jack/ros2_homework_advanced/install/fsd_common_msgs/include/fsd_common_msgs/fsd_common_msgs/msg/detail/feedback__struct.hpp\n'}
[2.664919] (fsd_common_msgs) StdoutLine: {'line': b'-- Up-to-date: /home/jack/ros2_homework_advanced/install/fsd_common_msgs/include/fsd_common_msgs/fsd_common_msgs/msg/detail/cone_detections__struct.hpp\n'}
[2.665110] (fsd_common_msgs) StdoutLine: {'line': b'-- Up-to-date: /home/jack/ros2_homework_advanced/install/fsd_common_msgs/include/fsd_common_msgs/fsd_common_msgs/msg/detail/res_and_ami__type_support.hpp\n'}
[2.665246] (fsd_common_msgs) StdoutLine: {'line': b'-- Up-to-date: /home/jack/ros2_homework_advanced/install/fsd_common_msgs/include/fsd_common_msgs/fsd_common_msgs/msg/detail/ins_delta__traits.hpp\n'}
[2.665412] (fsd_common_msgs) StdoutLine: {'line': b'-- Up-to-date: /home/jack/ros2_homework_advanced/install/fsd_common_msgs/include/fsd_common_msgs/fsd_common_msgs/msg/detail/asensing_message__traits.hpp\n'}
[2.665564] (fsd_common_msgs) StdoutLine: {'line': b'-- Up-to-date: /home/jack/ros2_homework_advanced/install/fsd_common_msgs/include/fsd_common_msgs/fsd_common_msgs/msg/detail/remote_control_command__struct.hpp\n'}
[2.665695] (fsd_common_msgs) StdoutLine: {'line': b'-- Up-to-date: /home/jack/ros2_homework_advanced/install/fsd_common_msgs/include/fsd_common_msgs/fsd_common_msgs/msg/detail/decision_flag__struct.hpp\n'}
[2.665843] (fsd_common_msgs) StdoutLine: {'line': b'-- Up-to-date: /home/jack/ros2_homework_advanced/install/fsd_common_msgs/include/fsd_common_msgs/fsd_common_msgs/msg/detail/time__type_support.hpp\n'}
[2.665984] (fsd_common_msgs) StdoutLine: {'line': b'-- Up-to-date: /home/jack/ros2_homework_advanced/install/fsd_common_msgs/include/fsd_common_msgs/fsd_common_msgs/msg/detail/ins_delta__type_support.hpp\n'}
[2.666131] (fsd_common_msgs) StdoutLine: {'line': b'-- Up-to-date: /home/jack/ros2_homework_advanced/install/fsd_common_msgs/include/fsd_common_msgs/fsd_common_msgs/msg/detail/echiev_message__builder.hpp\n'}
[2.666281] (fsd_common_msgs) StdoutLine: {'line': b'-- Up-to-date: /home/jack/ros2_homework_advanced/install/fsd_common_msgs/include/fsd_common_msgs/fsd_common_msgs/msg/detail/car_state_dt__struct.hpp\n'}
[2.666410] (fsd_common_msgs) StdoutLine: {'line': b'-- Up-to-date: /home/jack/ros2_homework_advanced/install/fsd_common_msgs/include/fsd_common_msgs/fsd_common_msgs/msg/detail/control_command__type_support.hpp\n'}
[2.666538] (fsd_common_msgs) StdoutLine: {'line': b'-- Up-to-date: /home/jack/ros2_homework_advanced/install/fsd_common_msgs/include/fsd_common_msgs/fsd_common_msgs/msg/detail/res_and_ami__builder.hpp\n'}
[2.666665] (fsd_common_msgs) StdoutLine: {'line': b'-- Up-to-date: /home/jack/ros2_homework_advanced/install/fsd_common_msgs/include/fsd_common_msgs/fsd_common_msgs/msg/detail/track__traits.hpp\n'}
[2.666892] (fsd_common_msgs) StdoutLine: {'line': b'-- Up-to-date: /home/jack/ros2_homework_advanced/install/fsd_common_msgs/include/fsd_common_msgs/fsd_common_msgs/msg/skidpad_global_center_line.hpp\n'}
[2.667051] (fsd_common_msgs) StdoutLine: {'line': b'-- Up-to-date: /home/jack/ros2_homework_advanced/install/fsd_common_msgs/include/fsd_common_msgs/fsd_common_msgs/msg/as_state.hpp\n'}
[2.667216] (fsd_common_msgs) StdoutLine: {'line': b'-- Up-to-date: /home/jack/ros2_homework_advanced/install/fsd_common_msgs/include/fsd_common_msgs/fsd_common_msgs/msg/remote_control_command.hpp\n'}
[2.667348] (fsd_common_msgs) StdoutLine: {'line': b'-- Up-to-date: /home/jack/ros2_homework_advanced/install/fsd_common_msgs/include/fsd_common_msgs/fsd_common_msgs/msg/mission.hpp\n'}
[2.667476] (fsd_common_msgs) StdoutLine: {'line': b'-- Up-to-date: /home/jack/ros2_homework_advanced/install/fsd_common_msgs/include/fsd_common_msgs/fsd_common_msgs/msg/visualization.hpp\n'}
[2.667603] (fsd_common_msgs) StdoutLine: {'line': b'-- Up-to-date: /home/jack/ros2_homework_advanced/install/fsd_common_msgs/include/fsd_common_msgs/fsd_common_msgs/msg/cone.hpp\n'}
[2.667751] (fsd_common_msgs) StdoutLine: {'line': b'-- Up-to-date: /home/jack/ros2_homework_advanced/install/fsd_common_msgs/include/fsd_common_msgs/fsd_common_msgs/msg/yolo_cone_detections.hpp\n'}
[2.667883] (fsd_common_msgs) StdoutLine: {'line': b'-- Up-to-date: /home/jack/ros2_homework_advanced/install/fsd_common_msgs/include/fsd_common_msgs/fsd_common_msgs/msg/track.hpp\n'}
[2.668056] (fsd_common_msgs) StdoutLine: {'line': b'-- Up-to-date: /home/jack/ros2_homework_advanced/install/fsd_common_msgs/include/fsd_common_msgs/fsd_common_msgs/msg/yolo_cone_track.hpp\n'}
[2.668194] (fsd_common_msgs) StdoutLine: {'line': b'-- Up-to-date: /home/jack/ros2_homework_advanced/install/fsd_common_msgs/include/fsd_common_msgs/fsd_common_msgs/msg/feedback.hpp\n'}
[2.668323] (fsd_common_msgs) StdoutLine: {'line': b'-- Up-to-date: /home/jack/ros2_homework_advanced/install/fsd_common_msgs/include/fsd_common_msgs/fsd_common_msgs/msg/driving_dynamics.hpp\n'}
[2.668450] (fsd_common_msgs) StdoutLine: {'line': b'-- Up-to-date: /home/jack/ros2_homework_advanced/install/fsd_common_msgs/include/fsd_common_msgs/fsd_common_msgs/msg/time.hpp\n'}
[2.668578] (fsd_common_msgs) StdoutLine: {'line': b'-- Up-to-date: /home/jack/ros2_homework_advanced/install/fsd_common_msgs/include/fsd_common_msgs/fsd_common_msgs/msg/asensing_message.hpp\n'}
[2.668724] (fsd_common_msgs) StdoutLine: {'line': b'-- Up-to-date: /home/jack/ros2_homework_advanced/install/fsd_common_msgs/include/fsd_common_msgs/fsd_common_msgs/msg/map.hpp\n'}
[2.668860] (fsd_common_msgs) StdoutLine: {'line': b'-- Up-to-date: /home/jack/ros2_homework_advanced/install/fsd_common_msgs/include/fsd_common_msgs/fsd_common_msgs/msg/res_and_ami.hpp\n'}
[2.669001] (fsd_common_msgs) StdoutLine: {'line': b'-- Up-to-date: /home/jack/ros2_homework_advanced/install/fsd_common_msgs/include/fsd_common_msgs/fsd_common_msgs/msg/can_frames.hpp\n'}
[2.669149] (fsd_common_msgs) StdoutLine: {'line': b'-- Up-to-date: /home/jack/ros2_homework_advanced/install/fsd_common_msgs/include/fsd_common_msgs/fsd_common_msgs\n'}
[2.671876] (fsd_common_msgs) StdoutLine: {'line': b'-- Up-to-date: /home/jack/ros2_homework_advanced/install/fsd_common_msgs/include/fsd_common_msgs/fsd_common_msgs/msg\n'}
[2.672236] (fsd_common_msgs) StdoutLine: {'line': b'-- Up-to-date: /home/jack/ros2_homework_advanced/install/fsd_common_msgs/include/fsd_common_msgs/fsd_common_msgs/msg/detail\n'}
[2.672420] (fsd_common_msgs) StdoutLine: {'line': b'-- Up-to-date: /home/jack/ros2_homework_advanced/install/fsd_common_msgs/include/fsd_common_msgs/fsd_common_msgs/msg/detail/as_state__rosidl_typesupport_fastrtps_cpp.hpp\n'}
[2.672614] (fsd_common_msgs) StdoutLine: {'line': b'-- Up-to-date: /home/jack/ros2_homework_advanced/install/fsd_common_msgs/include/fsd_common_msgs/fsd_common_msgs/msg/detail/res_and_ami__rosidl_typesupport_fastrtps_cpp.hpp\n'}
[2.672796] (fsd_common_msgs) StdoutLine: {'line': b'-- Up-to-date: /home/jack/ros2_homework_advanced/install/fsd_common_msgs/include/fsd_common_msgs/fsd_common_msgs/msg/detail/cone_detections__rosidl_typesupport_fastrtps_cpp.hpp\n'}
[2.672937] (fsd_common_msgs) StdoutLine: {'line': b'-- Up-to-date: /home/jack/ros2_homework_advanced/install/fsd_common_msgs/include/fsd_common_msgs/fsd_common_msgs/msg/detail/map__rosidl_typesupport_fastrtps_cpp.hpp\n'}
[2.673109] (fsd_common_msgs) StdoutLine: {'line': b'-- Up-to-date: /home/jack/ros2_homework_advanced/install/fsd_common_msgs/include/fsd_common_msgs/fsd_common_msgs/msg/detail/feedback__rosidl_typesupport_fastrtps_cpp.hpp\n'}
[2.673253] (fsd_common_msgs) StdoutLine: {'line': b'-- Up-to-date: /home/jack/ros2_homework_advanced/install/fsd_common_msgs/include/fsd_common_msgs/fsd_common_msgs/msg/detail/can_frames__rosidl_typesupport_fastrtps_cpp.hpp\n'}
[2.673386] (fsd_common_msgs) StdoutLine: {'line': b'-- Up-to-date: /home/jack/ros2_homework_advanced/install/fsd_common_msgs/include/fsd_common_msgs/fsd_common_msgs/msg/detail/remote_control_command__rosidl_typesupport_fastrtps_cpp.hpp\n'}
[2.673518] (fsd_common_msgs) StdoutLine: {'line': b'-- Up-to-date: /home/jack/ros2_homework_advanced/install/fsd_common_msgs/include/fsd_common_msgs/fsd_common_msgs/msg/detail/mission__rosidl_typesupport_fastrtps_cpp.hpp\n'}
[2.673680] (fsd_common_msgs) StdoutLine: {'line': b'-- Up-to-date: /home/jack/ros2_homework_advanced/install/fsd_common_msgs/include/fsd_common_msgs/fsd_common_msgs/msg/detail/ins_delta__rosidl_typesupport_fastrtps_cpp.hpp\n'}
[2.673835] (fsd_common_msgs) StdoutLine: {'line': b'-- Up-to-date: /home/jack/ros2_homework_advanced/install/fsd_common_msgs/include/fsd_common_msgs/fsd_common_msgs/msg/detail/yolo_cone_track__rosidl_typesupport_fastrtps_cpp.hpp\n'}
[2.673965] (fsd_common_msgs) StdoutLine: {'line': b'-- Up-to-date: /home/jack/ros2_homework_advanced/install/fsd_common_msgs/include/fsd_common_msgs/fsd_common_msgs/msg/detail/echiev_message__rosidl_typesupport_fastrtps_cpp.hpp\n'}
[2.675048] (fsd_common_msgs) StdoutLine: {'line': b'-- Up-to-date: /home/jack/ros2_homework_advanced/install/fsd_common_msgs/include/fsd_common_msgs/fsd_common_msgs/msg/detail/car_state_dt__rosidl_typesupport_fastrtps_cpp.hpp\n'}
[2.675290] (fsd_common_msgs) StdoutLine: {'line': b'-- Up-to-date: /home/jack/ros2_homework_advanced/install/fsd_common_msgs/include/fsd_common_msgs/fsd_common_msgs/msg/detail/track__rosidl_typesupport_fastrtps_cpp.hpp\n'}
[2.675436] (fsd_common_msgs) StdoutLine: {'line': b'-- Up-to-date: /home/jack/ros2_homework_advanced/install/fsd_common_msgs/include/fsd_common_msgs/fsd_common_msgs/msg/detail/cone__rosidl_typesupport_fastrtps_cpp.hpp\n'}
[2.675569] (fsd_common_msgs) StdoutLine: {'line': b'-- Up-to-date: /home/jack/ros2_homework_advanced/install/fsd_common_msgs/include/fsd_common_msgs/fsd_common_msgs/msg/detail/cone_dbscan__rosidl_typesupport_fastrtps_cpp.hpp\n'}
[2.675699] (fsd_common_msgs) StdoutLine: {'line': b'-- Up-to-date: /home/jack/ros2_homework_advanced/install/fsd_common_msgs/include/fsd_common_msgs/fsd_common_msgs/msg/detail/cone_detections_dbscan__rosidl_typesupport_fastrtps_cpp.hpp\n'}
[2.675851] (fsd_common_msgs) StdoutLine: {'line': b'-- Up-to-date: /home/jack/ros2_homework_advanced/install/fsd_common_msgs/include/fsd_common_msgs/fsd_common_msgs/msg/detail/asensing_message__rosidl_typesupport_fastrtps_cpp.hpp\n'}
[2.675997] (fsd_common_msgs) StdoutLine: {'line': b'-- Up-to-date: /home/jack/ros2_homework_advanced/install/fsd_common_msgs/include/fsd_common_msgs/fsd_common_msgs/msg/detail/yolo_cone_detections_track__rosidl_typesupport_fastrtps_cpp.hpp\n'}
[2.676169] (fsd_common_msgs) StdoutLine: {'line': b'-- Up-to-date: /home/jack/ros2_homework_advanced/install/fsd_common_msgs/include/fsd_common_msgs/fsd_common_msgs/msg/detail/dds_fastrtps\n'}
[2.676303] (fsd_common_msgs) StdoutLine: {'line': b'-- Up-to-date: /home/jack/ros2_homework_advanced/install/fsd_common_msgs/include/fsd_common_msgs/fsd_common_msgs/msg/detail/time__rosidl_typesupport_fastrtps_cpp.hpp\n'}
[2.676433] (fsd_common_msgs) StdoutLine: {'line': b'-- Up-to-date: /home/jack/ros2_homework_advanced/install/fsd_common_msgs/include/fsd_common_msgs/fsd_common_msgs/msg/detail/driving_dynamics__rosidl_typesupport_fastrtps_cpp.hpp\n'}
[2.676587] (fsd_common_msgs) StdoutLine: {'line': b'-- Up-to-date: /home/jack/ros2_homework_advanced/install/fsd_common_msgs/include/fsd_common_msgs/fsd_common_msgs/msg/detail/trajectory_point__rosidl_typesupport_fastrtps_cpp.hpp\n'}
[2.676744] (fsd_common_msgs) StdoutLine: {'line': b'-- Up-to-date: /home/jack/ros2_homework_advanced/install/fsd_common_msgs/include/fsd_common_msgs/fsd_common_msgs/msg/detail/visualization__rosidl_typesupport_fastrtps_cpp.hpp\n'}
[2.676878] (fsd_common_msgs) StdoutLine: {'line': b'-- Up-to-date: /home/jack/ros2_homework_advanced/install/fsd_common_msgs/include/fsd_common_msgs/fsd_common_msgs/msg/detail/car_state__rosidl_typesupport_fastrtps_cpp.hpp\n'}
[2.677032] (fsd_common_msgs) StdoutLine: {'line': b'-- Up-to-date: /home/jack/ros2_homework_advanced/install/fsd_common_msgs/include/fsd_common_msgs/fsd_common_msgs/msg/detail/yolo_cone_detections__rosidl_typesupport_fastrtps_cpp.hpp\n'}
[2.677213] (fsd_common_msgs) StdoutLine: {'line': b'-- Up-to-date: /home/jack/ros2_homework_advanced/install/fsd_common_msgs/include/fsd_common_msgs/fsd_common_msgs/msg/detail/decision_flag__rosidl_typesupport_fastrtps_cpp.hpp\n'}
[2.677346] (fsd_common_msgs) StdoutLine: {'line': b'-- Up-to-date: /home/jack/ros2_homework_advanced/install/fsd_common_msgs/include/fsd_common_msgs/fsd_common_msgs/msg/detail/skidpad_global_center_line__rosidl_typesupport_fastrtps_cpp.hpp\n'}
[2.677491] (fsd_common_msgs) StdoutLine: {'line': b'-- Up-to-date: /home/jack/ros2_homework_advanced/install/fsd_common_msgs/include/fsd_common_msgs/fsd_common_msgs/msg/detail/yolo_cone__rosidl_typesupport_fastrtps_cpp.hpp\n'}
[2.677620] (fsd_common_msgs) StdoutLine: {'line': b'-- Up-to-date: /home/jack/ros2_homework_advanced/install/fsd_common_msgs/include/fsd_common_msgs/fsd_common_msgs/msg/detail/control_command__rosidl_typesupport_fastrtps_cpp.hpp\n'}
[2.677773] (fsd_common_msgs) StdoutLine: {'line': b'-- Up-to-date: /home/jack/ros2_homework_advanced/install/fsd_common_msgs/include/fsd_common_msgs/fsd_common_msgs/msg/rosidl_typesupport_fastrtps_cpp__visibility_control.h\n'}
[2.677903] (fsd_common_msgs) StdoutLine: {'line': b'-- Up-to-date: /home/jack/ros2_homework_advanced/install/fsd_common_msgs/lib/libfsd_common_msgs__rosidl_typesupport_fastrtps_cpp.so\n'}
[2.678088] (fsd_common_msgs) StdoutLine: {'line': b'-- Up-to-date: /home/jack/ros2_homework_advanced/install/fsd_common_msgs/include/fsd_common_msgs/fsd_common_msgs\n'}
[2.678230] (fsd_common_msgs) StdoutLine: {'line': b'-- Up-to-date: /home/jack/ros2_homework_advanced/install/fsd_common_msgs/include/fsd_common_msgs/fsd_common_msgs/msg\n'}
[2.678359] (fsd_common_msgs) StdoutLine: {'line': b'-- Up-to-date: /home/jack/ros2_homework_advanced/install/fsd_common_msgs/include/fsd_common_msgs/fsd_common_msgs/msg/detail\n'}
[2.678540] (fsd_common_msgs) StdoutLine: {'line': b'-- Up-to-date: /home/jack/ros2_homework_advanced/install/fsd_common_msgs/include/fsd_common_msgs/fsd_common_msgs/msg/detail/decision_flag__type_support.cpp\n'}
[2.678703] (fsd_common_msgs) StdoutLine: {'line': b'-- Up-to-date: /home/jack/ros2_homework_advanced/install/fsd_common_msgs/include/fsd_common_msgs/fsd_common_msgs/msg/detail/yolo_cone_detections__rosidl_typesupport_introspection_cpp.hpp\n'}
[2.678834] (fsd_common_msgs) StdoutLine: {'line': b'-- Up-to-date: /home/jack/ros2_homework_advanced/install/fsd_common_msgs/include/fsd_common_msgs/fsd_common_msgs/msg/detail/visualization__type_support.cpp\n'}
[2.678962] (fsd_common_msgs) StdoutLine: {'line': b'-- Up-to-date: /home/jack/ros2_homework_advanced/install/fsd_common_msgs/include/fsd_common_msgs/fsd_common_msgs/msg/detail/mission__rosidl_typesupport_introspection_cpp.hpp\n'}
[2.679124] (fsd_common_msgs) StdoutLine: {'line': b'-- Up-to-date: /home/jack/ros2_homework_advanced/install/fsd_common_msgs/include/fsd_common_msgs/fsd_common_msgs/msg/detail/cone__type_support.cpp\n'}
[2.679254] (fsd_common_msgs) StdoutLine: {'line': b'-- Up-to-date: /home/jack/ros2_homework_advanced/install/fsd_common_msgs/include/fsd_common_msgs/fsd_common_msgs/msg/detail/track__type_support.cpp\n'}
[2.679406] (fsd_common_msgs) StdoutLine: {'line': b'-- Up-to-date: /home/jack/ros2_homework_advanced/install/fsd_common_msgs/include/fsd_common_msgs/fsd_common_msgs/msg/detail/yolo_cone__type_support.cpp\n'}
[2.679537] (fsd_common_msgs) StdoutLine: {'line': b'-- Up-to-date: /home/jack/ros2_homework_advanced/install/fsd_common_msgs/include/fsd_common_msgs/fsd_common_msgs/msg/detail/driving_dynamics__type_support.cpp\n'}
[2.679663] (fsd_common_msgs) StdoutLine: {'line': b'-- Up-to-date: /home/jack/ros2_homework_advanced/install/fsd_common_msgs/include/fsd_common_msgs/fsd_common_msgs/msg/detail/control_command__type_support.cpp\n'}
[2.679806] (fsd_common_msgs) StdoutLine: {'line': b'-- Up-to-date: /home/jack/ros2_homework_advanced/install/fsd_common_msgs/include/fsd_common_msgs/fsd_common_msgs/msg/detail/track__rosidl_typesupport_introspection_cpp.hpp\n'}
[2.679936] (fsd_common_msgs) StdoutLine: {'line': b'-- Up-to-date: /home/jack/ros2_homework_advanced/install/fsd_common_msgs/include/fsd_common_msgs/fsd_common_msgs/msg/detail/yolo_cone_track__type_support.cpp\n'}
[2.680091] (fsd_common_msgs) StdoutLine: {'line': b'-- Up-to-date: /home/jack/ros2_homework_advanced/install/fsd_common_msgs/include/fsd_common_msgs/fsd_common_msgs/msg/detail/car_state__rosidl_typesupport_introspection_cpp.hpp\n'}
[2.680275] (fsd_common_msgs) StdoutLine: {'line': b'-- Up-to-date: /home/jack/ros2_homework_advanced/install/fsd_common_msgs/include/fsd_common_msgs/fsd_common_msgs/msg/detail/yolo_cone_detections_track__type_support.cpp\n'}
[2.680410] (fsd_common_msgs) StdoutLine: {'line': b'-- Up-to-date: /home/jack/ros2_homework_advanced/install/fsd_common_msgs/include/fsd_common_msgs/fsd_common_msgs/msg/detail/yolo_cone__rosidl_typesupport_introspection_cpp.hpp\n'}
[2.680539] (fsd_common_msgs) StdoutLine: {'line': b'-- Up-to-date: /home/jack/ros2_homework_advanced/install/fsd_common_msgs/include/fsd_common_msgs/fsd_common_msgs/msg/detail/cone_detections_dbscan__type_support.cpp\n'}
[2.680666] (fsd_common_msgs) StdoutLine: {'line': b'-- Up-to-date: /home/jack/ros2_homework_advanced/install/fsd_common_msgs/include/fsd_common_msgs/fsd_common_msgs/msg/detail/cone_detections_dbscan__rosidl_typesupport_introspection_cpp.hpp\n'}
[2.680828] (fsd_common_msgs) StdoutLine: {'line': b'-- Up-to-date: /home/jack/ros2_homework_advanced/install/fsd_common_msgs/include/fsd_common_msgs/fsd_common_msgs/msg/detail/cone_detections__type_support.cpp\n'}
[2.680960] (fsd_common_msgs) StdoutLine: {'line': b'-- Up-to-date: /home/jack/ros2_homework_advanced/install/fsd_common_msgs/include/fsd_common_msgs/fsd_common_msgs/msg/detail/skidpad_global_center_line__type_support.cpp\n'}
[2.681218] (fsd_common_msgs) StdoutLine: {'line': b'-- Up-to-date: /home/jack/ros2_homework_advanced/install/fsd_common_msgs/include/fsd_common_msgs/fsd_common_msgs/msg/detail/as_state__rosidl_typesupport_introspection_cpp.hpp\n'}
[2.681375] (fsd_common_msgs) StdoutLine: {'line': b'-- Up-to-date: /home/jack/ros2_homework_advanced/install/fsd_common_msgs/include/fsd_common_msgs/fsd_common_msgs/msg/detail/cone_dbscan__rosidl_typesupport_introspection_cpp.hpp\n'}
[2.681506] (fsd_common_msgs) StdoutLine: {'line': b'-- Up-to-date: /home/jack/ros2_homework_advanced/install/fsd_common_msgs/include/fsd_common_msgs/fsd_common_msgs/msg/detail/map__rosidl_typesupport_introspection_cpp.hpp\n'}
[2.681633] (fsd_common_msgs) StdoutLine: {'line': b'-- Up-to-date: /home/jack/ros2_homework_advanced/install/fsd_common_msgs/include/fsd_common_msgs/fsd_common_msgs/msg/detail/asensing_message__rosidl_typesupport_introspection_cpp.hpp\n'}
[2.681787] (fsd_common_msgs) StdoutLine: {'line': b'-- Up-to-date: /home/jack/ros2_homework_advanced/install/fsd_common_msgs/include/fsd_common_msgs/fsd_common_msgs/msg/detail/asensing_message__type_support.cpp\n'}
[2.681916] (fsd_common_msgs) StdoutLine: {'line': b'-- Up-to-date: /home/jack/ros2_homework_advanced/install/fsd_common_msgs/include/fsd_common_msgs/fsd_common_msgs/msg/detail/can_frames__rosidl_typesupport_introspection_cpp.hpp\n'}
[2.682130] (fsd_common_msgs) StdoutLine: {'line': b'-- Up-to-date: /home/jack/ros2_homework_advanced/install/fsd_common_msgs/include/fsd_common_msgs/fsd_common_msgs/msg/detail/ins_delta__rosidl_typesupport_introspection_cpp.hpp\n'}
[2.682269] (fsd_common_msgs) StdoutLine: {'line': b'-- Up-to-date: /home/jack/ros2_homework_advanced/install/fsd_common_msgs/include/fsd_common_msgs/fsd_common_msgs/msg/detail/feedback__rosidl_typesupport_introspection_cpp.hpp\n'}
[2.682398] (fsd_common_msgs) StdoutLine: {'line': b'-- Up-to-date: /home/jack/ros2_homework_advanced/install/fsd_common_msgs/include/fsd_common_msgs/fsd_common_msgs/msg/detail/cone_detections__rosidl_typesupport_introspection_cpp.hpp\n'}
[2.682525] (fsd_common_msgs) StdoutLine: {'line': b'-- Up-to-date: /home/jack/ros2_homework_advanced/install/fsd_common_msgs/include/fsd_common_msgs/fsd_common_msgs/msg/detail/map__type_support.cpp\n'}
[2.682652] (fsd_common_msgs) StdoutLine: {'line': b'-- Up-to-date: /home/jack/ros2_homework_advanced/install/fsd_common_msgs/include/fsd_common_msgs/fsd_common_msgs/msg/detail/car_state_dt__rosidl_typesupport_introspection_cpp.hpp\n'}
[2.682809] (fsd_common_msgs) StdoutLine: {'line': b'-- Up-to-date: /home/jack/ros2_homework_advanced/install/fsd_common_msgs/include/fsd_common_msgs/fsd_common_msgs/msg/detail/res_and_ami__rosidl_typesupport_introspection_cpp.hpp\n'}
[2.682958] (fsd_common_msgs) StdoutLine: {'line': b'-- Up-to-date: /home/jack/ros2_homework_advanced/install/fsd_common_msgs/include/fsd_common_msgs/fsd_common_msgs/msg/detail/time__type_support.cpp\n'}
[2.683119] (fsd_common_msgs) StdoutLine: {'line': b'-- Up-to-date: /home/jack/ros2_homework_advanced/install/fsd_common_msgs/include/fsd_common_msgs/fsd_common_msgs/msg/detail/remote_control_command__rosidl_typesupport_introspection_cpp.hpp\n'}
[2.683251] (fsd_common_msgs) StdoutLine: {'line': b'-- Up-to-date: /home/jack/ros2_homework_advanced/install/fsd_common_msgs/include/fsd_common_msgs/fsd_common_msgs/msg/detail/mission__type_support.cpp\n'}
[2.683379] (fsd_common_msgs) StdoutLine: {'line': b'-- Up-to-date: /home/jack/ros2_homework_advanced/install/fsd_common_msgs/include/fsd_common_msgs/fsd_common_msgs/msg/detail/yolo_cone_detections__type_support.cpp\n'}
[2.683521] (fsd_common_msgs) StdoutLine: {'line': b'-- Up-to-date: /home/jack/ros2_homework_advanced/install/fsd_common_msgs/include/fsd_common_msgs/fsd_common_msgs/msg/detail/cone__rosidl_typesupport_introspection_cpp.hpp\n'}
[2.683680] (fsd_common_msgs) StdoutLine: {'line': b'-- Up-to-date: /home/jack/ros2_homework_advanced/install/fsd_common_msgs/include/fsd_common_msgs/fsd_common_msgs/msg/detail/car_state_dt__type_support.cpp\n'}
[2.683811] (fsd_common_msgs) StdoutLine: {'line': b'-- Up-to-date: /home/jack/ros2_homework_advanced/install/fsd_common_msgs/include/fsd_common_msgs/fsd_common_msgs/msg/detail/visualization__rosidl_typesupport_introspection_cpp.hpp\n'}
[2.683940] (fsd_common_msgs) StdoutLine: {'line': b'-- Up-to-date: /home/jack/ros2_homework_advanced/install/fsd_common_msgs/include/fsd_common_msgs/fsd_common_msgs/msg/detail/as_state__type_support.cpp\n'}
[2.684101] (fsd_common_msgs) StdoutLine: {'line': b'-- Up-to-date: /home/jack/ros2_homework_advanced/install/fsd_common_msgs/include/fsd_common_msgs/fsd_common_msgs/msg/detail/can_frames__type_support.cpp\n'}
[2.684261] (fsd_common_msgs) StdoutLine: {'line': b'-- Up-to-date: /home/jack/ros2_homework_advanced/install/fsd_common_msgs/include/fsd_common_msgs/fsd_common_msgs/msg/detail/yolo_cone_detections_track__rosidl_typesupport_introspection_cpp.hpp\n'}
[2.684394] (fsd_common_msgs) StdoutLine: {'line': b'-- Up-to-date: /home/jack/ros2_homework_advanced/install/fsd_common_msgs/include/fsd_common_msgs/fsd_common_msgs/msg/detail/skidpad_global_center_line__rosidl_typesupport_introspection_cpp.hpp\n'}
[2.684546] (fsd_common_msgs) StdoutLine: {'line': b'-- Up-to-date: /home/jack/ros2_homework_advanced/install/fsd_common_msgs/include/fsd_common_msgs/fsd_common_msgs/msg/detail/res_and_ami__type_support.cpp\n'}
[2.684676] (fsd_common_msgs) StdoutLine: {'line': b'-- Up-to-date: /home/jack/ros2_homework_advanced/install/fsd_common_msgs/include/fsd_common_msgs/fsd_common_msgs/msg/detail/echiev_message__type_support.cpp\n'}
[2.684822] (fsd_common_msgs) StdoutLine: {'line': b'-- Up-to-date: /home/jack/ros2_homework_advanced/install/fsd_common_msgs/include/fsd_common_msgs/fsd_common_msgs/msg/detail/echiev_message__rosidl_typesupport_introspection_cpp.hpp\n'}
[2.684951] (fsd_common_msgs) StdoutLine: {'line': b'-- Up-to-date: /home/jack/ros2_homework_advanced/install/fsd_common_msgs/include/fsd_common_msgs/fsd_common_msgs/msg/detail/car_state__type_support.cpp\n'}
[2.685128] (fsd_common_msgs) StdoutLine: {'line': b'-- Up-to-date: /home/jack/ros2_homework_advanced/install/fsd_common_msgs/include/fsd_common_msgs/fsd_common_msgs/msg/detail/control_command__rosidl_typesupport_introspection_cpp.hpp\n'}
[2.688885] (fsd_common_msgs) StdoutLine: {'line': b'-- Up-to-date: /home/jack/ros2_homework_advanced/install/fsd_common_msgs/include/fsd_common_msgs/fsd_common_msgs/msg/detail/driving_dynamics__rosidl_typesupport_introspection_cpp.hpp\n'}
[2.689110] (fsd_common_msgs) StdoutLine: {'line': b'-- Up-to-date: /home/jack/ros2_homework_advanced/install/fsd_common_msgs/include/fsd_common_msgs/fsd_common_msgs/msg/detail/remote_control_command__type_support.cpp\n'}
[2.689332] (fsd_common_msgs) StdoutLine: {'line': b'-- Up-to-date: /home/jack/ros2_homework_advanced/install/fsd_common_msgs/include/fsd_common_msgs/fsd_common_msgs/msg/detail/trajectory_point__rosidl_typesupport_introspection_cpp.hpp\n'}
[2.689479] (fsd_common_msgs) StdoutLine: {'line': b'-- Up-to-date: /home/jack/ros2_homework_advanced/install/fsd_common_msgs/include/fsd_common_msgs/fsd_common_msgs/msg/detail/time__rosidl_typesupport_introspection_cpp.hpp\n'}
[2.689617] (fsd_common_msgs) StdoutLine: {'line': b'-- Up-to-date: /home/jack/ros2_homework_advanced/install/fsd_common_msgs/include/fsd_common_msgs/fsd_common_msgs/msg/detail/yolo_cone_track__rosidl_typesupport_introspection_cpp.hpp\n'}
[2.689771] (fsd_common_msgs) StdoutLine: {'line': b'-- Up-to-date: /home/jack/ros2_homework_advanced/install/fsd_common_msgs/include/fsd_common_msgs/fsd_common_msgs/msg/detail/feedback__type_support.cpp\n'}
[2.689906] (fsd_common_msgs) StdoutLine: {'line': b'-- Up-to-date: /home/jack/ros2_homework_advanced/install/fsd_common_msgs/include/fsd_common_msgs/fsd_common_msgs/msg/detail/cone_dbscan__type_support.cpp\n'}
[2.690066] (fsd_common_msgs) StdoutLine: {'line': b'-- Up-to-date: /home/jack/ros2_homework_advanced/install/fsd_common_msgs/include/fsd_common_msgs/fsd_common_msgs/msg/detail/decision_flag__rosidl_typesupport_introspection_cpp.hpp\n'}
[2.690228] (fsd_common_msgs) StdoutLine: {'line': b'-- Up-to-date: /home/jack/ros2_homework_advanced/install/fsd_common_msgs/include/fsd_common_msgs/fsd_common_msgs/msg/detail/ins_delta__type_support.cpp\n'}
[2.690359] (fsd_common_msgs) StdoutLine: {'line': b'-- Up-to-date: /home/jack/ros2_homework_advanced/install/fsd_common_msgs/include/fsd_common_msgs/fsd_common_msgs/msg/detail/trajectory_point__type_support.cpp\n'}
[2.690488] (fsd_common_msgs) StdoutLine: {'line': b'-- Up-to-date: /home/jack/ros2_homework_advanced/install/fsd_common_msgs/lib/libfsd_common_msgs__rosidl_typesupport_introspection_cpp.so\n'}
[2.690618] (fsd_common_msgs) StdoutLine: {'line': b'-- Up-to-date: /home/jack/ros2_homework_advanced/install/fsd_common_msgs/lib/libfsd_common_msgs__rosidl_typesupport_cpp.so\n'}
[2.690786] (fsd_common_msgs) StdoutLine: {'line': b'-- Up-to-date: /home/jack/ros2_homework_advanced/install/fsd_common_msgs/share/fsd_common_msgs/environment/pythonpath.sh\n'}
[2.690923] (fsd_common_msgs) StdoutLine: {'line': b'-- Up-to-date: /home/jack/ros2_homework_advanced/install/fsd_common_msgs/share/fsd_common_msgs/environment/pythonpath.dsv\n'}
[2.691092] (fsd_common_msgs) StdoutLine: {'line': b'-- Up-to-date: /home/jack/ros2_homework_advanced/install/fsd_common_msgs/local/lib/python3.10/dist-packages/fsd_common_msgs-0.0.0-py3.10.egg-info\n'}
[2.691231] (fsd_common_msgs) StdoutLine: {'line': b'-- Installing: /home/jack/ros2_homework_advanced/install/fsd_common_msgs/local/lib/python3.10/dist-packages/fsd_common_msgs-0.0.0-py3.10.egg-info/SOURCES.txt\n'}
[2.691361] (fsd_common_msgs) StdoutLine: {'line': b'-- Installing: /home/jack/ros2_homework_advanced/install/fsd_common_msgs/local/lib/python3.10/dist-packages/fsd_common_msgs-0.0.0-py3.10.egg-info/dependency_links.txt\n'}
[2.691491] (fsd_common_msgs) StdoutLine: {'line': b'-- Installing: /home/jack/ros2_homework_advanced/install/fsd_common_msgs/local/lib/python3.10/dist-packages/fsd_common_msgs-0.0.0-py3.10.egg-info/PKG-INFO\n'}
[2.691619] (fsd_common_msgs) StdoutLine: {'line': b'-- Installing: /home/jack/ros2_homework_advanced/install/fsd_common_msgs/local/lib/python3.10/dist-packages/fsd_common_msgs-0.0.0-py3.10.egg-info/top_level.txt\n'}
[2.691775] (fsd_common_msgs) StdoutLine: {'line': b'-- Up-to-date: /home/jack/ros2_homework_advanced/install/fsd_common_msgs/local/lib/python3.10/dist-packages/fsd_common_msgs\n'}
[2.691906] (fsd_common_msgs) StdoutLine: {'line': b'-- Up-to-date: /home/jack/ros2_homework_advanced/install/fsd_common_msgs/local/lib/python3.10/dist-packages/fsd_common_msgs/_fsd_common_msgs_s.ep.rosidl_typesupport_c.c\n'}
[2.692088] (fsd_common_msgs) StdoutLine: {'line': b'-- Up-to-date: /home/jack/ros2_homework_advanced/install/fsd_common_msgs/local/lib/python3.10/dist-packages/fsd_common_msgs/_fsd_common_msgs_s.ep.rosidl_typesupport_introspection_c.c\n'}
[2.692252] (fsd_common_msgs) StdoutLine: {'line': b'-- Up-to-date: /home/jack/ros2_homework_advanced/install/fsd_common_msgs/local/lib/python3.10/dist-packages/fsd_common_msgs/fsd_common_msgs_s__rosidl_typesupport_fastrtps_c.cpython-310-x86_64-linux-gnu.so\n'}
[2.692385] (fsd_common_msgs) StdoutLine: {'line': b'-- Up-to-date: /home/jack/ros2_homework_advanced/install/fsd_common_msgs/local/lib/python3.10/dist-packages/fsd_common_msgs/__init__.py\n'}
[2.692513] (fsd_common_msgs) StdoutLine: {'line': b'-- Up-to-date: /home/jack/ros2_homework_advanced/install/fsd_common_msgs/local/lib/python3.10/dist-packages/fsd_common_msgs/msg\n'}
[2.692666] (fsd_common_msgs) StdoutLine: {'line': b'-- Up-to-date: /home/jack/ros2_homework_advanced/install/fsd_common_msgs/local/lib/python3.10/dist-packages/fsd_common_msgs/msg/_can_frames.py\n'}
[2.692796] (fsd_common_msgs) StdoutLine: {'line': b'-- Up-to-date: /home/jack/ros2_homework_advanced/install/fsd_common_msgs/local/lib/python3.10/dist-packages/fsd_common_msgs/msg/_yolo_cone_track_s.c\n'}
[2.692924] (fsd_common_msgs) StdoutLine: {'line': b'-- Up-to-date: /home/jack/ros2_homework_advanced/install/fsd_common_msgs/local/lib/python3.10/dist-packages/fsd_common_msgs/msg/_ins_delta.py\n'}
[2.693078] (fsd_common_msgs) StdoutLine: {'line': b'-- Up-to-date: /home/jack/ros2_homework_advanced/install/fsd_common_msgs/local/lib/python3.10/dist-packages/fsd_common_msgs/msg/_yolo_cone.py\n'}
[2.693215] (fsd_common_msgs) StdoutLine: {'line': b'-- Up-to-date: /home/jack/ros2_homework_advanced/install/fsd_common_msgs/local/lib/python3.10/dist-packages/fsd_common_msgs/msg/_decision_flag.py\n'}
[2.693730] (fsd_common_msgs) StdoutLine: {'line': b'-- Up-to-date: /home/jack/ros2_homework_advanced/install/fsd_common_msgs/local/lib/python3.10/dist-packages/fsd_common_msgs/msg/_feedback_s.c\n'}
[2.693891] (fsd_common_msgs) StdoutLine: {'line': b'-- Up-to-date: /home/jack/ros2_homework_advanced/install/fsd_common_msgs/local/lib/python3.10/dist-packages/fsd_common_msgs/msg/_ins_delta_s.c\n'}
[2.694059] (fsd_common_msgs) StdoutLine: {'line': b'-- Up-to-date: /home/jack/ros2_homework_advanced/install/fsd_common_msgs/local/lib/python3.10/dist-packages/fsd_common_msgs/msg/_cone.py\n'}
[2.694200] (fsd_common_msgs) StdoutLine: {'line': b'-- Up-to-date: /home/jack/ros2_homework_advanced/install/fsd_common_msgs/local/lib/python3.10/dist-packages/fsd_common_msgs/msg/_res_and_ami_s.c\n'}
[2.694355] (fsd_common_msgs) StdoutLine: {'line': b'-- Up-to-date: /home/jack/ros2_homework_advanced/install/fsd_common_msgs/local/lib/python3.10/dist-packages/fsd_common_msgs/msg/_time_s.c\n'}
[2.694486] (fsd_common_msgs) StdoutLine: {'line': b'-- Up-to-date: /home/jack/ros2_homework_advanced/install/fsd_common_msgs/local/lib/python3.10/dist-packages/fsd_common_msgs/msg/_trajectory_point_s.c\n'}
[2.694615] (fsd_common_msgs) StdoutLine: {'line': b'-- Up-to-date: /home/jack/ros2_homework_advanced/install/fsd_common_msgs/local/lib/python3.10/dist-packages/fsd_common_msgs/msg/_can_frames_s.c\n'}
[2.694768] (fsd_common_msgs) StdoutLine: {'line': b'-- Up-to-date: /home/jack/ros2_homework_advanced/install/fsd_common_msgs/local/lib/python3.10/dist-packages/fsd_common_msgs/msg/_remote_control_command_s.c\n'}
[2.694918] (fsd_common_msgs) StdoutLine: {'line': b'-- Up-to-date: /home/jack/ros2_homework_advanced/install/fsd_common_msgs/local/lib/python3.10/dist-packages/fsd_common_msgs/msg/_cone_dbscan_s.c\n'}
[2.695080] (fsd_common_msgs) StdoutLine: {'line': b'-- Up-to-date: /home/jack/ros2_homework_advanced/install/fsd_common_msgs/local/lib/python3.10/dist-packages/fsd_common_msgs/msg/_mission_s.c\n'}
[2.695216] (fsd_common_msgs) StdoutLine: {'line': b'-- Up-to-date: /home/jack/ros2_homework_advanced/install/fsd_common_msgs/local/lib/python3.10/dist-packages/fsd_common_msgs/msg/__init__.py\n'}
[2.695345] (fsd_common_msgs) StdoutLine: {'line': b'-- Up-to-date: /home/jack/ros2_homework_advanced/install/fsd_common_msgs/local/lib/python3.10/dist-packages/fsd_common_msgs/msg/_yolo_cone_detections.py\n'}
[2.695490] (fsd_common_msgs) StdoutLine: {'line': b'-- Up-to-date: /home/jack/ros2_homework_advanced/install/fsd_common_msgs/local/lib/python3.10/dist-packages/fsd_common_msgs/msg/_cone_detections_s.c\n'}
[2.695620] (fsd_common_msgs) StdoutLine: {'line': b'-- Up-to-date: /home/jack/ros2_homework_advanced/install/fsd_common_msgs/local/lib/python3.10/dist-packages/fsd_common_msgs/msg/_car_state_dt_s.c\n'}
[2.695780] (fsd_common_msgs) StdoutLine: {'line': b'-- Up-to-date: /home/jack/ros2_homework_advanced/install/fsd_common_msgs/local/lib/python3.10/dist-packages/fsd_common_msgs/msg/_visualization.py\n'}
[2.696658] (fsd_common_msgs) StdoutLine: {'line': b'-- Up-to-date: /home/jack/ros2_homework_advanced/install/fsd_common_msgs/local/lib/python3.10/dist-packages/fsd_common_msgs/msg/_echiev_message_s.c\n'}
[2.696828] (fsd_common_msgs) StdoutLine: {'line': b'-- Up-to-date: /home/jack/ros2_homework_advanced/install/fsd_common_msgs/local/lib/python3.10/dist-packages/fsd_common_msgs/msg/_as_state.py\n'}
[2.696965] (fsd_common_msgs) StdoutLine: {'line': b'-- Up-to-date: /home/jack/ros2_homework_advanced/install/fsd_common_msgs/local/lib/python3.10/dist-packages/fsd_common_msgs/msg/_driving_dynamics.py\n'}
[2.697165] (fsd_common_msgs) StdoutLine: {'line': b'-- Up-to-date: /home/jack/ros2_homework_advanced/install/fsd_common_msgs/local/lib/python3.10/dist-packages/fsd_common_msgs/msg/_trajectory_point.py\n'}
[2.697299] (fsd_common_msgs) StdoutLine: {'line': b'-- Up-to-date: /home/jack/ros2_homework_advanced/install/fsd_common_msgs/local/lib/python3.10/dist-packages/fsd_common_msgs/msg/_control_command_s.c\n'}
[2.697454] (fsd_common_msgs) StdoutLine: {'line': b'-- Up-to-date: /home/jack/ros2_homework_advanced/install/fsd_common_msgs/local/lib/python3.10/dist-packages/fsd_common_msgs/msg/_visualization_s.c\n'}
[2.697585] (fsd_common_msgs) StdoutLine: {'line': b'-- Up-to-date: /home/jack/ros2_homework_advanced/install/fsd_common_msgs/local/lib/python3.10/dist-packages/fsd_common_msgs/msg/_as_state_s.c\n'}
[2.697727] (fsd_common_msgs) StdoutLine: {'line': b'-- Up-to-date: /home/jack/ros2_homework_advanced/install/fsd_common_msgs/local/lib/python3.10/dist-packages/fsd_common_msgs/msg/_yolo_cone_detections_s.c\n'}
[2.697860] (fsd_common_msgs) StdoutLine: {'line': b'-- Up-to-date: /home/jack/ros2_homework_advanced/install/fsd_common_msgs/local/lib/python3.10/dist-packages/fsd_common_msgs/msg/_track_s.c\n'}
[2.698003] (fsd_common_msgs) StdoutLine: {'line': b'-- Up-to-date: /home/jack/ros2_homework_advanced/install/fsd_common_msgs/local/lib/python3.10/dist-packages/fsd_common_msgs/msg/_time.py\n'}
[2.698152] (fsd_common_msgs) StdoutLine: {'line': b'-- Up-to-date: /home/jack/ros2_homework_advanced/install/fsd_common_msgs/local/lib/python3.10/dist-packages/fsd_common_msgs/msg/_driving_dynamics_s.c\n'}
[2.698306] (fsd_common_msgs) StdoutLine: {'line': b'-- Up-to-date: /home/jack/ros2_homework_advanced/install/fsd_common_msgs/local/lib/python3.10/dist-packages/fsd_common_msgs/msg/_feedback.py\n'}
[2.698437] (fsd_common_msgs) StdoutLine: {'line': b'-- Up-to-date: /home/jack/ros2_homework_advanced/install/fsd_common_msgs/local/lib/python3.10/dist-packages/fsd_common_msgs/msg/_track.py\n'}
[2.698564] (fsd_common_msgs) StdoutLine: {'line': b'-- Up-to-date: /home/jack/ros2_homework_advanced/install/fsd_common_msgs/local/lib/python3.10/dist-packages/fsd_common_msgs/msg/_res_and_ami.py\n'}
[2.698692] (fsd_common_msgs) StdoutLine: {'line': b'-- Up-to-date: /home/jack/ros2_homework_advanced/install/fsd_common_msgs/local/lib/python3.10/dist-packages/fsd_common_msgs/msg/_car_state.py\n'}
[2.698836] (fsd_common_msgs) StdoutLine: {'line': b'-- Up-to-date: /home/jack/ros2_homework_advanced/install/fsd_common_msgs/local/lib/python3.10/dist-packages/fsd_common_msgs/msg/_cone_detections.py\n'}
[2.698965] (fsd_common_msgs) StdoutLine: {'line': b'-- Up-to-date: /home/jack/ros2_homework_advanced/install/fsd_common_msgs/local/lib/python3.10/dist-packages/fsd_common_msgs/msg/_yolo_cone_track.py\n'}
[2.699163] (fsd_common_msgs) StdoutLine: {'line': b'-- Up-to-date: /home/jack/ros2_homework_advanced/install/fsd_common_msgs/local/lib/python3.10/dist-packages/fsd_common_msgs/msg/_asensing_message_s.c\n'}
[2.699296] (fsd_common_msgs) StdoutLine: {'line': b'-- Up-to-date: /home/jack/ros2_homework_advanced/install/fsd_common_msgs/local/lib/python3.10/dist-packages/fsd_common_msgs/msg/_skidpad_global_center_line.py\n'}
[2.699435] (fsd_common_msgs) StdoutLine: {'line': b'-- Up-to-date: /home/jack/ros2_homework_advanced/install/fsd_common_msgs/local/lib/python3.10/dist-packages/fsd_common_msgs/msg/_car_state_s.c\n'}
[2.699567] (fsd_common_msgs) StdoutLine: {'line': b'-- Up-to-date: /home/jack/ros2_homework_advanced/install/fsd_common_msgs/local/lib/python3.10/dist-packages/fsd_common_msgs/msg/_skidpad_global_center_line_s.c\n'}
[2.699695] (fsd_common_msgs) StdoutLine: {'line': b'-- Up-to-date: /home/jack/ros2_homework_advanced/install/fsd_common_msgs/local/lib/python3.10/dist-packages/fsd_common_msgs/msg/_remote_control_command.py\n'}
[2.699847] (fsd_common_msgs) StdoutLine: {'line': b'-- Up-to-date: /home/jack/ros2_homework_advanced/install/fsd_common_msgs/local/lib/python3.10/dist-packages/fsd_common_msgs/msg/_car_state_dt.py\n'}
[2.699997] (fsd_common_msgs) StdoutLine: {'line': b'-- Up-to-date: /home/jack/ros2_homework_advanced/install/fsd_common_msgs/local/lib/python3.10/dist-packages/fsd_common_msgs/msg/_map.py\n'}
[2.700150] (fsd_common_msgs) StdoutLine: {'line': b'-- Up-to-date: /home/jack/ros2_homework_advanced/install/fsd_common_msgs/local/lib/python3.10/dist-packages/fsd_common_msgs/msg/_echiev_message.py\n'}
[2.700281] (fsd_common_msgs) StdoutLine: {'line': b'-- Up-to-date: /home/jack/ros2_homework_advanced/install/fsd_common_msgs/local/lib/python3.10/dist-packages/fsd_common_msgs/msg/_yolo_cone_s.c\n'}
[2.700534] (fsd_common_msgs) StdoutLine: {'line': b'-- Up-to-date: /home/jack/ros2_homework_advanced/install/fsd_common_msgs/local/lib/python3.10/dist-packages/fsd_common_msgs/msg/_yolo_cone_detections_track.py\n'}
[2.700675] (fsd_common_msgs) StdoutLine: {'line': b'-- Up-to-date: /home/jack/ros2_homework_advanced/install/fsd_common_msgs/local/lib/python3.10/dist-packages/fsd_common_msgs/msg/_decision_flag_s.c\n'}
[2.700841] (fsd_common_msgs) StdoutLine: {'line': b'-- Up-to-date: /home/jack/ros2_homework_advanced/install/fsd_common_msgs/local/lib/python3.10/dist-packages/fsd_common_msgs/msg/_control_command.py\n'}
[2.700988] (fsd_common_msgs) StdoutLine: {'line': b'-- Up-to-date: /home/jack/ros2_homework_advanced/install/fsd_common_msgs/local/lib/python3.10/dist-packages/fsd_common_msgs/msg/_yolo_cone_detections_track_s.c\n'}
[2.701142] (fsd_common_msgs) StdoutLine: {'line': b'-- Up-to-date: /home/jack/ros2_homework_advanced/install/fsd_common_msgs/local/lib/python3.10/dist-packages/fsd_common_msgs/msg/_cone_detections_dbscan.py\n'}
[2.701298] (fsd_common_msgs) StdoutLine: {'line': b'-- Up-to-date: /home/jack/ros2_homework_advanced/install/fsd_common_msgs/local/lib/python3.10/dist-packages/fsd_common_msgs/msg/_map_s.c\n'}
[2.701625] (fsd_common_msgs) StdoutLine: {'line': b'-- Up-to-date: /home/jack/ros2_homework_advanced/install/fsd_common_msgs/local/lib/python3.10/dist-packages/fsd_common_msgs/msg/_asensing_message.py\n'}
[2.701770] (fsd_common_msgs) StdoutLine: {'line': b'-- Up-to-date: /home/jack/ros2_homework_advanced/install/fsd_common_msgs/local/lib/python3.10/dist-packages/fsd_common_msgs/msg/_mission.py\n'}
[2.701902] (fsd_common_msgs) StdoutLine: {'line': b'-- Up-to-date: /home/jack/ros2_homework_advanced/install/fsd_common_msgs/local/lib/python3.10/dist-packages/fsd_common_msgs/msg/_cone_dbscan.py\n'}
[2.702057] (fsd_common_msgs) StdoutLine: {'line': b'-- Up-to-date: /home/jack/ros2_homework_advanced/install/fsd_common_msgs/local/lib/python3.10/dist-packages/fsd_common_msgs/msg/_cone_detections_dbscan_s.c\n'}
[2.702198] (fsd_common_msgs) StdoutLine: {'line': b'-- Up-to-date: /home/jack/ros2_homework_advanced/install/fsd_common_msgs/local/lib/python3.10/dist-packages/fsd_common_msgs/msg/_cone_s.c\n'}
[2.702367] (fsd_common_msgs) StdoutLine: {'line': b'-- Up-to-date: /home/jack/ros2_homework_advanced/install/fsd_common_msgs/local/lib/python3.10/dist-packages/fsd_common_msgs/_fsd_common_msgs_s.ep.rosidl_typesupport_fastrtps_c.c\n'}
[2.702504] (fsd_common_msgs) StdoutLine: {'line': b'-- Up-to-date: /home/jack/ros2_homework_advanced/install/fsd_common_msgs/local/lib/python3.10/dist-packages/fsd_common_msgs/fsd_common_msgs_s__rosidl_typesupport_introspection_c.cpython-310-x86_64-linux-gnu.so\n'}
[2.705089] (fsd_common_msgs) StdoutLine: {'line': b'-- Up-to-date: /home/jack/ros2_homework_advanced/install/fsd_common_msgs/local/lib/python3.10/dist-packages/fsd_common_msgs/fsd_common_msgs_s__rosidl_typesupport_c.cpython-310-x86_64-linux-gnu.so\n'}
[2.705382] (fsd_common_msgs) StdoutLine: {'line': b'-- Up-to-date: /home/jack/ros2_homework_advanced/install/fsd_common_msgs/local/lib/python3.10/dist-packages/fsd_common_msgs/libfsd_common_msgs__rosidl_generator_py.so\n'}
[2.712894] (-) TimerEvent: {}
[2.734076] (fsd_common_msgs) StdoutLine: {'line': b"Listing '/home/jack/ros2_homework_advanced/install/fsd_common_msgs/local/lib/python3.10/dist-packages/fsd_common_msgs'...\n"}
[2.734460] (fsd_common_msgs) StdoutLine: {'line': b"Listing '/home/jack/ros2_homework_advanced/install/fsd_common_msgs/local/lib/python3.10/dist-packages/fsd_common_msgs/msg'...\n"}
[2.749028] (fsd_common_msgs) StdoutLine: {'line': b'-- Up-to-date: /home/jack/ros2_homework_advanced/install/fsd_common_msgs/local/lib/python3.10/dist-packages/fsd_common_msgs/fsd_common_msgs_s__rosidl_typesupport_fastrtps_c.cpython-310-x86_64-linux-gnu.so\n'}
[2.749945] (fsd_common_msgs) StdoutLine: {'line': b'-- Up-to-date: /home/jack/ros2_homework_advanced/install/fsd_common_msgs/local/lib/python3.10/dist-packages/fsd_common_msgs/fsd_common_msgs_s__rosidl_typesupport_introspection_c.cpython-310-x86_64-linux-gnu.so\n'}
[2.750612] (fsd_common_msgs) StdoutLine: {'line': b'-- Up-to-date: /home/jack/ros2_homework_advanced/install/fsd_common_msgs/local/lib/python3.10/dist-packages/fsd_common_msgs/fsd_common_msgs_s__rosidl_typesupport_c.cpython-310-x86_64-linux-gnu.so\n'}
[2.751710] (fsd_common_msgs) StdoutLine: {'line': b'-- Up-to-date: /home/jack/ros2_homework_advanced/install/fsd_common_msgs/lib/libfsd_common_msgs__rosidl_generator_py.so\n'}
[2.754196] (fsd_common_msgs) StdoutLine: {'line': b'-- Up-to-date: /home/jack/ros2_homework_advanced/install/fsd_common_msgs/share/ament_index/resource_index/rust_packages/fsd_common_msgs\n'}
[2.755191] (fsd_common_msgs) StdoutLine: {'line': b'-- Up-to-date: /home/jack/ros2_homework_advanced/install/fsd_common_msgs/share/fsd_common_msgs/rust\n'}
[2.755608] (fsd_common_msgs) StdoutLine: {'line': b'-- Up-to-date: /home/jack/ros2_homework_advanced/install/fsd_common_msgs/share/fsd_common_msgs/rust/src\n'}
[2.755834] (fsd_common_msgs) StdoutLine: {'line': b'-- Up-to-date: /home/jack/ros2_homework_advanced/install/fsd_common_msgs/share/fsd_common_msgs/rust/src/msg\n'}
[2.756021] (fsd_common_msgs) StdoutLine: {'line': b'-- Up-to-date: /home/jack/ros2_homework_advanced/install/fsd_common_msgs/share/fsd_common_msgs/rust/src/msg/rmw.rs\n'}
[2.756333] (fsd_common_msgs) StdoutLine: {'line': b'-- Up-to-date: /home/jack/ros2_homework_advanced/install/fsd_common_msgs/share/fsd_common_msgs/rust/src/msg.rs\n'}
[2.756543] (fsd_common_msgs) StdoutLine: {'line': b'-- Up-to-date: /home/jack/ros2_homework_advanced/install/fsd_common_msgs/share/fsd_common_msgs/rust/src/lib.rs\n'}
[2.756778] (fsd_common_msgs) StdoutLine: {'line': b'-- Up-to-date: /home/jack/ros2_homework_advanced/install/fsd_common_msgs/share/fsd_common_msgs/rust/Cargo.toml\n'}
[2.757056] (fsd_common_msgs) StdoutLine: {'line': b'-- Up-to-date: /home/jack/ros2_homework_advanced/install/fsd_common_msgs/share/fsd_common_msgs/rust/build.rs\n'}
[2.757312] (fsd_common_msgs) StdoutLine: {'line': b'-- Up-to-date: /home/jack/ros2_homework_advanced/install/fsd_common_msgs/share/fsd_common_msgs/msg/AsState.idl\n'}
[2.757592] (fsd_common_msgs) StdoutLine: {'line': b'-- Up-to-date: /home/jack/ros2_homework_advanced/install/fsd_common_msgs/share/fsd_common_msgs/msg/AsensingMessage.idl\n'}
[2.757915] (fsd_common_msgs) StdoutLine: {'line': b'-- Up-to-date: /home/jack/ros2_homework_advanced/install/fsd_common_msgs/share/fsd_common_msgs/msg/CanFrames.idl\n'}
[2.758175] (fsd_common_msgs) StdoutLine: {'line': b'-- Up-to-date: /home/jack/ros2_homework_advanced/install/fsd_common_msgs/share/fsd_common_msgs/msg/CarState.idl\n'}
[2.758455] (fsd_common_msgs) StdoutLine: {'line': b'-- Up-to-date: /home/jack/ros2_homework_advanced/install/fsd_common_msgs/share/fsd_common_msgs/msg/CarStateDt.idl\n'}
[2.758683] (fsd_common_msgs) StdoutLine: {'line': b'-- Up-to-date: /home/jack/ros2_homework_advanced/install/fsd_common_msgs/share/fsd_common_msgs/msg/Cone.idl\n'}
[2.759001] (fsd_common_msgs) StdoutLine: {'line': b'-- Up-to-date: /home/jack/ros2_homework_advanced/install/fsd_common_msgs/share/fsd_common_msgs/msg/ConeDbscan.idl\n'}
[2.759171] (fsd_common_msgs) StdoutLine: {'line': b'-- Up-to-date: /home/jack/ros2_homework_advanced/install/fsd_common_msgs/share/fsd_common_msgs/msg/ConeDetections.idl\n'}
[2.759335] (fsd_common_msgs) StdoutLine: {'line': b'-- Up-to-date: /home/jack/ros2_homework_advanced/install/fsd_common_msgs/share/fsd_common_msgs/msg/ConeDetectionsDbscan.idl\n'}
[2.759568] (fsd_common_msgs) StdoutLine: {'line': b'-- Up-to-date: /home/jack/ros2_homework_advanced/install/fsd_common_msgs/share/fsd_common_msgs/msg/ControlCommand.idl\n'}
[2.760471] (fsd_common_msgs) StdoutLine: {'line': b'-- Up-to-date: /home/jack/ros2_homework_advanced/install/fsd_common_msgs/share/fsd_common_msgs/msg/DecisionFlag.idl\n'}
[2.761031] (fsd_common_msgs) StdoutLine: {'line': b'-- Up-to-date: /home/jack/ros2_homework_advanced/install/fsd_common_msgs/share/fsd_common_msgs/msg/DrivingDynamics.idl\n'}
[2.761301] (fsd_common_msgs) StdoutLine: {'line': b'-- Up-to-date: /home/jack/ros2_homework_advanced/install/fsd_common_msgs/share/fsd_common_msgs/msg/EchievMessage.idl\n'}
[2.761568] (fsd_common_msgs) StdoutLine: {'line': b'-- Up-to-date: /home/jack/ros2_homework_advanced/install/fsd_common_msgs/share/fsd_common_msgs/msg/Feedback.idl\n'}
[2.761890] (fsd_common_msgs) StdoutLine: {'line': b'-- Up-to-date: /home/jack/ros2_homework_advanced/install/fsd_common_msgs/share/fsd_common_msgs/msg/InsDelta.idl\n'}
[2.762083] (fsd_common_msgs) StdoutLine: {'line': b'-- Up-to-date: /home/jack/ros2_homework_advanced/install/fsd_common_msgs/share/fsd_common_msgs/msg/Map.idl\n'}
[2.762257] (fsd_common_msgs) StdoutLine: {'line': b'-- Up-to-date: /home/jack/ros2_homework_advanced/install/fsd_common_msgs/share/fsd_common_msgs/msg/Mission.idl\n'}
[2.762522] (fsd_common_msgs) StdoutLine: {'line': b'-- Up-to-date: /home/jack/ros2_homework_advanced/install/fsd_common_msgs/share/fsd_common_msgs/msg/RemoteControlCommand.idl\n'}
[2.762808] (fsd_common_msgs) StdoutLine: {'line': b'-- Up-to-date: /home/jack/ros2_homework_advanced/install/fsd_common_msgs/share/fsd_common_msgs/msg/ResAndAmi.idl\n'}
[2.763099] (fsd_common_msgs) StdoutLine: {'line': b'-- Up-to-date: /home/jack/ros2_homework_advanced/install/fsd_common_msgs/share/fsd_common_msgs/msg/SkidpadGlobalCenterLine.idl\n'}
[2.763350] (fsd_common_msgs) StdoutLine: {'line': b'-- Up-to-date: /home/jack/ros2_homework_advanced/install/fsd_common_msgs/share/fsd_common_msgs/msg/Time.idl\n'}
[2.763931] (fsd_common_msgs) StdoutLine: {'line': b'-- Up-to-date: /home/jack/ros2_homework_advanced/install/fsd_common_msgs/share/fsd_common_msgs/msg/Track.idl\n'}
[2.764194] (fsd_common_msgs) StdoutLine: {'line': b'-- Up-to-date: /home/jack/ros2_homework_advanced/install/fsd_common_msgs/share/fsd_common_msgs/msg/TrajectoryPoint.idl\n'}
[2.764368] (fsd_common_msgs) StdoutLine: {'line': b'-- Up-to-date: /home/jack/ros2_homework_advanced/install/fsd_common_msgs/share/fsd_common_msgs/msg/Visualization.idl\n'}
[2.764647] (fsd_common_msgs) StdoutLine: {'line': b'-- Up-to-date: /home/jack/ros2_homework_advanced/install/fsd_common_msgs/share/fsd_common_msgs/msg/YoloCone.idl\n'}
[2.764904] (fsd_common_msgs) StdoutLine: {'line': b'-- Up-to-date: /home/jack/ros2_homework_advanced/install/fsd_common_msgs/share/fsd_common_msgs/msg/YoloConeDetections.idl\n'}
[2.765209] (fsd_common_msgs) StdoutLine: {'line': b'-- Up-to-date: /home/jack/ros2_homework_advanced/install/fsd_common_msgs/share/fsd_common_msgs/msg/YoloConeDetectionsTrack.idl\n'}
[2.765363] (fsd_common_msgs) StdoutLine: {'line': b'-- Up-to-date: /home/jack/ros2_homework_advanced/install/fsd_common_msgs/share/fsd_common_msgs/msg/YoloConeTrack.idl\n'}
[2.765644] (fsd_common_msgs) StdoutLine: {'line': b'-- Up-to-date: /home/jack/ros2_homework_advanced/install/fsd_common_msgs/share/fsd_common_msgs/msg/AsState.msg\n'}
[2.765845] (fsd_common_msgs) StdoutLine: {'line': b'-- Up-to-date: /home/jack/ros2_homework_advanced/install/fsd_common_msgs/share/fsd_common_msgs/msg/AsensingMessage.msg\n'}
[2.766090] (fsd_common_msgs) StdoutLine: {'line': b'-- Up-to-date: /home/jack/ros2_homework_advanced/install/fsd_common_msgs/share/fsd_common_msgs/msg/CanFrames.msg\n'}
[2.766268] (fsd_common_msgs) StdoutLine: {'line': b'-- Up-to-date: /home/jack/ros2_homework_advanced/install/fsd_common_msgs/share/fsd_common_msgs/msg/CarState.msg\n'}
[2.766512] (fsd_common_msgs) StdoutLine: {'line': b'-- Up-to-date: /home/jack/ros2_homework_advanced/install/fsd_common_msgs/share/fsd_common_msgs/msg/CarStateDt.msg\n'}
[2.766656] (fsd_common_msgs) StdoutLine: {'line': b'-- Up-to-date: /home/jack/ros2_homework_advanced/install/fsd_common_msgs/share/fsd_common_msgs/msg/Cone.msg\n'}
[2.767085] (fsd_common_msgs) StdoutLine: {'line': b'-- Up-to-date: /home/jack/ros2_homework_advanced/install/fsd_common_msgs/share/fsd_common_msgs/msg/ConeDbscan.msg\n'}
[2.767441] (fsd_common_msgs) StdoutLine: {'line': b'-- Up-to-date: /home/jack/ros2_homework_advanced/install/fsd_common_msgs/share/fsd_common_msgs/msg/ConeDetections.msg\n'}
[2.767743] (fsd_common_msgs) StdoutLine: {'line': b'-- Up-to-date: /home/jack/ros2_homework_advanced/install/fsd_common_msgs/share/fsd_common_msgs/msg/ConeDetectionsDbscan.msg\n'}
[2.767984] (fsd_common_msgs) StdoutLine: {'line': b'-- Up-to-date: /home/jack/ros2_homework_advanced/install/fsd_common_msgs/share/fsd_common_msgs/msg/ControlCommand.msg\n'}
[2.768257] (fsd_common_msgs) StdoutLine: {'line': b'-- Up-to-date: /home/jack/ros2_homework_advanced/install/fsd_common_msgs/share/fsd_common_msgs/msg/DecisionFlag.msg\n'}
[2.768420] (fsd_common_msgs) StdoutLine: {'line': b'-- Up-to-date: /home/jack/ros2_homework_advanced/install/fsd_common_msgs/share/fsd_common_msgs/msg/DrivingDynamics.msg\n'}
[2.768726] (fsd_common_msgs) StdoutLine: {'line': b'-- Up-to-date: /home/jack/ros2_homework_advanced/install/fsd_common_msgs/share/fsd_common_msgs/msg/EchievMessage.msg\n'}
[2.768958] (fsd_common_msgs) StdoutLine: {'line': b'-- Up-to-date: /home/jack/ros2_homework_advanced/install/fsd_common_msgs/share/fsd_common_msgs/msg/Feedback.msg\n'}
[2.770005] (fsd_common_msgs) StdoutLine: {'line': b'-- Up-to-date: /home/jack/ros2_homework_advanced/install/fsd_common_msgs/share/fsd_common_msgs/msg/InsDelta.msg\n'}
[2.771286] (fsd_common_msgs) StdoutLine: {'line': b'-- Up-to-date: /home/jack/ros2_homework_advanced/install/fsd_common_msgs/share/fsd_common_msgs/msg/Map.msg\n'}
[2.771897] (fsd_common_msgs) StdoutLine: {'line': b'-- Up-to-date: /home/jack/ros2_homework_advanced/install/fsd_common_msgs/share/fsd_common_msgs/msg/Mission.msg\n'}
[2.772315] (fsd_common_msgs) StdoutLine: {'line': b'-- Up-to-date: /home/jack/ros2_homework_advanced/install/fsd_common_msgs/share/fsd_common_msgs/msg/RemoteControlCommand.msg\n'}
[2.772522] (fsd_common_msgs) StdoutLine: {'line': b'-- Up-to-date: /home/jack/ros2_homework_advanced/install/fsd_common_msgs/share/fsd_common_msgs/msg/ResAndAmi.msg\n'}
[2.772664] (fsd_common_msgs) StdoutLine: {'line': b'-- Up-to-date: /home/jack/ros2_homework_advanced/install/fsd_common_msgs/share/fsd_common_msgs/msg/SkidpadGlobalCenterLine.msg\n'}
[2.772832] (fsd_common_msgs) StdoutLine: {'line': b'-- Up-to-date: /home/jack/ros2_homework_advanced/install/fsd_common_msgs/share/fsd_common_msgs/msg/Time.msg\n'}
[2.772984] (fsd_common_msgs) StdoutLine: {'line': b'-- Up-to-date: /home/jack/ros2_homework_advanced/install/fsd_common_msgs/share/fsd_common_msgs/msg/Track.msg\n'}
[2.773218] (fsd_common_msgs) StdoutLine: {'line': b'-- Up-to-date: /home/jack/ros2_homework_advanced/install/fsd_common_msgs/share/fsd_common_msgs/msg/TrajectoryPoint.msg\n'}
[2.773360] (fsd_common_msgs) StdoutLine: {'line': b'-- Up-to-date: /home/jack/ros2_homework_advanced/install/fsd_common_msgs/share/fsd_common_msgs/msg/Visualization.msg\n'}
[2.773491] (fsd_common_msgs) StdoutLine: {'line': b'-- Up-to-date: /home/jack/ros2_homework_advanced/install/fsd_common_msgs/share/fsd_common_msgs/msg/YoloCone.msg\n'}
[2.773680] (fsd_common_msgs) StdoutLine: {'line': b'-- Up-to-date: /home/jack/ros2_homework_advanced/install/fsd_common_msgs/share/fsd_common_msgs/msg/YoloConeDetections.msg\n'}
[2.774054] (fsd_common_msgs) StdoutLine: {'line': b'-- Up-to-date: /home/jack/ros2_homework_advanced/install/fsd_common_msgs/share/fsd_common_msgs/msg/YoloConeDetectionsTrack.msg\n'}
[2.774212] (fsd_common_msgs) StdoutLine: {'line': b'-- Up-to-date: /home/jack/ros2_homework_advanced/install/fsd_common_msgs/share/fsd_common_msgs/msg/YoloConeTrack.msg\n'}
[2.774418] (fsd_common_msgs) StdoutLine: {'line': b'-- Up-to-date: /home/jack/ros2_homework_advanced/install/fsd_common_msgs/share/ament_index/resource_index/package_run_dependencies/fsd_common_msgs\n'}
[2.774643] (fsd_common_msgs) StdoutLine: {'line': b'-- Up-to-date: /home/jack/ros2_homework_advanced/install/fsd_common_msgs/share/ament_index/resource_index/parent_prefix_path/fsd_common_msgs\n'}
[2.774789] (fsd_common_msgs) StdoutLine: {'line': b'-- Up-to-date: /home/jack/ros2_homework_advanced/install/fsd_common_msgs/share/fsd_common_msgs/environment/ament_prefix_path.sh\n'}
[2.775053] (fsd_common_msgs) StdoutLine: {'line': b'-- Up-to-date: /home/jack/ros2_homework_advanced/install/fsd_common_msgs/share/fsd_common_msgs/environment/ament_prefix_path.dsv\n'}
[2.775300] (fsd_common_msgs) StdoutLine: {'line': b'-- Up-to-date: /home/jack/ros2_homework_advanced/install/fsd_common_msgs/share/fsd_common_msgs/environment/path.sh\n'}
[2.775469] (fsd_common_msgs) StdoutLine: {'line': b'-- Up-to-date: /home/jack/ros2_homework_advanced/install/fsd_common_msgs/share/fsd_common_msgs/environment/path.dsv\n'}
[2.775668] (fsd_common_msgs) StdoutLine: {'line': b'-- Up-to-date: /home/jack/ros2_homework_advanced/install/fsd_common_msgs/share/fsd_common_msgs/local_setup.bash\n'}
[2.775913] (fsd_common_msgs) StdoutLine: {'line': b'-- Up-to-date: /home/jack/ros2_homework_advanced/install/fsd_common_msgs/share/fsd_common_msgs/local_setup.sh\n'}
[2.776134] (fsd_common_msgs) StdoutLine: {'line': b'-- Up-to-date: /home/jack/ros2_homework_advanced/install/fsd_common_msgs/share/fsd_common_msgs/local_setup.zsh\n'}
[2.776306] (fsd_common_msgs) StdoutLine: {'line': b'-- Up-to-date: /home/jack/ros2_homework_advanced/install/fsd_common_msgs/share/fsd_common_msgs/local_setup.dsv\n'}
[2.776472] (fsd_common_msgs) StdoutLine: {'line': b'-- Installing: /home/jack/ros2_homework_advanced/install/fsd_common_msgs/share/fsd_common_msgs/package.dsv\n'}
[2.776694] (fsd_common_msgs) StdoutLine: {'line': b'-- Up-to-date: /home/jack/ros2_homework_advanced/install/fsd_common_msgs/share/ament_index/resource_index/packages/fsd_common_msgs\n'}
[2.776861] (fsd_common_msgs) StdoutLine: {'line': b'-- Up-to-date: /home/jack/ros2_homework_advanced/install/fsd_common_msgs/share/fsd_common_msgs/cmake/export_fsd_common_msgs__rosidl_generator_cExport.cmake\n'}
[2.777054] (fsd_common_msgs) StdoutLine: {'line': b'-- Up-to-date: /home/jack/ros2_homework_advanced/install/fsd_common_msgs/share/fsd_common_msgs/cmake/export_fsd_common_msgs__rosidl_generator_cExport-noconfig.cmake\n'}
[2.777409] (fsd_common_msgs) StdoutLine: {'line': b'-- Up-to-date: /home/jack/ros2_homework_advanced/install/fsd_common_msgs/share/fsd_common_msgs/cmake/export_fsd_common_msgs__rosidl_typesupport_fastrtps_cExport.cmake\n'}
[2.777561] (fsd_common_msgs) StdoutLine: {'line': b'-- Up-to-date: /home/jack/ros2_homework_advanced/install/fsd_common_msgs/share/fsd_common_msgs/cmake/export_fsd_common_msgs__rosidl_typesupport_fastrtps_cExport-noconfig.cmake\n'}
[2.777772] (fsd_common_msgs) StdoutLine: {'line': b'-- Up-to-date: /home/jack/ros2_homework_advanced/install/fsd_common_msgs/share/fsd_common_msgs/cmake/fsd_common_msgs__rosidl_typesupport_introspection_cExport.cmake\n'}
[2.778012] (fsd_common_msgs) StdoutLine: {'line': b'-- Up-to-date: /home/jack/ros2_homework_advanced/install/fsd_common_msgs/share/fsd_common_msgs/cmake/fsd_common_msgs__rosidl_typesupport_introspection_cExport-noconfig.cmake\n'}
[2.778272] (fsd_common_msgs) StdoutLine: {'line': b'-- Up-to-date: /home/jack/ros2_homework_advanced/install/fsd_common_msgs/share/fsd_common_msgs/cmake/fsd_common_msgs__rosidl_typesupport_cExport.cmake\n'}
[2.778502] (fsd_common_msgs) StdoutLine: {'line': b'-- Up-to-date: /home/jack/ros2_homework_advanced/install/fsd_common_msgs/share/fsd_common_msgs/cmake/fsd_common_msgs__rosidl_typesupport_cExport-noconfig.cmake\n'}
[2.778746] (fsd_common_msgs) StdoutLine: {'line': b'-- Up-to-date: /home/jack/ros2_homework_advanced/install/fsd_common_msgs/share/fsd_common_msgs/cmake/export_fsd_common_msgs__rosidl_generator_cppExport.cmake\n'}
[2.779009] (fsd_common_msgs) StdoutLine: {'line': b'-- Up-to-date: /home/jack/ros2_homework_advanced/install/fsd_common_msgs/share/fsd_common_msgs/cmake/export_fsd_common_msgs__rosidl_typesupport_fastrtps_cppExport.cmake\n'}
[2.779250] (fsd_common_msgs) StdoutLine: {'line': b'-- Up-to-date: /home/jack/ros2_homework_advanced/install/fsd_common_msgs/share/fsd_common_msgs/cmake/export_fsd_common_msgs__rosidl_typesupport_fastrtps_cppExport-noconfig.cmake\n'}
[2.779416] (fsd_common_msgs) StdoutLine: {'line': b'-- Up-to-date: /home/jack/ros2_homework_advanced/install/fsd_common_msgs/share/fsd_common_msgs/cmake/fsd_common_msgs__rosidl_typesupport_introspection_cppExport.cmake\n'}
[2.779725] (fsd_common_msgs) StdoutLine: {'line': b'-- Up-to-date: /home/jack/ros2_homework_advanced/install/fsd_common_msgs/share/fsd_common_msgs/cmake/fsd_common_msgs__rosidl_typesupport_introspection_cppExport-noconfig.cmake\n'}
[2.779906] (fsd_common_msgs) StdoutLine: {'line': b'-- Up-to-date: /home/jack/ros2_homework_advanced/install/fsd_common_msgs/share/fsd_common_msgs/cmake/fsd_common_msgs__rosidl_typesupport_cppExport.cmake\n'}
[2.780162] (fsd_common_msgs) StdoutLine: {'line': b'-- Up-to-date: /home/jack/ros2_homework_advanced/install/fsd_common_msgs/share/fsd_common_msgs/cmake/fsd_common_msgs__rosidl_typesupport_cppExport-noconfig.cmake\n'}
[2.780413] (fsd_common_msgs) StdoutLine: {'line': b'-- Up-to-date: /home/jack/ros2_homework_advanced/install/fsd_common_msgs/share/fsd_common_msgs/cmake/export_fsd_common_msgs__rosidl_generator_pyExport.cmake\n'}
[2.780580] (fsd_common_msgs) StdoutLine: {'line': b'-- Up-to-date: /home/jack/ros2_homework_advanced/install/fsd_common_msgs/share/fsd_common_msgs/cmake/export_fsd_common_msgs__rosidl_generator_pyExport-noconfig.cmake\n'}
[2.780879] (fsd_common_msgs) StdoutLine: {'line': b'-- Up-to-date: /home/jack/ros2_homework_advanced/install/fsd_common_msgs/share/fsd_common_msgs/cmake/rosidl_cmake-extras.cmake\n'}
[2.781424] (fsd_common_msgs) StdoutLine: {'line': b'-- Up-to-date: /home/jack/ros2_homework_advanced/install/fsd_common_msgs/share/fsd_common_msgs/cmake/ament_cmake_export_dependencies-extras.cmake\n'}
[2.781629] (fsd_common_msgs) StdoutLine: {'line': b'-- Up-to-date: /home/jack/ros2_homework_advanced/install/fsd_common_msgs/share/fsd_common_msgs/cmake/ament_cmake_export_include_directories-extras.cmake\n'}
[2.781800] (fsd_common_msgs) StdoutLine: {'line': b'-- Up-to-date: /home/jack/ros2_homework_advanced/install/fsd_common_msgs/share/fsd_common_msgs/cmake/ament_cmake_export_libraries-extras.cmake\n'}
[2.781934] (fsd_common_msgs) StdoutLine: {'line': b'-- Up-to-date: /home/jack/ros2_homework_advanced/install/fsd_common_msgs/share/fsd_common_msgs/cmake/ament_cmake_export_targets-extras.cmake\n'}
[2.782372] (fsd_common_msgs) StdoutLine: {'line': b'-- Up-to-date: /home/jack/ros2_homework_advanced/install/fsd_common_msgs/share/fsd_common_msgs/cmake/rosidl_cmake_export_typesupport_targets-extras.cmake\n'}
[2.782557] (fsd_common_msgs) StdoutLine: {'line': b'-- Up-to-date: /home/jack/ros2_homework_advanced/install/fsd_common_msgs/share/fsd_common_msgs/cmake/rosidl_cmake_export_typesupport_libraries-extras.cmake\n'}
[2.782696] (fsd_common_msgs) StdoutLine: {'line': b'-- Up-to-date: /home/jack/ros2_homework_advanced/install/fsd_common_msgs/share/fsd_common_msgs/cmake/fsd_common_msgsConfig.cmake\n'}
[2.782864] (fsd_common_msgs) StdoutLine: {'line': b'-- Up-to-date: /home/jack/ros2_homework_advanced/install/fsd_common_msgs/share/fsd_common_msgs/cmake/fsd_common_msgsConfig-version.cmake\n'}
[2.783015] (fsd_common_msgs) StdoutLine: {'line': b'-- Up-to-date: /home/jack/ros2_homework_advanced/install/fsd_common_msgs/share/fsd_common_msgs/package.xml\n'}
[2.787850] (fsd_common_msgs) CommandEnded: {'returncode': 0}
[2.813170] (-) TimerEvent: {}
[2.913723] (-) TimerEvent: {}
[2.945547] (fsd_common_msgs) JobEnded: {'identifier': 'fsd_common_msgs', 'rc': 0}
[2.948390] (cone_visualizer) JobStarted: {'identifier': 'cone_visualizer'}
[2.968030] (cone_visualizer) JobProgress: {'identifier': 'cone_visualizer', 'progress': 'cmake'}
[2.968697] (cone_visualizer) JobProgress: {'identifier': 'cone_visualizer', 'progress': 'build'}
[2.972414] (cone_visualizer) Command: {'cmd': ['/usr/bin/cmake', '--build', '/home/jack/ros2_homework_advanced/build/cone_visualizer', '--', '-j2', '-l2'], 'cwd': '/home/jack/ros2_homework_advanced/build/cone_visualizer', 'env': OrderedDict([('LESSOPEN', '| /usr/bin/lesspipe %s'), ('LANGUAGE', 'zh_CN:zh'), ('USER', 'jack'), ('XDG_SESSION_TYPE', 'wayland'), ('SHLVL', '1'), ('LD_LIBRARY_PATH', '/home/jack/ros2_homework_advanced/install/fsd_common_msgs/lib:/usr/lib/x86_64-linux-gnu/gazebo-11/plugins:/opt/ros/humble/opt/rviz_ogre_vendor/lib:/opt/ros/humble/lib/x86_64-linux-gnu:/opt/ros/humble/lib'), ('HOME', '/home/jack'), ('DESKTOP_SESSION', 'ubuntu'), ('ROS_PYTHON_VERSION', '3'), ('GNOME_SHELL_SESSION_MODE', 'ubuntu'), ('GTK_MODULES', 'gail:atk-bridge'), ('DBUS_STARTER_BUS_TYPE', 'session'), ('SYSTEMD_EXEC_PID', '85604'), ('DBUS_SESSION_BUS_ADDRESS', 'unix:path=/run/user/1000/bus,guid=4d6229c547727a250530af036a1e291b'), ('COLORTERM', 'truecolor'), ('WAYLAND_DISPLAY', 'wayland-0'), ('COLCON_PREFIX_PATH', '/home/jack/ros2_homework_advanced/install'), ('ROS_DISTRO', 'humble'), ('GTK_IM_MODULE', 'fcitx'), ('LOGNAME', 'jack'), ('_', '/usr/bin/colcon'), ('ROS_VERSION', '2'), ('XDG_SESSION_CLASS', 'user'), ('USERNAME', 'jack'), ('TERM', 'xterm-256color'), ('GNOME_DESKTOP_SESSION_ID', 'this-is-deprecated'), ('ROS_LOCALHOST_ONLY', '0'), ('PATH', '/opt/ros/humble/bin:/usr/local/sbin:/usr/local/bin:/usr/sbin:/usr/bin:/sbin:/bin:/usr/games:/usr/local/games:/snap/bin:/snap/bin'), ('SESSION_MANAGER', 'local/jack-270E5J-2570EJ:@/tmp/.ICE-unix/85604,unix/jack-270E5J-2570EJ:/tmp/.ICE-unix/85604'), ('XDG_MENU_PREFIX', 'gnome-'), ('GNOME_TERMINAL_SCREEN', '/org/gnome/Terminal/screen/c8e6521d_6ed6_430c_954c_d410262edeeb'), ('GNOME_SETUP_DISPLAY', ':1'), ('XDG_RUNTIME_DIR', '/run/user/1000'), ('DISPLAY', ':0'), ('LANG', 'zh_CN.UTF-8'), ('XDG_CURRENT_DESKTOP', 'ubuntu:GNOME'), ('XMODIFIERS', '@im=fcitx'), ('XDG_SESSION_DESKTOP', 'ubuntu'), ('XAUTHORITY', '/run/user/1000/.mutter-Xwaylandauth.346WP3'), ('LS_COLORS', 'rs=0:di=01;34:ln=01;36:mh=00:pi=40;33:so=01;35:do=01;35:bd=40;33;01:cd=40;33;01:or=40;31;01:mi=00:su=37;41:sg=30;43:ca=30;41:tw=30;42:ow=34;42:st=37;44:ex=01;32:*.tar=01;31:*.tgz=01;31:*.arc=01;31:*.arj=01;31:*.taz=01;31:*.lha=01;31:*.lz4=01;31:*.lzh=01;31:*.lzma=01;31:*.tlz=01;31:*.txz=01;31:*.tzo=01;31:*.t7z=01;31:*.zip=01;31:*.z=01;31:*.dz=01;31:*.gz=01;31:*.lrz=01;31:*.lz=01;31:*.lzo=01;31:*.xz=01;31:*.zst=01;31:*.tzst=01;31:*.bz2=01;31:*.bz=01;31:*.tbz=01;31:*.tbz2=01;31:*.tz=01;31:*.deb=01;31:*.rpm=01;31:*.jar=01;31:*.war=01;31:*.ear=01;31:*.sar=01;31:*.rar=01;31:*.alz=01;31:*.ace=01;31:*.zoo=01;31:*.cpio=01;31:*.7z=01;31:*.rz=01;31:*.cab=01;31:*.wim=01;31:*.swm=01;31:*.dwm=01;31:*.esd=01;31:*.jpg=01;35:*.jpeg=01;35:*.mjpg=01;35:*.mjpeg=01;35:*.gif=01;35:*.bmp=01;35:*.pbm=01;35:*.pgm=01;35:*.ppm=01;35:*.tga=01;35:*.xbm=01;35:*.xpm=01;35:*.tif=01;35:*.tiff=01;35:*.png=01;35:*.svg=01;35:*.svgz=01;35:*.mng=01;35:*.pcx=01;35:*.mov=01;35:*.mpg=01;35:*.mpeg=01;35:*.m2v=01;35:*.mkv=01;35:*.webm=01;35:*.webp=01;35:*.ogm=01;35:*.mp4=01;35:*.m4v=01;35:*.mp4v=01;35:*.vob=01;35:*.qt=01;35:*.nuv=01;35:*.wmv=01;35:*.asf=01;35:*.rm=01;35:*.rmvb=01;35:*.flc=01;35:*.avi=01;35:*.fli=01;35:*.flv=01;35:*.gl=01;35:*.dl=01;35:*.xcf=01;35:*.xwd=01;35:*.yuv=01;35:*.cgm=01;35:*.emf=01;35:*.ogv=01;35:*.ogx=01;35:*.aac=00;36:*.au=00;36:*.flac=00;36:*.m4a=00;36:*.mid=00;36:*.midi=00;36:*.mka=00;36:*.mp3=00;36:*.mpc=00;36:*.ogg=00;36:*.ra=00;36:*.wav=00;36:*.oga=00;36:*.opus=00;36:*.spx=00;36:*.xspf=00;36:'), ('GNOME_TERMINAL_SERVICE', ':1.812'), ('SSH_AGENT_LAUNCHER', 'gnome-keyring'), ('SSH_AUTH_SOCK', '/run/user/1000/keyring/ssh'), ('AMENT_PREFIX_PATH', '/home/jack/ros2_homework_advanced/install/cone_visualizer:/home/jack/ros2_homework_advanced/install/fsd_common_msgs:/opt/ros/humble'), ('SHELL', '/bin/bash'), ('INSIDE_NAUTILUS_PYTHON', ''), ('QT_ACCESSIBILITY', '1'), ('GDMSESSION', 'ubuntu'), ('LESSCLOSE', '/usr/bin/lesspipe %s %s'), ('QT_IM_MODULE', 'fcitx'), ('PWD', '/home/jack/ros2_homework_advanced/build/cone_visualizer'), ('XDG_CONFIG_DIRS', '/etc/xdg/xdg-ubuntu:/etc/xdg'), ('DBUS_STARTER_ADDRESS', 'unix:path=/run/user/1000/bus,guid=4d6229c547727a250530af036a1e291b'), ('XDG_DATA_DIRS', '/usr/share/ubuntu:/home/jack/.local/share/flatpak/exports/share:/var/lib/flatpak/exports/share:/usr/local/share/:/usr/share/:/var/lib/snapd/desktop'), ('PYTHONPATH', '/home/jack/ros2_homework_advanced/install/fsd_common_msgs/local/lib/python3.10/dist-packages:/opt/ros/humble/lib/python3.10/site-packages:/opt/ros/humble/local/lib/python3.10/dist-packages'), ('COLCON', '1'), ('VTE_VERSION', '6800'), ('CMAKE_PREFIX_PATH', '/home/jack/ros2_homework_advanced/install/fsd_common_msgs:/home/jack/ros2_homework_advanced/install/cone_visualizer:/opt/ros/humble')]), 'shell': False}
[3.013859] (-) TimerEvent: {}
[3.078621] (cone_visualizer) StdoutLine: {'line': b'\x1b[35m\x1b[1mConsolidate compiler generated dependencies of target cone_visualizer_node\x1b[0m\n'}
[3.114006] (-) TimerEvent: {}
[3.121059] (cone_visualizer) StdoutLine: {'line': b'[ 50%] \x1b[32mBuilding CXX object CMakeFiles/cone_visualizer_node.dir/src/cone_visualizer_node.cpp.o\x1b[0m\n'}
[3.214133] (-) TimerEvent: {}
[3.314981] (-) TimerEvent: {}
[3.415443] (-) TimerEvent: {}
[3.515898] (-) TimerEvent: {}
[3.616403] (-) TimerEvent: {}
[3.716932] (-) TimerEvent: {}
[3.818062] (-) TimerEvent: {}
[3.918557] (-) TimerEvent: {}
[4.018991] (-) TimerEvent: {}
[4.119421] (-) TimerEvent: {}
[4.219855] (-) TimerEvent: {}
[4.320299] (-) TimerEvent: {}
[4.420738] (-) TimerEvent: {}
[4.521404] (-) TimerEvent: {}
[4.622038] (-) TimerEvent: {}
[4.722699] (-) TimerEvent: {}
[4.823138] (-) TimerEvent: {}
[4.923564] (-) TimerEvent: {}
[5.024111] (-) TimerEvent: {}
[5.125403] (-) TimerEvent: {}
[5.225859] (-) TimerEvent: {}
[5.326490] (-) TimerEvent: {}
[5.427244] (-) TimerEvent: {}
[5.527666] (-) TimerEvent: {}
[5.629207] (-) TimerEvent: {}
[5.729677] (-) TimerEvent: {}
[5.831414] (-) TimerEvent: {}
[5.932163] (-) TimerEvent: {}
[6.033337] (-) TimerEvent: {}
[6.134250] (-) TimerEvent: {}
[6.236248] (-) TimerEvent: {}
[6.336698] (-) TimerEvent: {}
[6.437200] (-) TimerEvent: {}
[6.537869] (-) TimerEvent: {}
[6.638356] (-) TimerEvent: {}
[6.738926] (-) TimerEvent: {}
[6.839874] (-) TimerEvent: {}
[6.940498] (-) TimerEvent: {}
[7.041084] (-) TimerEvent: {}
[7.142061] (-) TimerEvent: {}
[7.242493] (-) TimerEvent: {}
[7.343079] (-) TimerEvent: {}
[7.445209] (-) TimerEvent: {}
[7.546084] (-) TimerEvent: {}
[7.646560] (-) TimerEvent: {}
[7.747736] (-) TimerEvent: {}
[7.850513] (-) TimerEvent: {}
[7.951068] (-) TimerEvent: {}
[8.053064] (-) TimerEvent: {}
[8.153510] (-) TimerEvent: {}
[8.253931] (-) TimerEvent: {}
[8.355061] (-) TimerEvent: {}
[8.455487] (-) TimerEvent: {}
[8.556594] (-) TimerEvent: {}
[8.658107] (-) TimerEvent: {}
[8.758569] (-) TimerEvent: {}
[8.859025] (-) TimerEvent: {}
[8.959471] (-) TimerEvent: {}
[9.059984] (-) TimerEvent: {}
[9.160799] (-) TimerEvent: {}
[9.261313] (-) TimerEvent: {}
[9.361773] (-) TimerEvent: {}
[9.462404] (-) TimerEvent: {}
[9.563626] (-) TimerEvent: {}
[9.664939] (-) TimerEvent: {}
[9.765425] (-) TimerEvent: {}
[9.866694] (-) TimerEvent: {}
[9.967665] (-) TimerEvent: {}
[10.068190] (-) TimerEvent: {}
[10.168624] (-) TimerEvent: {}
[10.269066] (-) TimerEvent: {}
[10.370085] (-) TimerEvent: {}
[10.438446] (cone_visualizer) StderrLine: {'line': b'\x1b[01m\x1b[K/home/jack/ros2_homework_advanced/src/cone_visualizer/src/cone_visualizer_node.cpp:\x1b[m\x1b[K In member function \xe2\x80\x98\x1b[01m\x1b[Kint ConeVisualizer::addConesToMarkerArray(const std::vector<fsd_common_msgs::msg::Cone_<std::allocator<void> >, std::allocator<fsd_common_msgs::msg::Cone_<std::allocator<void> > > >&, const string&, int, float, float, float, visualization_msgs::msg::MarkerArray&)\x1b[m\x1b[K\xe2\x80\x99:\n'}
[10.438809] (cone_visualizer) StderrLine: {'line': b'\x1b[01m\x1b[K/home/jack/ros2_homework_advanced/src/cone_visualizer/src/cone_visualizer_node.cpp:116:61:\x1b[m\x1b[K \x1b[01;31m\x1b[Kerror: \x1b[m\x1b[Kno matching function for call to \xe2\x80\x98\x1b[01m\x1b[Krclcpp::Duration::from_seconds(int, int)\x1b[m\x1b[K\xe2\x80\x99\n'}
[10.439016] (cone_visualizer) StderrLine: {'line': b'  116 |             marker.lifetime = \x1b[01;31m\x1b[Krclcpp::Duration::from_seconds(0,0)\x1b[m\x1b[K;\n'}
[10.439183] (cone_visualizer) StderrLine: {'line': b'      |                               \x1b[01;31m\x1b[K~~~~~~~~~~~~~~~~~~~~~~~~~~~~~~^~~~~\x1b[m\x1b[K\n'}
[10.439318] (cone_visualizer) StderrLine: {'line': b'In file included from \x1b[01m\x1b[K/opt/ros/humble/include/rclcpp/rclcpp/qos.hpp:20\x1b[m\x1b[K,\n'}
[10.439468] (cone_visualizer) StderrLine: {'line': b'                 from \x1b[01m\x1b[K/opt/ros/humble/include/rclcpp/rclcpp/node_interfaces/node_graph_interface.hpp:33\x1b[m\x1b[K,\n'}
[10.439599] (cone_visualizer) StderrLine: {'line': b'                 from \x1b[01m\x1b[K/opt/ros/humble/include/rclcpp/rclcpp/client.hpp:42\x1b[m\x1b[K,\n'}
[10.439727] (cone_visualizer) StderrLine: {'line': b'                 from \x1b[01m\x1b[K/opt/ros/humble/include/rclcpp/rclcpp/callback_group.hpp:24\x1b[m\x1b[K,\n'}
[10.440146] (cone_visualizer) StderrLine: {'line': b'                 from \x1b[01m\x1b[K/opt/ros/humble/include/rclcpp/rclcpp/any_executable.hpp:20\x1b[m\x1b[K,\n'}
[10.440593] (cone_visualizer) StderrLine: {'line': b'                 from \x1b[01m\x1b[K/opt/ros/humble/include/rclcpp/rclcpp/memory_strategy.hpp:25\x1b[m\x1b[K,\n'}
[10.440781] (cone_visualizer) StderrLine: {'line': b'                 from \x1b[01m\x1b[K/opt/ros/humble/include/rclcpp/rclcpp/memory_strategies.hpp:18\x1b[m\x1b[K,\n'}
[10.440913] (cone_visualizer) StderrLine: {'line': b'                 from \x1b[01m\x1b[K/opt/ros/humble/include/rclcpp/rclcpp/executor_options.hpp:20\x1b[m\x1b[K,\n'}
[10.441068] (cone_visualizer) StderrLine: {'line': b'                 from \x1b[01m\x1b[K/opt/ros/humble/include/rclcpp/rclcpp/executor.hpp:37\x1b[m\x1b[K,\n'}
[10.441201] (cone_visualizer) StderrLine: {'line': b'                 from \x1b[01m\x1b[K/opt/ros/humble/include/rclcpp/rclcpp/executors/multi_threaded_executor.hpp:25\x1b[m\x1b[K,\n'}
[10.441328] (cone_visualizer) StderrLine: {'line': b'                 from \x1b[01m\x1b[K/opt/ros/humble/include/rclcpp/rclcpp/executors.hpp:21\x1b[m\x1b[K,\n'}
[10.441476] (cone_visualizer) StderrLine: {'line': b'                 from \x1b[01m\x1b[K/opt/ros/humble/include/rclcpp/rclcpp/rclcpp.hpp:155\x1b[m\x1b[K,\n'}
[10.441602] (cone_visualizer) StderrLine: {'line': b'                 from \x1b[01m\x1b[K/home/jack/ros2_homework_advanced/src/cone_visualizer/src/cone_visualizer_node.cpp:6\x1b[m\x1b[K:\n'}
[10.441730] (cone_visualizer) StderrLine: {'line': b'\x1b[01m\x1b[K/opt/ros/humble/include/rclcpp/rclcpp/duration.hpp:127:3:\x1b[m\x1b[K \x1b[01;36m\x1b[Knote: \x1b[m\x1b[Kcandidate: \xe2\x80\x98\x1b[01m\x1b[Kstatic rclcpp::Duration rclcpp::Duration::from_seconds(double)\x1b[m\x1b[K\xe2\x80\x99\n'}
[10.441904] (cone_visualizer) StderrLine: {'line': b'  127 |   \x1b[01;36m\x1b[Kfrom_seconds\x1b[m\x1b[K(double seconds);\n'}
[10.442057] (cone_visualizer) StderrLine: {'line': b'      |   \x1b[01;36m\x1b[K^~~~~~~~~~~~\x1b[m\x1b[K\n'}
[10.457887] (cone_visualizer) StderrLine: {'line': b'\x1b[01m\x1b[K/opt/ros/humble/include/rclcpp/rclcpp/duration.hpp:127:3:\x1b[m\x1b[K \x1b[01;36m\x1b[Knote: \x1b[m\x1b[K  candidate expects 1 argument, 2 provided\n'}
[10.470205] (-) TimerEvent: {}
[10.570648] (-) TimerEvent: {}
[10.671141] (-) TimerEvent: {}
[10.771595] (-) TimerEvent: {}
[10.872219] (-) TimerEvent: {}
[10.972654] (-) TimerEvent: {}
[11.073102] (-) TimerEvent: {}
[11.173531] (-) TimerEvent: {}
[11.273997] (-) TimerEvent: {}
[11.374496] (-) TimerEvent: {}
[11.475002] (-) TimerEvent: {}
[11.575433] (-) TimerEvent: {}
[11.675894] (-) TimerEvent: {}
[11.776559] (-) TimerEvent: {}
[11.877032] (-) TimerEvent: {}
[11.977460] (-) TimerEvent: {}
[12.077919] (-) TimerEvent: {}
[12.179021] (-) TimerEvent: {}
[12.284103] (-) TimerEvent: {}
[12.384914] (-) TimerEvent: {}
[12.486315] (-) TimerEvent: {}
[12.586805] (-) TimerEvent: {}
[12.690086] (-) TimerEvent: {}
[12.790576] (-) TimerEvent: {}
[12.891089] (-) TimerEvent: {}
[12.993241] (-) TimerEvent: {}
[13.095253] (-) TimerEvent: {}
[13.195730] (-) TimerEvent: {}
[13.297258] (-) TimerEvent: {}
[13.398722] (-) TimerEvent: {}
[13.500346] (-) TimerEvent: {}
[13.602196] (-) TimerEvent: {}
[13.702888] (-) TimerEvent: {}
[13.803329] (-) TimerEvent: {}
[13.905483] (-) TimerEvent: {}
[14.006072] (-) TimerEvent: {}
[14.106584] (-) TimerEvent: {}
[14.208571] (-) TimerEvent: {}
[14.309178] (-) TimerEvent: {}
[14.411004] (-) TimerEvent: {}
[14.512198] (-) TimerEvent: {}
[14.612678] (-) TimerEvent: {}
[14.715269] (-) TimerEvent: {}
[14.815736] (-) TimerEvent: {}
[14.916260] (-) TimerEvent: {}
[15.016706] (-) TimerEvent: {}
[15.118292] (-) TimerEvent: {}
[15.218884] (-) TimerEvent: {}
[15.319340] (-) TimerEvent: {}
[15.421481] (-) TimerEvent: {}
[15.521912] (-) TimerEvent: {}
[15.623605] (-) TimerEvent: {}
[15.725367] (-) TimerEvent: {}
[15.827060] (-) TimerEvent: {}
[15.929292] (-) TimerEvent: {}
[16.031073] (-) TimerEvent: {}
[16.132511] (-) TimerEvent: {}
[16.234068] (-) TimerEvent: {}
[16.334608] (-) TimerEvent: {}
[16.436057] (-) TimerEvent: {}
[16.537290] (-) TimerEvent: {}
[16.640083] (-) TimerEvent: {}
[16.742925] (-) TimerEvent: {}
[16.845097] (-) TimerEvent: {}
[16.947193] (-) TimerEvent: {}
[17.049114] (-) TimerEvent: {}
[17.151449] (-) TimerEvent: {}
[17.254070] (-) TimerEvent: {}
[17.354575] (-) TimerEvent: {}
[17.455214] (-) TimerEvent: {}
[17.555648] (-) TimerEvent: {}
[17.656240] (-) TimerEvent: {}
[17.756748] (-) TimerEvent: {}
[17.858013] (-) TimerEvent: {}
[17.959875] (-) TimerEvent: {}
[18.061670] (-) TimerEvent: {}
[18.101461] (cone_visualizer) StderrLine: {'line': b'gmake[2]: *** [CMakeFiles/cone_visualizer_node.dir/build.make:76\xef\xbc\x9aCMakeFiles/cone_visualizer_node.dir/src/cone_visualizer_node.cpp.o] \xe9\x94\x99\xe8\xaf\xaf 1\n'}
[18.104167] (cone_visualizer) StderrLine: {'line': b'gmake[1]: *** [CMakeFiles/Makefile2:137\xef\xbc\x9aCMakeFiles/cone_visualizer_node.dir/all] \xe9\x94\x99\xe8\xaf\xaf 2\n'}
[18.104494] (cone_visualizer) StderrLine: {'line': b'gmake: *** [Makefile:146\xef\xbc\x9aall] \xe9\x94\x99\xe8\xaf\xaf 2\n'}
[18.108098] (cone_visualizer) CommandEnded: {'returncode': 2}
[18.135488] (cone_visualizer) JobEnded: {'identifier': 'cone_visualizer', 'rc': 2}
[18.148078] (-) EventReactorShutdown: {}
