[2.984s] Invoking command in '/home/jack/ros2_homework_advanced/build/fsd_common_msgs': CMAKE_PREFIX_PATH=${CMAKE_PREFIX_PATH}:/opt/ros/humble /usr/bin/cmake --build /home/jack/ros2_homework_advanced/build/fsd_common_msgs -- -j2 -l2
[17.958s] [  1%] Built target fsd_common_msgs__rs
[18.868s] [ 13%] Built target fsd_common_msgs__rosidl_generator_c
[19.286s] [ 13%] Built target fsd_common_msgs__cpp
[21.731s] [ 13%] Built target ament_cmake_python_copy_fsd_common_msgs
[22.679s] [ 25%] Built target fsd_common_msgs__rosidl_typesupport_fastrtps_c
[23.841s] [ 37%] Built target fsd_common_msgs__rosidl_typesupport_introspection_c
[24.625s] [ 49%] Built target fsd_common_msgs__rosidl_typesupport_c
[25.735s] [ 61%] Built target fsd_common_msgs__rosidl_typesupport_fastrtps_cpp
[26.702s] [ 73%] Built target fsd_common_msgs__rosidl_typesupport_introspection_cpp
[28.005s] [ 85%] Built target fsd_common_msgs__rosidl_typesupport_cpp
[30.102s] running egg_info
[30.104s] writing fsd_common_msgs.egg-info/PKG-INFO
[30.121s] writing dependency_links to fsd_common_msgs.egg-info/dependency_links.txt
[30.160s] writing top-level names to fsd_common_msgs.egg-info/top_level.txt
[30.339s] reading manifest file 'fsd_common_msgs.egg-info/SOURCES.txt'
[30.390s] writing manifest file 'fsd_common_msgs.egg-info/SOURCES.txt'
[30.504s] [ 85%] Built target ament_cmake_python_build_fsd_common_msgs_egg
[30.667s] [ 85%] Built target fsd_common_msgs
[31.024s] [ 85%] Built target fsd_common_msgs__py
[31.635s] [ 97%] Built target fsd_common_msgs__rosidl_generator_py
[32.087s] [ 98%] Built target fsd_common_msgs__rosidl_typesupport_fastrtps_c__pyext
[32.972s] [ 99%] Built target fsd_common_msgs__rosidl_typesupport_introspection_c__pyext
[33.871s] [100%] Built target fsd_common_msgs__rosidl_typesupport_c__pyext
[33.931s] Invoked command in '/home/jack/ros2_homework_advanced/build/fsd_common_msgs' returned '0': CMAKE_PREFIX_PATH=${CMAKE_PREFIX_PATH}:/opt/ros/humble /usr/bin/cmake --build /home/jack/ros2_homework_advanced/build/fsd_common_msgs -- -j2 -l2
[34.001s] Invoking command in '/home/jack/ros2_homework_advanced/build/fsd_common_msgs': CMAKE_PREFIX_PATH=${CMAKE_PREFIX_PATH}:/opt/ros/humble /usr/bin/cmake --install /home/jack/ros2_homework_advanced/build/fsd_common_msgs
[34.246s] -- Install configuration: ""
[34.333s] -- Up-to-date: /home/jack/ros2_homework_advanced/install/fsd_common_msgs/share/ament_index/resource_index/rosidl_interfaces/fsd_common_msgs
[34.334s] -- Up-to-date: /home/jack/ros2_homework_advanced/install/fsd_common_msgs/include/fsd_common_msgs/fsd_common_msgs
[34.334s] -- Up-to-date: /home/jack/ros2_homework_advanced/install/fsd_common_msgs/include/fsd_common_msgs/fsd_common_msgs/msg
[34.334s] -- Up-to-date: /home/jack/ros2_homework_advanced/install/fsd_common_msgs/include/fsd_common_msgs/fsd_common_msgs/msg/decision_flag.h
[34.335s] -- Up-to-date: /home/jack/ros2_homework_advanced/install/fsd_common_msgs/include/fsd_common_msgs/fsd_common_msgs/msg/time.h
[34.335s] -- Up-to-date: /home/jack/ros2_homework_advanced/install/fsd_common_msgs/include/fsd_common_msgs/fsd_common_msgs/msg/can_frames.h
[34.335s] -- Up-to-date: /home/jack/ros2_homework_advanced/install/fsd_common_msgs/include/fsd_common_msgs/fsd_common_msgs/msg/track.h
[34.335s] -- Up-to-date: /home/jack/ros2_homework_advanced/install/fsd_common_msgs/include/fsd_common_msgs/fsd_common_msgs/msg/trajectory_point.h
[34.335s] -- Up-to-date: /home/jack/ros2_homework_advanced/install/fsd_common_msgs/include/fsd_common_msgs/fsd_common_msgs/msg/ins_delta.h
[34.340s] -- Up-to-date: /home/jack/ros2_homework_advanced/install/fsd_common_msgs/include/fsd_common_msgs/fsd_common_msgs/msg/visualization.h
[34.343s] -- Up-to-date: /home/jack/ros2_homework_advanced/install/fsd_common_msgs/include/fsd_common_msgs/fsd_common_msgs/msg/cone_dbscan.h
[34.343s] -- Up-to-date: /home/jack/ros2_homework_advanced/install/fsd_common_msgs/include/fsd_common_msgs/fsd_common_msgs/msg/echiev_message.h
[34.343s] -- Up-to-date: /home/jack/ros2_homework_advanced/install/fsd_common_msgs/include/fsd_common_msgs/fsd_common_msgs/msg/yolo_cone_detections_track.h
[34.345s] -- Up-to-date: /home/jack/ros2_homework_advanced/install/fsd_common_msgs/include/fsd_common_msgs/fsd_common_msgs/msg/detail
[34.346s] -- Up-to-date: /home/jack/ros2_homework_advanced/install/fsd_common_msgs/include/fsd_common_msgs/fsd_common_msgs/msg/detail/skidpad_global_center_line__type_support.h
[34.346s] -- Up-to-date: /home/jack/ros2_homework_advanced/install/fsd_common_msgs/include/fsd_common_msgs/fsd_common_msgs/msg/detail/trajectory_point__struct.h
[34.346s] -- Up-to-date: /home/jack/ros2_homework_advanced/install/fsd_common_msgs/include/fsd_common_msgs/fsd_common_msgs/msg/detail/driving_dynamics__struct.h
[34.346s] -- Up-to-date: /home/jack/ros2_homework_advanced/install/fsd_common_msgs/include/fsd_common_msgs/fsd_common_msgs/msg/detail/track__type_support.h
[34.346s] -- Up-to-date: /home/jack/ros2_homework_advanced/install/fsd_common_msgs/include/fsd_common_msgs/fsd_common_msgs/msg/detail/mission__type_support.h
[34.347s] -- Up-to-date: /home/jack/ros2_homework_advanced/install/fsd_common_msgs/include/fsd_common_msgs/fsd_common_msgs/msg/detail/time__struct.h
[34.347s] -- Up-to-date: /home/jack/ros2_homework_advanced/install/fsd_common_msgs/include/fsd_common_msgs/fsd_common_msgs/msg/detail/map__functions.h
[34.347s] -- Up-to-date: /home/jack/ros2_homework_advanced/install/fsd_common_msgs/include/fsd_common_msgs/fsd_common_msgs/msg/detail/cone_detections__functions.h
[34.347s] -- Up-to-date: /home/jack/ros2_homework_advanced/install/fsd_common_msgs/include/fsd_common_msgs/fsd_common_msgs/msg/detail/remote_control_command__struct.h
[34.347s] -- Up-to-date: /home/jack/ros2_homework_advanced/install/fsd_common_msgs/include/fsd_common_msgs/fsd_common_msgs/msg/detail/can_frames__type_support.h
[34.350s] -- Up-to-date: /home/jack/ros2_homework_advanced/install/fsd_common_msgs/include/fsd_common_msgs/fsd_common_msgs/msg/detail/yolo_cone__struct.h
[34.351s] -- Up-to-date: /home/jack/ros2_homework_advanced/install/fsd_common_msgs/include/fsd_common_msgs/fsd_common_msgs/msg/detail/yolo_cone_detections_track__struct.h
[34.351s] -- Up-to-date: /home/jack/ros2_homework_advanced/install/fsd_common_msgs/include/fsd_common_msgs/fsd_common_msgs/msg/detail/res_and_ami__struct.h
[34.351s] -- Up-to-date: /home/jack/ros2_homework_advanced/install/fsd_common_msgs/include/fsd_common_msgs/fsd_common_msgs/msg/detail/as_state__type_support.h
[34.351s] -- Up-to-date: /home/jack/ros2_homework_advanced/install/fsd_common_msgs/include/fsd_common_msgs/fsd_common_msgs/msg/detail/res_and_ami__type_support.h
[34.351s] -- Up-to-date: /home/jack/ros2_homework_advanced/install/fsd_common_msgs/include/fsd_common_msgs/fsd_common_msgs/msg/detail/decision_flag__struct.h
[34.352s] -- Up-to-date: /home/jack/ros2_homework_advanced/install/fsd_common_msgs/include/fsd_common_msgs/fsd_common_msgs/msg/detail/time__type_support.h
[34.352s] -- Up-to-date: /home/jack/ros2_homework_advanced/install/fsd_common_msgs/include/fsd_common_msgs/fsd_common_msgs/msg/detail/asensing_message__type_support.h
[34.352s] -- Up-to-date: /home/jack/ros2_homework_advanced/install/fsd_common_msgs/include/fsd_common_msgs/fsd_common_msgs/msg/detail/yolo_cone_detections_track__functions.c
[34.352s] -- Up-to-date: /home/jack/ros2_homework_advanced/install/fsd_common_msgs/include/fsd_common_msgs/fsd_common_msgs/msg/detail/track__functions.c
[34.352s] -- Up-to-date: /home/jack/ros2_homework_advanced/install/fsd_common_msgs/include/fsd_common_msgs/fsd_common_msgs/msg/detail/car_state__type_support.h
[34.355s] -- Up-to-date: /home/jack/ros2_homework_advanced/install/fsd_common_msgs/include/fsd_common_msgs/fsd_common_msgs/msg/detail/cone__struct.h
[34.355s] -- Up-to-date: /home/jack/ros2_homework_advanced/install/fsd_common_msgs/include/fsd_common_msgs/fsd_common_msgs/msg/detail/as_state__functions.c
[34.355s] -- Up-to-date: /home/jack/ros2_homework_advanced/install/fsd_common_msgs/include/fsd_common_msgs/fsd_common_msgs/msg/detail/remote_control_command__type_support.h
[34.355s] -- Up-to-date: /home/jack/ros2_homework_advanced/install/fsd_common_msgs/include/fsd_common_msgs/fsd_common_msgs/msg/detail/cone__type_support.h
[34.356s] -- Up-to-date: /home/jack/ros2_homework_advanced/install/fsd_common_msgs/include/fsd_common_msgs/fsd_common_msgs/msg/detail/yolo_cone__functions.h
[34.356s] -- Up-to-date: /home/jack/ros2_homework_advanced/install/fsd_common_msgs/include/fsd_common_msgs/fsd_common_msgs/msg/detail/yolo_cone_detections__type_support.h
[34.358s] -- Up-to-date: /home/jack/ros2_homework_advanced/install/fsd_common_msgs/include/fsd_common_msgs/fsd_common_msgs/msg/detail/visualization__type_support.h
[34.358s] -- Up-to-date: /home/jack/ros2_homework_advanced/install/fsd_common_msgs/include/fsd_common_msgs/fsd_common_msgs/msg/detail/asensing_message__functions.h
[34.358s] -- Up-to-date: /home/jack/ros2_homework_advanced/install/fsd_common_msgs/include/fsd_common_msgs/fsd_common_msgs/msg/detail/cone_dbscan__functions.c
[34.358s] -- Up-to-date: /home/jack/ros2_homework_advanced/install/fsd_common_msgs/include/fsd_common_msgs/fsd_common_msgs/msg/detail/mission__functions.c
[34.359s] -- Up-to-date: /home/jack/ros2_homework_advanced/install/fsd_common_msgs/include/fsd_common_msgs/fsd_common_msgs/msg/detail/decision_flag__functions.c
[34.360s] -- Up-to-date: /home/jack/ros2_homework_advanced/install/fsd_common_msgs/include/fsd_common_msgs/fsd_common_msgs/msg/detail/map__type_support.h
[34.360s] -- Up-to-date: /home/jack/ros2_homework_advanced/install/fsd_common_msgs/include/fsd_common_msgs/fsd_common_msgs/msg/detail/yolo_cone__type_support.h
[34.360s] -- Up-to-date: /home/jack/ros2_homework_advanced/install/fsd_common_msgs/include/fsd_common_msgs/fsd_common_msgs/msg/detail/as_state__struct.h
[34.360s] -- Up-to-date: /home/jack/ros2_homework_advanced/install/fsd_common_msgs/include/fsd_common_msgs/fsd_common_msgs/msg/detail/ins_delta__functions.c
[34.360s] -- Up-to-date: /home/jack/ros2_homework_advanced/install/fsd_common_msgs/include/fsd_common_msgs/fsd_common_msgs/msg/detail/yolo_cone_detections__struct.h
[34.362s] -- Up-to-date: /home/jack/ros2_homework_advanced/install/fsd_common_msgs/include/fsd_common_msgs/fsd_common_msgs/msg/detail/control_command__functions.c
[34.362s] -- Up-to-date: /home/jack/ros2_homework_advanced/install/fsd_common_msgs/include/fsd_common_msgs/fsd_common_msgs/msg/detail/yolo_cone_track__functions.h
[34.362s] -- Up-to-date: /home/jack/ros2_homework_advanced/install/fsd_common_msgs/include/fsd_common_msgs/fsd_common_msgs/msg/detail/visualization__functions.h
[34.363s] -- Up-to-date: /home/jack/ros2_homework_advanced/install/fsd_common_msgs/include/fsd_common_msgs/fsd_common_msgs/msg/detail/car_state_dt__functions.h
[34.364s] -- Up-to-date: /home/jack/ros2_homework_advanced/install/fsd_common_msgs/include/fsd_common_msgs/fsd_common_msgs/msg/detail/echiev_message__functions.c
[34.364s] -- Up-to-date: /home/jack/ros2_homework_advanced/install/fsd_common_msgs/include/fsd_common_msgs/fsd_common_msgs/msg/detail/driving_dynamics__type_support.h
[34.364s] -- Up-to-date: /home/jack/ros2_homework_advanced/install/fsd_common_msgs/include/fsd_common_msgs/fsd_common_msgs/msg/detail/car_state_dt__type_support.h
[34.364s] -- Up-to-date: /home/jack/ros2_homework_advanced/install/fsd_common_msgs/include/fsd_common_msgs/fsd_common_msgs/msg/detail/yolo_cone_detections__functions.c
[34.365s] -- Up-to-date: /home/jack/ros2_homework_advanced/install/fsd_common_msgs/include/fsd_common_msgs/fsd_common_msgs/msg/detail/asensing_message__struct.h
[34.365s] -- Up-to-date: /home/jack/ros2_homework_advanced/install/fsd_common_msgs/include/fsd_common_msgs/fsd_common_msgs/msg/detail/can_frames__struct.h
[34.366s] -- Up-to-date: /home/jack/ros2_homework_advanced/install/fsd_common_msgs/include/fsd_common_msgs/fsd_common_msgs/msg/detail/res_and_ami__functions.h
[34.366s] -- Up-to-date: /home/jack/ros2_homework_advanced/install/fsd_common_msgs/include/fsd_common_msgs/fsd_common_msgs/msg/detail/ins_delta__struct.h
[34.366s] -- Up-to-date: /home/jack/ros2_homework_advanced/install/fsd_common_msgs/include/fsd_common_msgs/fsd_common_msgs/msg/detail/cone__functions.h
[34.368s] -- Up-to-date: /home/jack/ros2_homework_advanced/install/fsd_common_msgs/include/fsd_common_msgs/fsd_common_msgs/msg/detail/cone_detections__type_support.h
[34.368s] -- Up-to-date: /home/jack/ros2_homework_advanced/install/fsd_common_msgs/include/fsd_common_msgs/fsd_common_msgs/msg/detail/track__functions.h
[34.369s] -- Up-to-date: /home/jack/ros2_homework_advanced/install/fsd_common_msgs/include/fsd_common_msgs/fsd_common_msgs/msg/detail/visualization__struct.h
[34.369s] -- Up-to-date: /home/jack/ros2_homework_advanced/install/fsd_common_msgs/include/fsd_common_msgs/fsd_common_msgs/msg/detail/echiev_message__functions.h
[34.369s] -- Up-to-date: /home/jack/ros2_homework_advanced/install/fsd_common_msgs/include/fsd_common_msgs/fsd_common_msgs/msg/detail/skidpad_global_center_line__struct.h
[34.369s] -- Up-to-date: /home/jack/ros2_homework_advanced/install/fsd_common_msgs/include/fsd_common_msgs/fsd_common_msgs/msg/detail/car_state__functions.c
[34.369s] -- Up-to-date: /home/jack/ros2_homework_advanced/install/fsd_common_msgs/include/fsd_common_msgs/fsd_common_msgs/msg/detail/echiev_message__struct.h
[34.369s] -- Up-to-date: /home/jack/ros2_homework_advanced/install/fsd_common_msgs/include/fsd_common_msgs/fsd_common_msgs/msg/detail/skidpad_global_center_line__functions.c
[34.370s] -- Up-to-date: /home/jack/ros2_homework_advanced/install/fsd_common_msgs/include/fsd_common_msgs/fsd_common_msgs/msg/detail/track__struct.h
[34.370s] -- Up-to-date: /home/jack/ros2_homework_advanced/install/fsd_common_msgs/include/fsd_common_msgs/fsd_common_msgs/msg/detail/cone_detections_dbscan__functions.h
[34.370s] -- Up-to-date: /home/jack/ros2_homework_advanced/install/fsd_common_msgs/include/fsd_common_msgs/fsd_common_msgs/msg/detail/car_state__functions.h
[34.370s] -- Up-to-date: /home/jack/ros2_homework_advanced/install/fsd_common_msgs/include/fsd_common_msgs/fsd_common_msgs/msg/detail/can_frames__functions.c
[34.370s] -- Up-to-date: /home/jack/ros2_homework_advanced/install/fsd_common_msgs/include/fsd_common_msgs/fsd_common_msgs/msg/detail/echiev_message__type_support.h
[34.370s] -- Up-to-date: /home/jack/ros2_homework_advanced/install/fsd_common_msgs/include/fsd_common_msgs/fsd_common_msgs/msg/detail/res_and_ami__functions.c
[34.371s] -- Up-to-date: /home/jack/ros2_homework_advanced/install/fsd_common_msgs/include/fsd_common_msgs/fsd_common_msgs/msg/detail/yolo_cone_track__functions.c
[34.371s] -- Up-to-date: /home/jack/ros2_homework_advanced/install/fsd_common_msgs/include/fsd_common_msgs/fsd_common_msgs/msg/detail/yolo_cone_track__struct.h
[34.371s] -- Up-to-date: /home/jack/ros2_homework_advanced/install/fsd_common_msgs/include/fsd_common_msgs/fsd_common_msgs/msg/detail/trajectory_point__functions.h
[34.371s] -- Up-to-date: /home/jack/ros2_homework_advanced/install/fsd_common_msgs/include/fsd_common_msgs/fsd_common_msgs/msg/detail/time__functions.h
[34.371s] -- Up-to-date: /home/jack/ros2_homework_advanced/install/fsd_common_msgs/include/fsd_common_msgs/fsd_common_msgs/msg/detail/as_state__functions.h
[34.374s] -- Up-to-date: /home/jack/ros2_homework_advanced/install/fsd_common_msgs/include/fsd_common_msgs/fsd_common_msgs/msg/detail/yolo_cone_detections__functions.h
[34.374s] -- Up-to-date: /home/jack/ros2_homework_advanced/install/fsd_common_msgs/include/fsd_common_msgs/fsd_common_msgs/msg/detail/feedback__functions.c
[34.374s] -- Up-to-date: /home/jack/ros2_homework_advanced/install/fsd_common_msgs/include/fsd_common_msgs/fsd_common_msgs/msg/detail/asensing_message__functions.c
[34.374s] -- Up-to-date: /home/jack/ros2_homework_advanced/install/fsd_common_msgs/include/fsd_common_msgs/fsd_common_msgs/msg/detail/cone__functions.c
[34.375s] -- Up-to-date: /home/jack/ros2_homework_advanced/install/fsd_common_msgs/include/fsd_common_msgs/fsd_common_msgs/msg/detail/visualization__functions.c
[34.375s] -- Up-to-date: /home/jack/ros2_homework_advanced/install/fsd_common_msgs/include/fsd_common_msgs/fsd_common_msgs/msg/detail/yolo_cone_detections_track__type_support.h
[34.375s] -- Up-to-date: /home/jack/ros2_homework_advanced/install/fsd_common_msgs/include/fsd_common_msgs/fsd_common_msgs/msg/detail/remote_control_command__functions.c
[34.375s] -- Up-to-date: /home/jack/ros2_homework_advanced/install/fsd_common_msgs/include/fsd_common_msgs/fsd_common_msgs/msg/detail/cone_detections_dbscan__struct.h
[34.375s] -- Up-to-date: /home/jack/ros2_homework_advanced/install/fsd_common_msgs/include/fsd_common_msgs/fsd_common_msgs/msg/detail/map__functions.c
[34.375s] -- Up-to-date: /home/jack/ros2_homework_advanced/install/fsd_common_msgs/include/fsd_common_msgs/fsd_common_msgs/msg/detail/driving_dynamics__functions.c
[34.376s] -- Up-to-date: /home/jack/ros2_homework_advanced/install/fsd_common_msgs/include/fsd_common_msgs/fsd_common_msgs/msg/detail/feedback__struct.h
[34.376s] -- Up-to-date: /home/jack/ros2_homework_advanced/install/fsd_common_msgs/include/fsd_common_msgs/fsd_common_msgs/msg/detail/cone_detections__functions.c
[34.376s] -- Up-to-date: /home/jack/ros2_homework_advanced/install/fsd_common_msgs/include/fsd_common_msgs/fsd_common_msgs/msg/detail/car_state__struct.h
[34.377s] -- Up-to-date: /home/jack/ros2_homework_advanced/install/fsd_common_msgs/include/fsd_common_msgs/fsd_common_msgs/msg/detail/can_frames__functions.h
[34.377s] -- Up-to-date: /home/jack/ros2_homework_advanced/install/fsd_common_msgs/include/fsd_common_msgs/fsd_common_msgs/msg/detail/mission__functions.h
[34.377s] -- Up-to-date: /home/jack/ros2_homework_advanced/install/fsd_common_msgs/include/fsd_common_msgs/fsd_common_msgs/msg/detail/cone_detections__struct.h
[34.378s] -- Up-to-date: /home/jack/ros2_homework_advanced/install/fsd_common_msgs/include/fsd_common_msgs/fsd_common_msgs/msg/detail/car_state_dt__struct.h
[34.378s] -- Up-to-date: /home/jack/ros2_homework_advanced/install/fsd_common_msgs/include/fsd_common_msgs/fsd_common_msgs/msg/detail/ins_delta__functions.h
[34.378s] -- Up-to-date: /home/jack/ros2_homework_advanced/install/fsd_common_msgs/include/fsd_common_msgs/fsd_common_msgs/msg/detail/cone_detections_dbscan__functions.c
[34.378s] -- Up-to-date: /home/jack/ros2_homework_advanced/install/fsd_common_msgs/include/fsd_common_msgs/fsd_common_msgs/msg/detail/decision_flag__functions.h
[34.378s] -- Up-to-date: /home/jack/ros2_homework_advanced/install/fsd_common_msgs/include/fsd_common_msgs/fsd_common_msgs/msg/detail/yolo_cone_track__type_support.h
[34.381s] -- Up-to-date: /home/jack/ros2_homework_advanced/install/fsd_common_msgs/include/fsd_common_msgs/fsd_common_msgs/msg/detail/cone_detections_dbscan__type_support.h
[34.381s] -- Up-to-date: /home/jack/ros2_homework_advanced/install/fsd_common_msgs/include/fsd_common_msgs/fsd_common_msgs/msg/detail/control_command__type_support.h
[34.381s] -- Up-to-date: /home/jack/ros2_homework_advanced/install/fsd_common_msgs/include/fsd_common_msgs/fsd_common_msgs/msg/detail/decision_flag__type_support.h
[34.381s] -- Up-to-date: /home/jack/ros2_homework_advanced/install/fsd_common_msgs/include/fsd_common_msgs/fsd_common_msgs/msg/detail/feedback__type_support.h
[34.381s] -- Up-to-date: /home/jack/ros2_homework_advanced/install/fsd_common_msgs/include/fsd_common_msgs/fsd_common_msgs/msg/detail/trajectory_point__type_support.h
[34.381s] -- Up-to-date: /home/jack/ros2_homework_advanced/install/fsd_common_msgs/include/fsd_common_msgs/fsd_common_msgs/msg/detail/mission__struct.h
[34.382s] -- Up-to-date: /home/jack/ros2_homework_advanced/install/fsd_common_msgs/include/fsd_common_msgs/fsd_common_msgs/msg/detail/control_command__struct.h
[34.382s] -- Up-to-date: /home/jack/ros2_homework_advanced/install/fsd_common_msgs/include/fsd_common_msgs/fsd_common_msgs/msg/detail/cone_dbscan__struct.h
[34.382s] -- Up-to-date: /home/jack/ros2_homework_advanced/install/fsd_common_msgs/include/fsd_common_msgs/fsd_common_msgs/msg/detail/control_command__functions.h
[34.382s] -- Up-to-date: /home/jack/ros2_homework_advanced/install/fsd_common_msgs/include/fsd_common_msgs/fsd_common_msgs/msg/detail/skidpad_global_center_line__functions.h
[34.383s] -- Up-to-date: /home/jack/ros2_homework_advanced/install/fsd_common_msgs/include/fsd_common_msgs/fsd_common_msgs/msg/detail/car_state_dt__functions.c
[34.383s] -- Up-to-date: /home/jack/ros2_homework_advanced/install/fsd_common_msgs/include/fsd_common_msgs/fsd_common_msgs/msg/detail/ins_delta__type_support.h
[34.383s] -- Up-to-date: /home/jack/ros2_homework_advanced/install/fsd_common_msgs/include/fsd_common_msgs/fsd_common_msgs/msg/detail/cone_dbscan__functions.h
[34.383s] -- Up-to-date: /home/jack/ros2_homework_advanced/install/fsd_common_msgs/include/fsd_common_msgs/fsd_common_msgs/msg/detail/feedback__functions.h
[34.383s] -- Up-to-date: /home/jack/ros2_homework_advanced/install/fsd_common_msgs/include/fsd_common_msgs/fsd_common_msgs/msg/detail/remote_control_command__functions.h
[34.383s] -- Up-to-date: /home/jack/ros2_homework_advanced/install/fsd_common_msgs/include/fsd_common_msgs/fsd_common_msgs/msg/detail/yolo_cone__functions.c
[34.384s] -- Up-to-date: /home/jack/ros2_homework_advanced/install/fsd_common_msgs/include/fsd_common_msgs/fsd_common_msgs/msg/detail/yolo_cone_detections_track__functions.h
[34.384s] -- Up-to-date: /home/jack/ros2_homework_advanced/install/fsd_common_msgs/include/fsd_common_msgs/fsd_common_msgs/msg/detail/time__functions.c
[34.384s] -- Up-to-date: /home/jack/ros2_homework_advanced/install/fsd_common_msgs/include/fsd_common_msgs/fsd_common_msgs/msg/detail/map__struct.h
[34.384s] -- Up-to-date: /home/jack/ros2_homework_advanced/install/fsd_common_msgs/include/fsd_common_msgs/fsd_common_msgs/msg/detail/driving_dynamics__functions.h
[34.384s] -- Up-to-date: /home/jack/ros2_homework_advanced/install/fsd_common_msgs/include/fsd_common_msgs/fsd_common_msgs/msg/detail/cone_dbscan__type_support.h
[34.386s] -- Up-to-date: /home/jack/ros2_homework_advanced/install/fsd_common_msgs/include/fsd_common_msgs/fsd_common_msgs/msg/detail/trajectory_point__functions.c
[34.387s] -- Up-to-date: /home/jack/ros2_homework_advanced/install/fsd_common_msgs/include/fsd_common_msgs/fsd_common_msgs/msg/rosidl_generator_c__visibility_control.h
[34.387s] -- Up-to-date: /home/jack/ros2_homework_advanced/install/fsd_common_msgs/include/fsd_common_msgs/fsd_common_msgs/msg/cone_detections_dbscan.h
[34.387s] -- Up-to-date: /home/jack/ros2_homework_advanced/install/fsd_common_msgs/include/fsd_common_msgs/fsd_common_msgs/msg/driving_dynamics.h
[34.387s] -- Up-to-date: /home/jack/ros2_homework_advanced/install/fsd_common_msgs/include/fsd_common_msgs/fsd_common_msgs/msg/cone.h
[34.387s] -- Up-to-date: /home/jack/ros2_homework_advanced/install/fsd_common_msgs/include/fsd_common_msgs/fsd_common_msgs/msg/car_state_dt.h
[34.388s] -- Up-to-date: /home/jack/ros2_homework_advanced/install/fsd_common_msgs/include/fsd_common_msgs/fsd_common_msgs/msg/asensing_message.h
[34.388s] -- Up-to-date: /home/jack/ros2_homework_advanced/install/fsd_common_msgs/include/fsd_common_msgs/fsd_common_msgs/msg/feedback.h
[34.388s] -- Up-to-date: /home/jack/ros2_homework_advanced/install/fsd_common_msgs/include/fsd_common_msgs/fsd_common_msgs/msg/as_state.h
[34.388s] -- Up-to-date: /home/jack/ros2_homework_advanced/install/fsd_common_msgs/include/fsd_common_msgs/fsd_common_msgs/msg/car_state.h
[34.388s] -- Up-to-date: /home/jack/ros2_homework_advanced/install/fsd_common_msgs/include/fsd_common_msgs/fsd_common_msgs/msg/yolo_cone.h
[34.389s] -- Up-to-date: /home/jack/ros2_homework_advanced/install/fsd_common_msgs/include/fsd_common_msgs/fsd_common_msgs/msg/yolo_cone_track.h
[34.389s] -- Up-to-date: /home/jack/ros2_homework_advanced/install/fsd_common_msgs/include/fsd_common_msgs/fsd_common_msgs/msg/control_command.h
[34.389s] -- Up-to-date: /home/jack/ros2_homework_advanced/install/fsd_common_msgs/include/fsd_common_msgs/fsd_common_msgs/msg/skidpad_global_center_line.h
[34.390s] -- Up-to-date: /home/jack/ros2_homework_advanced/install/fsd_common_msgs/include/fsd_common_msgs/fsd_common_msgs/msg/cone_detections.h
[34.390s] -- Up-to-date: /home/jack/ros2_homework_advanced/install/fsd_common_msgs/include/fsd_common_msgs/fsd_common_msgs/msg/yolo_cone_detections.h
[34.390s] -- Up-to-date: /home/jack/ros2_homework_advanced/install/fsd_common_msgs/include/fsd_common_msgs/fsd_common_msgs/msg/remote_control_command.h
[34.390s] -- Up-to-date: /home/jack/ros2_homework_advanced/install/fsd_common_msgs/include/fsd_common_msgs/fsd_common_msgs/msg/map.h
[34.390s] -- Up-to-date: /home/jack/ros2_homework_advanced/install/fsd_common_msgs/include/fsd_common_msgs/fsd_common_msgs/msg/res_and_ami.h
[34.392s] -- Up-to-date: /home/jack/ros2_homework_advanced/install/fsd_common_msgs/include/fsd_common_msgs/fsd_common_msgs/msg/mission.h
[34.392s] -- Up-to-date: /home/jack/ros2_homework_advanced/install/fsd_common_msgs/share/fsd_common_msgs/environment/library_path.sh
[34.392s] -- Up-to-date: /home/jack/ros2_homework_advanced/install/fsd_common_msgs/share/fsd_common_msgs/environment/library_path.dsv
[34.513s] -- Up-to-date: /home/jack/ros2_homework_advanced/install/fsd_common_msgs/lib/libfsd_common_msgs__rosidl_generator_c.so
[34.513s] -- Up-to-date: /home/jack/ros2_homework_advanced/install/fsd_common_msgs/include/fsd_common_msgs/fsd_common_msgs
[34.514s] -- Up-to-date: /home/jack/ros2_homework_advanced/install/fsd_common_msgs/include/fsd_common_msgs/fsd_common_msgs/msg
[34.514s] -- Up-to-date: /home/jack/ros2_homework_advanced/install/fsd_common_msgs/include/fsd_common_msgs/fsd_common_msgs/msg/detail
[34.514s] -- Up-to-date: /home/jack/ros2_homework_advanced/install/fsd_common_msgs/include/fsd_common_msgs/fsd_common_msgs/msg/detail/time__rosidl_typesupport_fastrtps_c.h
[34.514s] -- Up-to-date: /home/jack/ros2_homework_advanced/install/fsd_common_msgs/include/fsd_common_msgs/fsd_common_msgs/msg/detail/decision_flag__rosidl_typesupport_fastrtps_c.h
[34.514s] -- Up-to-date: /home/jack/ros2_homework_advanced/install/fsd_common_msgs/include/fsd_common_msgs/fsd_common_msgs/msg/detail/cone_detections_dbscan__rosidl_typesupport_fastrtps_c.h
[34.562s] -- Up-to-date: /home/jack/ros2_homework_advanced/install/fsd_common_msgs/include/fsd_common_msgs/fsd_common_msgs/msg/detail/visualization__rosidl_typesupport_fastrtps_c.h
[34.562s] -- Up-to-date: /home/jack/ros2_homework_advanced/install/fsd_common_msgs/include/fsd_common_msgs/fsd_common_msgs/msg/detail/yolo_cone__rosidl_typesupport_fastrtps_c.h
[34.564s] -- Up-to-date: /home/jack/ros2_homework_advanced/install/fsd_common_msgs/include/fsd_common_msgs/fsd_common_msgs/msg/detail/yolo_cone_detections__rosidl_typesupport_fastrtps_c.h
[34.564s] -- Up-to-date: /home/jack/ros2_homework_advanced/install/fsd_common_msgs/include/fsd_common_msgs/fsd_common_msgs/msg/detail/cone_dbscan__rosidl_typesupport_fastrtps_c.h
[34.564s] -- Up-to-date: /home/jack/ros2_homework_advanced/install/fsd_common_msgs/include/fsd_common_msgs/fsd_common_msgs/msg/detail/yolo_cone_track__rosidl_typesupport_fastrtps_c.h
[34.566s] -- Up-to-date: /home/jack/ros2_homework_advanced/install/fsd_common_msgs/include/fsd_common_msgs/fsd_common_msgs/msg/detail/car_state_dt__rosidl_typesupport_fastrtps_c.h
[34.566s] -- Up-to-date: /home/jack/ros2_homework_advanced/install/fsd_common_msgs/include/fsd_common_msgs/fsd_common_msgs/msg/detail/ins_delta__rosidl_typesupport_fastrtps_c.h
[34.566s] -- Up-to-date: /home/jack/ros2_homework_advanced/install/fsd_common_msgs/include/fsd_common_msgs/fsd_common_msgs/msg/detail/map__rosidl_typesupport_fastrtps_c.h
[34.567s] -- Up-to-date: /home/jack/ros2_homework_advanced/install/fsd_common_msgs/include/fsd_common_msgs/fsd_common_msgs/msg/detail/yolo_cone_detections_track__rosidl_typesupport_fastrtps_c.h
[34.567s] -- Up-to-date: /home/jack/ros2_homework_advanced/install/fsd_common_msgs/include/fsd_common_msgs/fsd_common_msgs/msg/detail/track__rosidl_typesupport_fastrtps_c.h
[34.567s] -- Up-to-date: /home/jack/ros2_homework_advanced/install/fsd_common_msgs/include/fsd_common_msgs/fsd_common_msgs/msg/detail/remote_control_command__rosidl_typesupport_fastrtps_c.h
[34.567s] -- Up-to-date: /home/jack/ros2_homework_advanced/install/fsd_common_msgs/include/fsd_common_msgs/fsd_common_msgs/msg/detail/cone__rosidl_typesupport_fastrtps_c.h
[34.567s] -- Up-to-date: /home/jack/ros2_homework_advanced/install/fsd_common_msgs/include/fsd_common_msgs/fsd_common_msgs/msg/detail/mission__rosidl_typesupport_fastrtps_c.h
[34.568s] -- Up-to-date: /home/jack/ros2_homework_advanced/install/fsd_common_msgs/include/fsd_common_msgs/fsd_common_msgs/msg/detail/skidpad_global_center_line__rosidl_typesupport_fastrtps_c.h
[34.569s] -- Up-to-date: /home/jack/ros2_homework_advanced/install/fsd_common_msgs/include/fsd_common_msgs/fsd_common_msgs/msg/detail/res_and_ami__rosidl_typesupport_fastrtps_c.h
[34.570s] -- Up-to-date: /home/jack/ros2_homework_advanced/install/fsd_common_msgs/include/fsd_common_msgs/fsd_common_msgs/msg/detail/control_command__rosidl_typesupport_fastrtps_c.h
[34.570s] -- Up-to-date: /home/jack/ros2_homework_advanced/install/fsd_common_msgs/include/fsd_common_msgs/fsd_common_msgs/msg/detail/as_state__rosidl_typesupport_fastrtps_c.h
[34.570s] -- Up-to-date: /home/jack/ros2_homework_advanced/install/fsd_common_msgs/include/fsd_common_msgs/fsd_common_msgs/msg/detail/car_state__rosidl_typesupport_fastrtps_c.h
[34.570s] -- Up-to-date: /home/jack/ros2_homework_advanced/install/fsd_common_msgs/include/fsd_common_msgs/fsd_common_msgs/msg/detail/driving_dynamics__rosidl_typesupport_fastrtps_c.h
[34.571s] -- Up-to-date: /home/jack/ros2_homework_advanced/install/fsd_common_msgs/include/fsd_common_msgs/fsd_common_msgs/msg/detail/feedback__rosidl_typesupport_fastrtps_c.h
[34.571s] -- Up-to-date: /home/jack/ros2_homework_advanced/install/fsd_common_msgs/include/fsd_common_msgs/fsd_common_msgs/msg/detail/asensing_message__rosidl_typesupport_fastrtps_c.h
[34.572s] -- Up-to-date: /home/jack/ros2_homework_advanced/install/fsd_common_msgs/include/fsd_common_msgs/fsd_common_msgs/msg/detail/trajectory_point__rosidl_typesupport_fastrtps_c.h
[34.572s] -- Up-to-date: /home/jack/ros2_homework_advanced/install/fsd_common_msgs/include/fsd_common_msgs/fsd_common_msgs/msg/detail/can_frames__rosidl_typesupport_fastrtps_c.h
[34.572s] -- Up-to-date: /home/jack/ros2_homework_advanced/install/fsd_common_msgs/include/fsd_common_msgs/fsd_common_msgs/msg/detail/echiev_message__rosidl_typesupport_fastrtps_c.h
[34.572s] -- Up-to-date: /home/jack/ros2_homework_advanced/install/fsd_common_msgs/include/fsd_common_msgs/fsd_common_msgs/msg/detail/cone_detections__rosidl_typesupport_fastrtps_c.h
[34.572s] -- Up-to-date: /home/jack/ros2_homework_advanced/install/fsd_common_msgs/include/fsd_common_msgs/fsd_common_msgs/msg/rosidl_typesupport_fastrtps_c__visibility_control.h
[34.661s] -- Up-to-date: /home/jack/ros2_homework_advanced/install/fsd_common_msgs/lib/libfsd_common_msgs__rosidl_typesupport_fastrtps_c.so
[34.661s] -- Up-to-date: /home/jack/ros2_homework_advanced/install/fsd_common_msgs/include/fsd_common_msgs/fsd_common_msgs
[34.661s] -- Up-to-date: /home/jack/ros2_homework_advanced/install/fsd_common_msgs/include/fsd_common_msgs/fsd_common_msgs/msg
[34.662s] -- Up-to-date: /home/jack/ros2_homework_advanced/install/fsd_common_msgs/include/fsd_common_msgs/fsd_common_msgs/msg/detail
[34.662s] -- Up-to-date: /home/jack/ros2_homework_advanced/install/fsd_common_msgs/include/fsd_common_msgs/fsd_common_msgs/msg/detail/trajectory_point__type_support.c
[34.662s] -- Up-to-date: /home/jack/ros2_homework_advanced/install/fsd_common_msgs/include/fsd_common_msgs/fsd_common_msgs/msg/detail/cone__rosidl_typesupport_introspection_c.h
[34.663s] -- Up-to-date: /home/jack/ros2_homework_advanced/install/fsd_common_msgs/include/fsd_common_msgs/fsd_common_msgs/msg/detail/map__type_support.c
[34.664s] -- Up-to-date: /home/jack/ros2_homework_advanced/install/fsd_common_msgs/include/fsd_common_msgs/fsd_common_msgs/msg/detail/trajectory_point__rosidl_typesupport_introspection_c.h
[34.664s] -- Up-to-date: /home/jack/ros2_homework_advanced/install/fsd_common_msgs/include/fsd_common_msgs/fsd_common_msgs/msg/detail/yolo_cone_track__type_support.c
[34.664s] -- Up-to-date: /home/jack/ros2_homework_advanced/install/fsd_common_msgs/include/fsd_common_msgs/fsd_common_msgs/msg/detail/car_state__type_support.c
[34.664s] -- Up-to-date: /home/jack/ros2_homework_advanced/install/fsd_common_msgs/include/fsd_common_msgs/fsd_common_msgs/msg/detail/ins_delta__rosidl_typesupport_introspection_c.h
[34.664s] -- Up-to-date: /home/jack/ros2_homework_advanced/install/fsd_common_msgs/include/fsd_common_msgs/fsd_common_msgs/msg/detail/car_state_dt__type_support.c
[34.668s] -- Up-to-date: /home/jack/ros2_homework_advanced/install/fsd_common_msgs/include/fsd_common_msgs/fsd_common_msgs/msg/detail/decision_flag__rosidl_typesupport_introspection_c.h
[34.668s] -- Up-to-date: /home/jack/ros2_homework_advanced/install/fsd_common_msgs/include/fsd_common_msgs/fsd_common_msgs/msg/detail/mission__type_support.c
[34.668s] -- Up-to-date: /home/jack/ros2_homework_advanced/install/fsd_common_msgs/include/fsd_common_msgs/fsd_common_msgs/msg/detail/track__rosidl_typesupport_introspection_c.h
[34.668s] -- Up-to-date: /home/jack/ros2_homework_advanced/install/fsd_common_msgs/include/fsd_common_msgs/fsd_common_msgs/msg/detail/can_frames__type_support.c
[34.668s] -- Up-to-date: /home/jack/ros2_homework_advanced/install/fsd_common_msgs/include/fsd_common_msgs/fsd_common_msgs/msg/detail/car_state__rosidl_typesupport_introspection_c.h
[34.669s] -- Up-to-date: /home/jack/ros2_homework_advanced/install/fsd_common_msgs/include/fsd_common_msgs/fsd_common_msgs/msg/detail/mission__rosidl_typesupport_introspection_c.h
[34.669s] -- Up-to-date: /home/jack/ros2_homework_advanced/install/fsd_common_msgs/include/fsd_common_msgs/fsd_common_msgs/msg/detail/cone_detections_dbscan__rosidl_typesupport_introspection_c.h
[34.669s] -- Up-to-date: /home/jack/ros2_homework_advanced/install/fsd_common_msgs/include/fsd_common_msgs/fsd_common_msgs/msg/detail/asensing_message__type_support.c
[34.669s] -- Up-to-date: /home/jack/ros2_homework_advanced/install/fsd_common_msgs/include/fsd_common_msgs/fsd_common_msgs/msg/detail/cone_detections__rosidl_typesupport_introspection_c.h
[34.669s] -- Up-to-date: /home/jack/ros2_homework_advanced/install/fsd_common_msgs/include/fsd_common_msgs/fsd_common_msgs/msg/detail/skidpad_global_center_line__rosidl_typesupport_introspection_c.h
[34.669s] -- Up-to-date: /home/jack/ros2_homework_advanced/install/fsd_common_msgs/include/fsd_common_msgs/fsd_common_msgs/msg/detail/driving_dynamics__type_support.c
[34.670s] -- Up-to-date: /home/jack/ros2_homework_advanced/install/fsd_common_msgs/include/fsd_common_msgs/fsd_common_msgs/msg/detail/visualization__type_support.c
[34.670s] -- Up-to-date: /home/jack/ros2_homework_advanced/install/fsd_common_msgs/include/fsd_common_msgs/fsd_common_msgs/msg/detail/yolo_cone_detections_track__rosidl_typesupport_introspection_c.h
[34.670s] -- Up-to-date: /home/jack/ros2_homework_advanced/install/fsd_common_msgs/include/fsd_common_msgs/fsd_common_msgs/msg/detail/asensing_message__rosidl_typesupport_introspection_c.h
[34.673s] -- Up-to-date: /home/jack/ros2_homework_advanced/install/fsd_common_msgs/include/fsd_common_msgs/fsd_common_msgs/msg/detail/track__type_support.c
[34.673s] -- Up-to-date: /home/jack/ros2_homework_advanced/install/fsd_common_msgs/include/fsd_common_msgs/fsd_common_msgs/msg/detail/decision_flag__type_support.c
[34.673s] -- Up-to-date: /home/jack/ros2_homework_advanced/install/fsd_common_msgs/include/fsd_common_msgs/fsd_common_msgs/msg/detail/feedback__rosidl_typesupport_introspection_c.h
[34.673s] -- Up-to-date: /home/jack/ros2_homework_advanced/install/fsd_common_msgs/include/fsd_common_msgs/fsd_common_msgs/msg/detail/time__type_support.c
[34.673s] -- Up-to-date: /home/jack/ros2_homework_advanced/install/fsd_common_msgs/include/fsd_common_msgs/fsd_common_msgs/msg/detail/res_and_ami__type_support.c
[34.673s] -- Up-to-date: /home/jack/ros2_homework_advanced/install/fsd_common_msgs/include/fsd_common_msgs/fsd_common_msgs/msg/detail/cone_dbscan__type_support.c
[34.674s] -- Up-to-date: /home/jack/ros2_homework_advanced/install/fsd_common_msgs/include/fsd_common_msgs/fsd_common_msgs/msg/detail/visualization__rosidl_typesupport_introspection_c.h
[34.674s] -- Up-to-date: /home/jack/ros2_homework_advanced/install/fsd_common_msgs/include/fsd_common_msgs/fsd_common_msgs/msg/detail/yolo_cone_detections__type_support.c
[34.674s] -- Up-to-date: /home/jack/ros2_homework_advanced/install/fsd_common_msgs/include/fsd_common_msgs/fsd_common_msgs/msg/detail/yolo_cone__type_support.c
[34.674s] -- Up-to-date: /home/jack/ros2_homework_advanced/install/fsd_common_msgs/include/fsd_common_msgs/fsd_common_msgs/msg/detail/cone_detections__type_support.c
[34.674s] -- Up-to-date: /home/jack/ros2_homework_advanced/install/fsd_common_msgs/include/fsd_common_msgs/fsd_common_msgs/msg/detail/as_state__rosidl_typesupport_introspection_c.h
[34.674s] -- Up-to-date: /home/jack/ros2_homework_advanced/install/fsd_common_msgs/include/fsd_common_msgs/fsd_common_msgs/msg/detail/feedback__type_support.c
[34.675s] -- Up-to-date: /home/jack/ros2_homework_advanced/install/fsd_common_msgs/include/fsd_common_msgs/fsd_common_msgs/msg/detail/can_frames__rosidl_typesupport_introspection_c.h
[34.675s] -- Up-to-date: /home/jack/ros2_homework_advanced/install/fsd_common_msgs/include/fsd_common_msgs/fsd_common_msgs/msg/detail/control_command__rosidl_typesupport_introspection_c.h
[34.675s] -- Up-to-date: /home/jack/ros2_homework_advanced/install/fsd_common_msgs/include/fsd_common_msgs/fsd_common_msgs/msg/detail/echiev_message__rosidl_typesupport_introspection_c.h
[34.675s] -- Up-to-date: /home/jack/ros2_homework_advanced/install/fsd_common_msgs/include/fsd_common_msgs/fsd_common_msgs/msg/detail/map__rosidl_typesupport_introspection_c.h
[34.675s] -- Up-to-date: /home/jack/ros2_homework_advanced/install/fsd_common_msgs/include/fsd_common_msgs/fsd_common_msgs/msg/detail/cone__type_support.c
[34.675s] -- Up-to-date: /home/jack/ros2_homework_advanced/install/fsd_common_msgs/include/fsd_common_msgs/fsd_common_msgs/msg/detail/yolo_cone_detections_track__type_support.c
[34.675s] -- Up-to-date: /home/jack/ros2_homework_advanced/install/fsd_common_msgs/include/fsd_common_msgs/fsd_common_msgs/msg/detail/yolo_cone_track__rosidl_typesupport_introspection_c.h
[34.676s] -- Up-to-date: /home/jack/ros2_homework_advanced/install/fsd_common_msgs/include/fsd_common_msgs/fsd_common_msgs/msg/detail/yolo_cone__rosidl_typesupport_introspection_c.h
[34.676s] -- Up-to-date: /home/jack/ros2_homework_advanced/install/fsd_common_msgs/include/fsd_common_msgs/fsd_common_msgs/msg/detail/remote_control_command__rosidl_typesupport_introspection_c.h
[34.676s] -- Up-to-date: /home/jack/ros2_homework_advanced/install/fsd_common_msgs/include/fsd_common_msgs/fsd_common_msgs/msg/detail/as_state__type_support.c
[34.676s] -- Up-to-date: /home/jack/ros2_homework_advanced/install/fsd_common_msgs/include/fsd_common_msgs/fsd_common_msgs/msg/detail/car_state_dt__rosidl_typesupport_introspection_c.h
[34.676s] -- Up-to-date: /home/jack/ros2_homework_advanced/install/fsd_common_msgs/include/fsd_common_msgs/fsd_common_msgs/msg/detail/echiev_message__type_support.c
[34.676s] -- Up-to-date: /home/jack/ros2_homework_advanced/install/fsd_common_msgs/include/fsd_common_msgs/fsd_common_msgs/msg/detail/cone_dbscan__rosidl_typesupport_introspection_c.h
[34.679s] -- Up-to-date: /home/jack/ros2_homework_advanced/install/fsd_common_msgs/include/fsd_common_msgs/fsd_common_msgs/msg/detail/yolo_cone_detections__rosidl_typesupport_introspection_c.h
[34.679s] -- Up-to-date: /home/jack/ros2_homework_advanced/install/fsd_common_msgs/include/fsd_common_msgs/fsd_common_msgs/msg/detail/driving_dynamics__rosidl_typesupport_introspection_c.h
[34.679s] -- Up-to-date: /home/jack/ros2_homework_advanced/install/fsd_common_msgs/include/fsd_common_msgs/fsd_common_msgs/msg/detail/time__rosidl_typesupport_introspection_c.h
[34.679s] -- Up-to-date: /home/jack/ros2_homework_advanced/install/fsd_common_msgs/include/fsd_common_msgs/fsd_common_msgs/msg/detail/res_and_ami__rosidl_typesupport_introspection_c.h
[34.679s] -- Up-to-date: /home/jack/ros2_homework_advanced/install/fsd_common_msgs/include/fsd_common_msgs/fsd_common_msgs/msg/detail/ins_delta__type_support.c
[34.679s] -- Up-to-date: /home/jack/ros2_homework_advanced/install/fsd_common_msgs/include/fsd_common_msgs/fsd_common_msgs/msg/detail/cone_detections_dbscan__type_support.c
[34.680s] -- Up-to-date: /home/jack/ros2_homework_advanced/install/fsd_common_msgs/include/fsd_common_msgs/fsd_common_msgs/msg/detail/skidpad_global_center_line__type_support.c
[34.680s] -- Up-to-date: /home/jack/ros2_homework_advanced/install/fsd_common_msgs/include/fsd_common_msgs/fsd_common_msgs/msg/detail/control_command__type_support.c
[34.680s] -- Up-to-date: /home/jack/ros2_homework_advanced/install/fsd_common_msgs/include/fsd_common_msgs/fsd_common_msgs/msg/detail/remote_control_command__type_support.c
[34.680s] -- Up-to-date: /home/jack/ros2_homework_advanced/install/fsd_common_msgs/include/fsd_common_msgs/fsd_common_msgs/msg/rosidl_typesupport_introspection_c__visibility_control.h
[34.762s] -- Up-to-date: /home/jack/ros2_homework_advanced/install/fsd_common_msgs/lib/libfsd_common_msgs__rosidl_typesupport_introspection_c.so
[34.810s] -- Up-to-date: /home/jack/ros2_homework_advanced/install/fsd_common_msgs/lib/libfsd_common_msgs__rosidl_typesupport_c.so
[34.811s] -- Up-to-date: /home/jack/ros2_homework_advanced/install/fsd_common_msgs/include/fsd_common_msgs/fsd_common_msgs
[34.812s] -- Up-to-date: /home/jack/ros2_homework_advanced/install/fsd_common_msgs/include/fsd_common_msgs/fsd_common_msgs/msg
[34.812s] -- Up-to-date: /home/jack/ros2_homework_advanced/install/fsd_common_msgs/include/fsd_common_msgs/fsd_common_msgs/msg/cone_detections_dbscan.hpp
[34.812s] -- Up-to-date: /home/jack/ros2_homework_advanced/install/fsd_common_msgs/include/fsd_common_msgs/fsd_common_msgs/msg/echiev_message.hpp
[34.812s] -- Up-to-date: /home/jack/ros2_homework_advanced/install/fsd_common_msgs/include/fsd_common_msgs/fsd_common_msgs/msg/control_command.hpp
[34.812s] -- Up-to-date: /home/jack/ros2_homework_advanced/install/fsd_common_msgs/include/fsd_common_msgs/fsd_common_msgs/msg/cone_detections.hpp
[34.815s] -- Up-to-date: /home/jack/ros2_homework_advanced/install/fsd_common_msgs/include/fsd_common_msgs/fsd_common_msgs/msg/cone_dbscan.hpp
[34.815s] -- Up-to-date: /home/jack/ros2_homework_advanced/install/fsd_common_msgs/include/fsd_common_msgs/fsd_common_msgs/msg/rosidl_generator_cpp__visibility_control.hpp
[34.815s] -- Up-to-date: /home/jack/ros2_homework_advanced/install/fsd_common_msgs/include/fsd_common_msgs/fsd_common_msgs/msg/car_state.hpp
[34.816s] -- Up-to-date: /home/jack/ros2_homework_advanced/install/fsd_common_msgs/include/fsd_common_msgs/fsd_common_msgs/msg/yolo_cone_detections_track.hpp
[34.819s] -- Up-to-date: /home/jack/ros2_homework_advanced/install/fsd_common_msgs/include/fsd_common_msgs/fsd_common_msgs/msg/ins_delta.hpp
[34.819s] -- Up-to-date: /home/jack/ros2_homework_advanced/install/fsd_common_msgs/include/fsd_common_msgs/fsd_common_msgs/msg/decision_flag.hpp
[34.820s] -- Up-to-date: /home/jack/ros2_homework_advanced/install/fsd_common_msgs/include/fsd_common_msgs/fsd_common_msgs/msg/yolo_cone.hpp
[34.820s] -- Up-to-date: /home/jack/ros2_homework_advanced/install/fsd_common_msgs/include/fsd_common_msgs/fsd_common_msgs/msg/trajectory_point.hpp
[34.820s] -- Up-to-date: /home/jack/ros2_homework_advanced/install/fsd_common_msgs/include/fsd_common_msgs/fsd_common_msgs/msg/car_state_dt.hpp
[34.821s] -- Up-to-date: /home/jack/ros2_homework_advanced/install/fsd_common_msgs/include/fsd_common_msgs/fsd_common_msgs/msg/detail
[34.824s] -- Up-to-date: /home/jack/ros2_homework_advanced/install/fsd_common_msgs/include/fsd_common_msgs/fsd_common_msgs/msg/detail/as_state__traits.hpp
[34.824s] -- Up-to-date: /home/jack/ros2_homework_advanced/install/fsd_common_msgs/include/fsd_common_msgs/fsd_common_msgs/msg/detail/driving_dynamics__type_support.hpp
[34.824s] -- Up-to-date: /home/jack/ros2_homework_advanced/install/fsd_common_msgs/include/fsd_common_msgs/fsd_common_msgs/msg/detail/cone_detections_dbscan__traits.hpp
[34.824s] -- Up-to-date: /home/jack/ros2_homework_advanced/install/fsd_common_msgs/include/fsd_common_msgs/fsd_common_msgs/msg/detail/cone_detections__builder.hpp
[34.825s] -- Up-to-date: /home/jack/ros2_homework_advanced/install/fsd_common_msgs/include/fsd_common_msgs/fsd_common_msgs/msg/detail/skidpad_global_center_line__traits.hpp
[34.825s] -- Up-to-date: /home/jack/ros2_homework_advanced/install/fsd_common_msgs/include/fsd_common_msgs/fsd_common_msgs/msg/detail/as_state__type_support.hpp
[34.829s] -- Up-to-date: /home/jack/ros2_homework_advanced/install/fsd_common_msgs/include/fsd_common_msgs/fsd_common_msgs/msg/detail/trajectory_point__builder.hpp
[34.829s] -- Up-to-date: /home/jack/ros2_homework_advanced/install/fsd_common_msgs/include/fsd_common_msgs/fsd_common_msgs/msg/detail/control_command__builder.hpp
[34.829s] -- Up-to-date: /home/jack/ros2_homework_advanced/install/fsd_common_msgs/include/fsd_common_msgs/fsd_common_msgs/msg/detail/control_command__traits.hpp
[34.829s] -- Up-to-date: /home/jack/ros2_homework_advanced/install/fsd_common_msgs/include/fsd_common_msgs/fsd_common_msgs/msg/detail/ins_delta__struct.hpp
[34.829s] -- Up-to-date: /home/jack/ros2_homework_advanced/install/fsd_common_msgs/include/fsd_common_msgs/fsd_common_msgs/msg/detail/track__builder.hpp
[34.829s] -- Up-to-date: /home/jack/ros2_homework_advanced/install/fsd_common_msgs/include/fsd_common_msgs/fsd_common_msgs/msg/detail/cone__builder.hpp
[34.830s] -- Up-to-date: /home/jack/ros2_homework_advanced/install/fsd_common_msgs/include/fsd_common_msgs/fsd_common_msgs/msg/detail/control_command__struct.hpp
[34.830s] -- Up-to-date: /home/jack/ros2_homework_advanced/install/fsd_common_msgs/include/fsd_common_msgs/fsd_common_msgs/msg/detail/skidpad_global_center_line__struct.hpp
[34.830s] -- Up-to-date: /home/jack/ros2_homework_advanced/install/fsd_common_msgs/include/fsd_common_msgs/fsd_common_msgs/msg/detail/decision_flag__type_support.hpp
[34.830s] -- Up-to-date: /home/jack/ros2_homework_advanced/install/fsd_common_msgs/include/fsd_common_msgs/fsd_common_msgs/msg/detail/cone_dbscan__type_support.hpp
[34.830s] -- Up-to-date: /home/jack/ros2_homework_advanced/install/fsd_common_msgs/include/fsd_common_msgs/fsd_common_msgs/msg/detail/yolo_cone_detections_track__builder.hpp
[34.831s] -- Up-to-date: /home/jack/ros2_homework_advanced/install/fsd_common_msgs/include/fsd_common_msgs/fsd_common_msgs/msg/detail/track__struct.hpp
[34.831s] -- Up-to-date: /home/jack/ros2_homework_advanced/install/fsd_common_msgs/include/fsd_common_msgs/fsd_common_msgs/msg/detail/asensing_message__builder.hpp
[34.831s] -- Up-to-date: /home/jack/ros2_homework_advanced/install/fsd_common_msgs/include/fsd_common_msgs/fsd_common_msgs/msg/detail/yolo_cone__type_support.hpp
[34.831s] -- Up-to-date: /home/jack/ros2_homework_advanced/install/fsd_common_msgs/include/fsd_common_msgs/fsd_common_msgs/msg/detail/remote_control_command__type_support.hpp
[34.831s] -- Up-to-date: /home/jack/ros2_homework_advanced/install/fsd_common_msgs/include/fsd_common_msgs/fsd_common_msgs/msg/detail/driving_dynamics__struct.hpp
[34.831s] -- Up-to-date: /home/jack/ros2_homework_advanced/install/fsd_common_msgs/include/fsd_common_msgs/fsd_common_msgs/msg/detail/car_state_dt__builder.hpp
[34.834s] -- Up-to-date: /home/jack/ros2_homework_advanced/install/fsd_common_msgs/include/fsd_common_msgs/fsd_common_msgs/msg/detail/visualization__traits.hpp
[34.834s] -- Up-to-date: /home/jack/ros2_homework_advanced/install/fsd_common_msgs/include/fsd_common_msgs/fsd_common_msgs/msg/detail/car_state__type_support.hpp
[34.834s] -- Up-to-date: /home/jack/ros2_homework_advanced/install/fsd_common_msgs/include/fsd_common_msgs/fsd_common_msgs/msg/detail/yolo_cone_detections__struct.hpp
[34.834s] -- Up-to-date: /home/jack/ros2_homework_advanced/install/fsd_common_msgs/include/fsd_common_msgs/fsd_common_msgs/msg/detail/as_state__builder.hpp
[34.834s] -- Up-to-date: /home/jack/ros2_homework_advanced/install/fsd_common_msgs/include/fsd_common_msgs/fsd_common_msgs/msg/detail/map__builder.hpp
[34.834s] -- Up-to-date: /home/jack/ros2_homework_advanced/install/fsd_common_msgs/include/fsd_common_msgs/fsd_common_msgs/msg/detail/decision_flag__builder.hpp
[34.835s] -- Up-to-date: /home/jack/ros2_homework_advanced/install/fsd_common_msgs/include/fsd_common_msgs/fsd_common_msgs/msg/detail/yolo_cone__traits.hpp
[34.835s] -- Up-to-date: /home/jack/ros2_homework_advanced/install/fsd_common_msgs/include/fsd_common_msgs/fsd_common_msgs/msg/detail/cone__traits.hpp
[34.835s] -- Up-to-date: /home/jack/ros2_homework_advanced/install/fsd_common_msgs/include/fsd_common_msgs/fsd_common_msgs/msg/detail/car_state_dt__traits.hpp
[34.835s] -- Up-to-date: /home/jack/ros2_homework_advanced/install/fsd_common_msgs/include/fsd_common_msgs/fsd_common_msgs/msg/detail/mission__struct.hpp
[34.835s] -- Up-to-date: /home/jack/ros2_homework_advanced/install/fsd_common_msgs/include/fsd_common_msgs/fsd_common_msgs/msg/detail/as_state__struct.hpp
[34.837s] -- Up-to-date: /home/jack/ros2_homework_advanced/install/fsd_common_msgs/include/fsd_common_msgs/fsd_common_msgs/msg/detail/time__struct.hpp
[34.838s] -- Up-to-date: /home/jack/ros2_homework_advanced/install/fsd_common_msgs/include/fsd_common_msgs/fsd_common_msgs/msg/detail/cone__type_support.hpp
[34.838s] -- Up-to-date: /home/jack/ros2_homework_advanced/install/fsd_common_msgs/include/fsd_common_msgs/fsd_common_msgs/msg/detail/trajectory_point__traits.hpp
[34.838s] -- Up-to-date: /home/jack/ros2_homework_advanced/install/fsd_common_msgs/include/fsd_common_msgs/fsd_common_msgs/msg/detail/map__struct.hpp
[34.838s] -- Up-to-date: /home/jack/ros2_homework_advanced/install/fsd_common_msgs/include/fsd_common_msgs/fsd_common_msgs/msg/detail/cone_detections_dbscan__struct.hpp
[34.838s] -- Up-to-date: /home/jack/ros2_homework_advanced/install/fsd_common_msgs/include/fsd_common_msgs/fsd_common_msgs/msg/detail/yolo_cone_detections_track__struct.hpp
[34.838s] -- Up-to-date: /home/jack/ros2_homework_advanced/install/fsd_common_msgs/include/fsd_common_msgs/fsd_common_msgs/msg/detail/car_state__traits.hpp
[34.839s] -- Up-to-date: /home/jack/ros2_homework_advanced/install/fsd_common_msgs/include/fsd_common_msgs/fsd_common_msgs/msg/detail/map__type_support.hpp
[34.839s] -- Up-to-date: /home/jack/ros2_homework_advanced/install/fsd_common_msgs/include/fsd_common_msgs/fsd_common_msgs/msg/detail/time__traits.hpp
[34.839s] -- Up-to-date: /home/jack/ros2_homework_advanced/install/fsd_common_msgs/include/fsd_common_msgs/fsd_common_msgs/msg/detail/yolo_cone_track__traits.hpp
[34.839s] -- Up-to-date: /home/jack/ros2_homework_advanced/install/fsd_common_msgs/include/fsd_common_msgs/fsd_common_msgs/msg/detail/yolo_cone__struct.hpp
[34.839s] -- Up-to-date: /home/jack/ros2_homework_advanced/install/fsd_common_msgs/include/fsd_common_msgs/fsd_common_msgs/msg/detail/echiev_message__type_support.hpp
[34.839s] -- Up-to-date: /home/jack/ros2_homework_advanced/install/fsd_common_msgs/include/fsd_common_msgs/fsd_common_msgs/msg/detail/cone_dbscan__builder.hpp
[34.841s] -- Up-to-date: /home/jack/ros2_homework_advanced/install/fsd_common_msgs/include/fsd_common_msgs/fsd_common_msgs/msg/detail/cone_detections__type_support.hpp
[34.842s] -- Up-to-date: /home/jack/ros2_homework_advanced/install/fsd_common_msgs/include/fsd_common_msgs/fsd_common_msgs/msg/detail/echiev_message__traits.hpp
[34.842s] -- Up-to-date: /home/jack/ros2_homework_advanced/install/fsd_common_msgs/include/fsd_common_msgs/fsd_common_msgs/msg/detail/time__builder.hpp
[34.842s] -- Up-to-date: /home/jack/ros2_homework_advanced/install/fsd_common_msgs/include/fsd_common_msgs/fsd_common_msgs/msg/detail/can_frames__traits.hpp
[34.842s] -- Up-to-date: /home/jack/ros2_homework_advanced/install/fsd_common_msgs/include/fsd_common_msgs/fsd_common_msgs/msg/detail/visualization__type_support.hpp
[34.842s] -- Up-to-date: /home/jack/ros2_homework_advanced/install/fsd_common_msgs/include/fsd_common_msgs/fsd_common_msgs/msg/detail/trajectory_point__struct.hpp
[34.843s] -- Up-to-date: /home/jack/ros2_homework_advanced/install/fsd_common_msgs/include/fsd_common_msgs/fsd_common_msgs/msg/detail/mission__builder.hpp
[34.843s] -- Up-to-date: /home/jack/ros2_homework_advanced/install/fsd_common_msgs/include/fsd_common_msgs/fsd_common_msgs/msg/detail/map__traits.hpp
[34.843s] -- Up-to-date: /home/jack/ros2_homework_advanced/install/fsd_common_msgs/include/fsd_common_msgs/fsd_common_msgs/msg/detail/can_frames__builder.hpp
[34.843s] -- Up-to-date: /home/jack/ros2_homework_advanced/install/fsd_common_msgs/include/fsd_common_msgs/fsd_common_msgs/msg/detail/res_and_ami__struct.hpp
[34.843s] -- Up-to-date: /home/jack/ros2_homework_advanced/install/fsd_common_msgs/include/fsd_common_msgs/fsd_common_msgs/msg/detail/cone_dbscan__traits.hpp
[34.846s] -- Up-to-date: /home/jack/ros2_homework_advanced/install/fsd_common_msgs/include/fsd_common_msgs/fsd_common_msgs/msg/detail/can_frames__type_support.hpp
[34.846s] -- Up-to-date: /home/jack/ros2_homework_advanced/install/fsd_common_msgs/include/fsd_common_msgs/fsd_common_msgs/msg/detail/visualization__struct.hpp
[34.847s] -- Up-to-date: /home/jack/ros2_homework_advanced/install/fsd_common_msgs/include/fsd_common_msgs/fsd_common_msgs/msg/detail/yolo_cone_track__struct.hpp
[34.847s] -- Up-to-date: /home/jack/ros2_homework_advanced/install/fsd_common_msgs/include/fsd_common_msgs/fsd_common_msgs/msg/detail/driving_dynamics__traits.hpp
[34.847s] -- Up-to-date: /home/jack/ros2_homework_advanced/install/fsd_common_msgs/include/fsd_common_msgs/fsd_common_msgs/msg/detail/mission__traits.hpp
[34.847s] -- Up-to-date: /home/jack/ros2_homework_advanced/install/fsd_common_msgs/include/fsd_common_msgs/fsd_common_msgs/msg/detail/mission__type_support.hpp
[34.847s] -- Up-to-date: /home/jack/ros2_homework_advanced/install/fsd_common_msgs/include/fsd_common_msgs/fsd_common_msgs/msg/detail/asensing_message__type_support.hpp
[34.849s] -- Up-to-date: /home/jack/ros2_homework_advanced/install/fsd_common_msgs/include/fsd_common_msgs/fsd_common_msgs/msg/detail/yolo_cone_detections_track__type_support.hpp
[34.849s] -- Up-to-date: /home/jack/ros2_homework_advanced/install/fsd_common_msgs/include/fsd_common_msgs/fsd_common_msgs/msg/detail/asensing_message__struct.hpp
[34.849s] -- Up-to-date: /home/jack/ros2_homework_advanced/install/fsd_common_msgs/include/fsd_common_msgs/fsd_common_msgs/msg/detail/remote_control_command__traits.hpp
[34.849s] -- Up-to-date: /home/jack/ros2_homework_advanced/install/fsd_common_msgs/include/fsd_common_msgs/fsd_common_msgs/msg/detail/skidpad_global_center_line__builder.hpp
[34.849s] -- Up-to-date: /home/jack/ros2_homework_advanced/install/fsd_common_msgs/include/fsd_common_msgs/fsd_common_msgs/msg/detail/track__type_support.hpp
[34.849s] -- Up-to-date: /home/jack/ros2_homework_advanced/install/fsd_common_msgs/include/fsd_common_msgs/fsd_common_msgs/msg/detail/visualization__builder.hpp
[34.850s] -- Up-to-date: /home/jack/ros2_homework_advanced/install/fsd_common_msgs/include/fsd_common_msgs/fsd_common_msgs/msg/detail/echiev_message__struct.hpp
[34.850s] -- Up-to-date: /home/jack/ros2_homework_advanced/install/fsd_common_msgs/include/fsd_common_msgs/fsd_common_msgs/msg/detail/trajectory_point__type_support.hpp
[34.850s] -- Up-to-date: /home/jack/ros2_homework_advanced/install/fsd_common_msgs/include/fsd_common_msgs/fsd_common_msgs/msg/detail/cone__struct.hpp
[34.850s] -- Up-to-date: /home/jack/ros2_homework_advanced/install/fsd_common_msgs/include/fsd_common_msgs/fsd_common_msgs/msg/detail/yolo_cone_detections__type_support.hpp
[34.850s] -- Up-to-date: /home/jack/ros2_homework_advanced/install/fsd_common_msgs/include/fsd_common_msgs/fsd_common_msgs/msg/detail/feedback__builder.hpp
[34.853s] -- Up-to-date: /home/jack/ros2_homework_advanced/install/fsd_common_msgs/include/fsd_common_msgs/fsd_common_msgs/msg/detail/driving_dynamics__builder.hpp
[34.854s] -- Up-to-date: /home/jack/ros2_homework_advanced/install/fsd_common_msgs/include/fsd_common_msgs/fsd_common_msgs/msg/detail/decision_flag__traits.hpp
[34.854s] -- Up-to-date: /home/jack/ros2_homework_advanced/install/fsd_common_msgs/include/fsd_common_msgs/fsd_common_msgs/msg/detail/yolo_cone__builder.hpp
[34.854s] -- Up-to-date: /home/jack/ros2_homework_advanced/install/fsd_common_msgs/include/fsd_common_msgs/fsd_common_msgs/msg/detail/car_state__builder.hpp
[34.854s] -- Up-to-date: /home/jack/ros2_homework_advanced/install/fsd_common_msgs/include/fsd_common_msgs/fsd_common_msgs/msg/detail/yolo_cone_detections_track__traits.hpp
[34.854s] -- Up-to-date: /home/jack/ros2_homework_advanced/install/fsd_common_msgs/include/fsd_common_msgs/fsd_common_msgs/msg/detail/cone_detections_dbscan__builder.hpp
[34.855s] -- Up-to-date: /home/jack/ros2_homework_advanced/install/fsd_common_msgs/include/fsd_common_msgs/fsd_common_msgs/msg/detail/car_state_dt__type_support.hpp
[34.855s] -- Up-to-date: /home/jack/ros2_homework_advanced/install/fsd_common_msgs/include/fsd_common_msgs/fsd_common_msgs/msg/detail/car_state__struct.hpp
[34.855s] -- Up-to-date: /home/jack/ros2_homework_advanced/install/fsd_common_msgs/include/fsd_common_msgs/fsd_common_msgs/msg/detail/can_frames__struct.hpp
[34.855s] -- Up-to-date: /home/jack/ros2_homework_advanced/install/fsd_common_msgs/include/fsd_common_msgs/fsd_common_msgs/msg/detail/yolo_cone_detections__builder.hpp
[34.855s] -- Up-to-date: /home/jack/ros2_homework_advanced/install/fsd_common_msgs/include/fsd_common_msgs/fsd_common_msgs/msg/detail/feedback__traits.hpp
[34.855s] -- Up-to-date: /home/jack/ros2_homework_advanced/install/fsd_common_msgs/include/fsd_common_msgs/fsd_common_msgs/msg/detail/skidpad_global_center_line__type_support.hpp
[34.857s] -- Up-to-date: /home/jack/ros2_homework_advanced/install/fsd_common_msgs/include/fsd_common_msgs/fsd_common_msgs/msg/detail/feedback__type_support.hpp
[34.857s] -- Up-to-date: /home/jack/ros2_homework_advanced/install/fsd_common_msgs/include/fsd_common_msgs/fsd_common_msgs/msg/detail/cone_detections_dbscan__type_support.hpp
[34.857s] -- Up-to-date: /home/jack/ros2_homework_advanced/install/fsd_common_msgs/include/fsd_common_msgs/fsd_common_msgs/msg/detail/cone_dbscan__struct.hpp
[34.857s] -- Up-to-date: /home/jack/ros2_homework_advanced/install/fsd_common_msgs/include/fsd_common_msgs/fsd_common_msgs/msg/detail/yolo_cone_detections__traits.hpp
[34.857s] -- Up-to-date: /home/jack/ros2_homework_advanced/install/fsd_common_msgs/include/fsd_common_msgs/fsd_common_msgs/msg/detail/yolo_cone_track__builder.hpp
[34.857s] -- Up-to-date: /home/jack/ros2_homework_advanced/install/fsd_common_msgs/include/fsd_common_msgs/fsd_common_msgs/msg/detail/yolo_cone_track__type_support.hpp
[34.858s] -- Up-to-date: /home/jack/ros2_homework_advanced/install/fsd_common_msgs/include/fsd_common_msgs/fsd_common_msgs/msg/detail/cone_detections__traits.hpp
[34.858s] -- Up-to-date: /home/jack/ros2_homework_advanced/install/fsd_common_msgs/include/fsd_common_msgs/fsd_common_msgs/msg/detail/remote_control_command__builder.hpp
[34.858s] -- Up-to-date: /home/jack/ros2_homework_advanced/install/fsd_common_msgs/include/fsd_common_msgs/fsd_common_msgs/msg/detail/ins_delta__builder.hpp
[34.858s] -- Up-to-date: /home/jack/ros2_homework_advanced/install/fsd_common_msgs/include/fsd_common_msgs/fsd_common_msgs/msg/detail/res_and_ami__traits.hpp
[34.858s] -- Up-to-date: /home/jack/ros2_homework_advanced/install/fsd_common_msgs/include/fsd_common_msgs/fsd_common_msgs/msg/detail/feedback__struct.hpp
[34.862s] -- Up-to-date: /home/jack/ros2_homework_advanced/install/fsd_common_msgs/include/fsd_common_msgs/fsd_common_msgs/msg/detail/cone_detections__struct.hpp
[34.863s] -- Up-to-date: /home/jack/ros2_homework_advanced/install/fsd_common_msgs/include/fsd_common_msgs/fsd_common_msgs/msg/detail/res_and_ami__type_support.hpp
[34.863s] -- Up-to-date: /home/jack/ros2_homework_advanced/install/fsd_common_msgs/include/fsd_common_msgs/fsd_common_msgs/msg/detail/ins_delta__traits.hpp
[34.863s] -- Up-to-date: /home/jack/ros2_homework_advanced/install/fsd_common_msgs/include/fsd_common_msgs/fsd_common_msgs/msg/detail/asensing_message__traits.hpp
[34.863s] -- Up-to-date: /home/jack/ros2_homework_advanced/install/fsd_common_msgs/include/fsd_common_msgs/fsd_common_msgs/msg/detail/remote_control_command__struct.hpp
[34.864s] -- Up-to-date: /home/jack/ros2_homework_advanced/install/fsd_common_msgs/include/fsd_common_msgs/fsd_common_msgs/msg/detail/decision_flag__struct.hpp
[34.864s] -- Up-to-date: /home/jack/ros2_homework_advanced/install/fsd_common_msgs/include/fsd_common_msgs/fsd_common_msgs/msg/detail/time__type_support.hpp
[34.864s] -- Up-to-date: /home/jack/ros2_homework_advanced/install/fsd_common_msgs/include/fsd_common_msgs/fsd_common_msgs/msg/detail/ins_delta__type_support.hpp
[34.864s] -- Up-to-date: /home/jack/ros2_homework_advanced/install/fsd_common_msgs/include/fsd_common_msgs/fsd_common_msgs/msg/detail/echiev_message__builder.hpp
[34.864s] -- Up-to-date: /home/jack/ros2_homework_advanced/install/fsd_common_msgs/include/fsd_common_msgs/fsd_common_msgs/msg/detail/car_state_dt__struct.hpp
[34.864s] -- Up-to-date: /home/jack/ros2_homework_advanced/install/fsd_common_msgs/include/fsd_common_msgs/fsd_common_msgs/msg/detail/control_command__type_support.hpp
[34.866s] -- Up-to-date: /home/jack/ros2_homework_advanced/install/fsd_common_msgs/include/fsd_common_msgs/fsd_common_msgs/msg/detail/res_and_ami__builder.hpp
[34.866s] -- Up-to-date: /home/jack/ros2_homework_advanced/install/fsd_common_msgs/include/fsd_common_msgs/fsd_common_msgs/msg/detail/track__traits.hpp
[34.866s] -- Up-to-date: /home/jack/ros2_homework_advanced/install/fsd_common_msgs/include/fsd_common_msgs/fsd_common_msgs/msg/skidpad_global_center_line.hpp
[34.868s] -- Up-to-date: /home/jack/ros2_homework_advanced/install/fsd_common_msgs/include/fsd_common_msgs/fsd_common_msgs/msg/as_state.hpp
[34.868s] -- Up-to-date: /home/jack/ros2_homework_advanced/install/fsd_common_msgs/include/fsd_common_msgs/fsd_common_msgs/msg/remote_control_command.hpp
[34.868s] -- Up-to-date: /home/jack/ros2_homework_advanced/install/fsd_common_msgs/include/fsd_common_msgs/fsd_common_msgs/msg/mission.hpp
[34.868s] -- Up-to-date: /home/jack/ros2_homework_advanced/install/fsd_common_msgs/include/fsd_common_msgs/fsd_common_msgs/msg/visualization.hpp
[34.868s] -- Up-to-date: /home/jack/ros2_homework_advanced/install/fsd_common_msgs/include/fsd_common_msgs/fsd_common_msgs/msg/cone.hpp
[34.868s] -- Up-to-date: /home/jack/ros2_homework_advanced/install/fsd_common_msgs/include/fsd_common_msgs/fsd_common_msgs/msg/yolo_cone_detections.hpp
[34.869s] -- Up-to-date: /home/jack/ros2_homework_advanced/install/fsd_common_msgs/include/fsd_common_msgs/fsd_common_msgs/msg/track.hpp
[34.869s] -- Up-to-date: /home/jack/ros2_homework_advanced/install/fsd_common_msgs/include/fsd_common_msgs/fsd_common_msgs/msg/yolo_cone_track.hpp
[34.869s] -- Up-to-date: /home/jack/ros2_homework_advanced/install/fsd_common_msgs/include/fsd_common_msgs/fsd_common_msgs/msg/feedback.hpp
[34.869s] -- Up-to-date: /home/jack/ros2_homework_advanced/install/fsd_common_msgs/include/fsd_common_msgs/fsd_common_msgs/msg/driving_dynamics.hpp
[34.869s] -- Up-to-date: /home/jack/ros2_homework_advanced/install/fsd_common_msgs/include/fsd_common_msgs/fsd_common_msgs/msg/time.hpp
[34.869s] -- Up-to-date: /home/jack/ros2_homework_advanced/install/fsd_common_msgs/include/fsd_common_msgs/fsd_common_msgs/msg/asensing_message.hpp
[34.870s] -- Up-to-date: /home/jack/ros2_homework_advanced/install/fsd_common_msgs/include/fsd_common_msgs/fsd_common_msgs/msg/map.hpp
[34.870s] -- Up-to-date: /home/jack/ros2_homework_advanced/install/fsd_common_msgs/include/fsd_common_msgs/fsd_common_msgs/msg/res_and_ami.hpp
[34.870s] -- Up-to-date: /home/jack/ros2_homework_advanced/install/fsd_common_msgs/include/fsd_common_msgs/fsd_common_msgs/msg/can_frames.hpp
[34.870s] -- Up-to-date: /home/jack/ros2_homework_advanced/install/fsd_common_msgs/include/fsd_common_msgs/fsd_common_msgs
[34.870s] -- Up-to-date: /home/jack/ros2_homework_advanced/install/fsd_common_msgs/include/fsd_common_msgs/fsd_common_msgs/msg
[34.870s] -- Up-to-date: /home/jack/ros2_homework_advanced/install/fsd_common_msgs/include/fsd_common_msgs/fsd_common_msgs/msg/detail
[34.872s] -- Up-to-date: /home/jack/ros2_homework_advanced/install/fsd_common_msgs/include/fsd_common_msgs/fsd_common_msgs/msg/detail/as_state__rosidl_typesupport_fastrtps_cpp.hpp
[34.872s] -- Up-to-date: /home/jack/ros2_homework_advanced/install/fsd_common_msgs/include/fsd_common_msgs/fsd_common_msgs/msg/detail/res_and_ami__rosidl_typesupport_fastrtps_cpp.hpp
[34.872s] -- Up-to-date: /home/jack/ros2_homework_advanced/install/fsd_common_msgs/include/fsd_common_msgs/fsd_common_msgs/msg/detail/cone_detections__rosidl_typesupport_fastrtps_cpp.hpp
[34.872s] -- Up-to-date: /home/jack/ros2_homework_advanced/install/fsd_common_msgs/include/fsd_common_msgs/fsd_common_msgs/msg/detail/map__rosidl_typesupport_fastrtps_cpp.hpp
[34.872s] -- Up-to-date: /home/jack/ros2_homework_advanced/install/fsd_common_msgs/include/fsd_common_msgs/fsd_common_msgs/msg/detail/feedback__rosidl_typesupport_fastrtps_cpp.hpp
[34.872s] -- Up-to-date: /home/jack/ros2_homework_advanced/install/fsd_common_msgs/include/fsd_common_msgs/fsd_common_msgs/msg/detail/can_frames__rosidl_typesupport_fastrtps_cpp.hpp
[34.873s] -- Up-to-date: /home/jack/ros2_homework_advanced/install/fsd_common_msgs/include/fsd_common_msgs/fsd_common_msgs/msg/detail/remote_control_command__rosidl_typesupport_fastrtps_cpp.hpp
[34.874s] -- Up-to-date: /home/jack/ros2_homework_advanced/install/fsd_common_msgs/include/fsd_common_msgs/fsd_common_msgs/msg/detail/mission__rosidl_typesupport_fastrtps_cpp.hpp
[34.876s] -- Up-to-date: /home/jack/ros2_homework_advanced/install/fsd_common_msgs/include/fsd_common_msgs/fsd_common_msgs/msg/detail/ins_delta__rosidl_typesupport_fastrtps_cpp.hpp
[34.876s] -- Up-to-date: /home/jack/ros2_homework_advanced/install/fsd_common_msgs/include/fsd_common_msgs/fsd_common_msgs/msg/detail/yolo_cone_track__rosidl_typesupport_fastrtps_cpp.hpp
[34.876s] -- Up-to-date: /home/jack/ros2_homework_advanced/install/fsd_common_msgs/include/fsd_common_msgs/fsd_common_msgs/msg/detail/echiev_message__rosidl_typesupport_fastrtps_cpp.hpp
[34.876s] -- Up-to-date: /home/jack/ros2_homework_advanced/install/fsd_common_msgs/include/fsd_common_msgs/fsd_common_msgs/msg/detail/car_state_dt__rosidl_typesupport_fastrtps_cpp.hpp
[34.876s] -- Up-to-date: /home/jack/ros2_homework_advanced/install/fsd_common_msgs/include/fsd_common_msgs/fsd_common_msgs/msg/detail/track__rosidl_typesupport_fastrtps_cpp.hpp
[34.877s] -- Up-to-date: /home/jack/ros2_homework_advanced/install/fsd_common_msgs/include/fsd_common_msgs/fsd_common_msgs/msg/detail/cone__rosidl_typesupport_fastrtps_cpp.hpp
[34.877s] -- Up-to-date: /home/jack/ros2_homework_advanced/install/fsd_common_msgs/include/fsd_common_msgs/fsd_common_msgs/msg/detail/cone_dbscan__rosidl_typesupport_fastrtps_cpp.hpp
[34.877s] -- Up-to-date: /home/jack/ros2_homework_advanced/install/fsd_common_msgs/include/fsd_common_msgs/fsd_common_msgs/msg/detail/cone_detections_dbscan__rosidl_typesupport_fastrtps_cpp.hpp
[34.877s] -- Up-to-date: /home/jack/ros2_homework_advanced/install/fsd_common_msgs/include/fsd_common_msgs/fsd_common_msgs/msg/detail/asensing_message__rosidl_typesupport_fastrtps_cpp.hpp
[34.877s] -- Up-to-date: /home/jack/ros2_homework_advanced/install/fsd_common_msgs/include/fsd_common_msgs/fsd_common_msgs/msg/detail/yolo_cone_detections_track__rosidl_typesupport_fastrtps_cpp.hpp
[34.877s] -- Up-to-date: /home/jack/ros2_homework_advanced/install/fsd_common_msgs/include/fsd_common_msgs/fsd_common_msgs/msg/detail/dds_fastrtps
[34.878s] -- Up-to-date: /home/jack/ros2_homework_advanced/install/fsd_common_msgs/include/fsd_common_msgs/fsd_common_msgs/msg/detail/time__rosidl_typesupport_fastrtps_cpp.hpp
[34.878s] -- Up-to-date: /home/jack/ros2_homework_advanced/install/fsd_common_msgs/include/fsd_common_msgs/fsd_common_msgs/msg/detail/driving_dynamics__rosidl_typesupport_fastrtps_cpp.hpp
[34.878s] -- Up-to-date: /home/jack/ros2_homework_advanced/install/fsd_common_msgs/include/fsd_common_msgs/fsd_common_msgs/msg/detail/trajectory_point__rosidl_typesupport_fastrtps_cpp.hpp
[34.878s] -- Up-to-date: /home/jack/ros2_homework_advanced/install/fsd_common_msgs/include/fsd_common_msgs/fsd_common_msgs/msg/detail/visualization__rosidl_typesupport_fastrtps_cpp.hpp
[34.878s] -- Up-to-date: /home/jack/ros2_homework_advanced/install/fsd_common_msgs/include/fsd_common_msgs/fsd_common_msgs/msg/detail/car_state__rosidl_typesupport_fastrtps_cpp.hpp
[34.879s] -- Up-to-date: /home/jack/ros2_homework_advanced/install/fsd_common_msgs/include/fsd_common_msgs/fsd_common_msgs/msg/detail/yolo_cone_detections__rosidl_typesupport_fastrtps_cpp.hpp
[34.880s] -- Up-to-date: /home/jack/ros2_homework_advanced/install/fsd_common_msgs/include/fsd_common_msgs/fsd_common_msgs/msg/detail/decision_flag__rosidl_typesupport_fastrtps_cpp.hpp
[34.880s] -- Up-to-date: /home/jack/ros2_homework_advanced/install/fsd_common_msgs/include/fsd_common_msgs/fsd_common_msgs/msg/detail/skidpad_global_center_line__rosidl_typesupport_fastrtps_cpp.hpp
[34.880s] -- Up-to-date: /home/jack/ros2_homework_advanced/install/fsd_common_msgs/include/fsd_common_msgs/fsd_common_msgs/msg/detail/yolo_cone__rosidl_typesupport_fastrtps_cpp.hpp
[34.880s] -- Up-to-date: /home/jack/ros2_homework_advanced/install/fsd_common_msgs/include/fsd_common_msgs/fsd_common_msgs/msg/detail/control_command__rosidl_typesupport_fastrtps_cpp.hpp
[34.880s] -- Up-to-date: /home/jack/ros2_homework_advanced/install/fsd_common_msgs/include/fsd_common_msgs/fsd_common_msgs/msg/rosidl_typesupport_fastrtps_cpp__visibility_control.h
[34.900s] -- Up-to-date: /home/jack/ros2_homework_advanced/install/fsd_common_msgs/lib/libfsd_common_msgs__rosidl_typesupport_fastrtps_cpp.so
[34.900s] -- Up-to-date: /home/jack/ros2_homework_advanced/install/fsd_common_msgs/include/fsd_common_msgs/fsd_common_msgs
[34.901s] -- Up-to-date: /home/jack/ros2_homework_advanced/install/fsd_common_msgs/include/fsd_common_msgs/fsd_common_msgs/msg
[34.901s] -- Up-to-date: /home/jack/ros2_homework_advanced/install/fsd_common_msgs/include/fsd_common_msgs/fsd_common_msgs/msg/detail
[34.901s] -- Up-to-date: /home/jack/ros2_homework_advanced/install/fsd_common_msgs/include/fsd_common_msgs/fsd_common_msgs/msg/detail/decision_flag__type_support.cpp
[34.902s] -- Up-to-date: /home/jack/ros2_homework_advanced/install/fsd_common_msgs/include/fsd_common_msgs/fsd_common_msgs/msg/detail/yolo_cone_detections__rosidl_typesupport_introspection_cpp.hpp
[34.903s] -- Up-to-date: /home/jack/ros2_homework_advanced/install/fsd_common_msgs/include/fsd_common_msgs/fsd_common_msgs/msg/detail/visualization__type_support.cpp
[34.903s] -- Up-to-date: /home/jack/ros2_homework_advanced/install/fsd_common_msgs/include/fsd_common_msgs/fsd_common_msgs/msg/detail/mission__rosidl_typesupport_introspection_cpp.hpp
[34.904s] -- Up-to-date: /home/jack/ros2_homework_advanced/install/fsd_common_msgs/include/fsd_common_msgs/fsd_common_msgs/msg/detail/cone__type_support.cpp
[34.904s] -- Up-to-date: /home/jack/ros2_homework_advanced/install/fsd_common_msgs/include/fsd_common_msgs/fsd_common_msgs/msg/detail/track__type_support.cpp
[34.904s] -- Up-to-date: /home/jack/ros2_homework_advanced/install/fsd_common_msgs/include/fsd_common_msgs/fsd_common_msgs/msg/detail/yolo_cone__type_support.cpp
[34.904s] -- Up-to-date: /home/jack/ros2_homework_advanced/install/fsd_common_msgs/include/fsd_common_msgs/fsd_common_msgs/msg/detail/driving_dynamics__type_support.cpp
[34.904s] -- Up-to-date: /home/jack/ros2_homework_advanced/install/fsd_common_msgs/include/fsd_common_msgs/fsd_common_msgs/msg/detail/control_command__type_support.cpp
[34.904s] -- Up-to-date: /home/jack/ros2_homework_advanced/install/fsd_common_msgs/include/fsd_common_msgs/fsd_common_msgs/msg/detail/track__rosidl_typesupport_introspection_cpp.hpp
[34.904s] -- Up-to-date: /home/jack/ros2_homework_advanced/install/fsd_common_msgs/include/fsd_common_msgs/fsd_common_msgs/msg/detail/yolo_cone_track__type_support.cpp
[34.906s] -- Up-to-date: /home/jack/ros2_homework_advanced/install/fsd_common_msgs/include/fsd_common_msgs/fsd_common_msgs/msg/detail/car_state__rosidl_typesupport_introspection_cpp.hpp
[34.906s] -- Up-to-date: /home/jack/ros2_homework_advanced/install/fsd_common_msgs/include/fsd_common_msgs/fsd_common_msgs/msg/detail/yolo_cone_detections_track__type_support.cpp
[34.907s] -- Up-to-date: /home/jack/ros2_homework_advanced/install/fsd_common_msgs/include/fsd_common_msgs/fsd_common_msgs/msg/detail/yolo_cone__rosidl_typesupport_introspection_cpp.hpp
[34.907s] -- Up-to-date: /home/jack/ros2_homework_advanced/install/fsd_common_msgs/include/fsd_common_msgs/fsd_common_msgs/msg/detail/cone_detections_dbscan__type_support.cpp
[34.907s] -- Up-to-date: /home/jack/ros2_homework_advanced/install/fsd_common_msgs/include/fsd_common_msgs/fsd_common_msgs/msg/detail/cone_detections_dbscan__rosidl_typesupport_introspection_cpp.hpp
[34.907s] -- Up-to-date: /home/jack/ros2_homework_advanced/install/fsd_common_msgs/include/fsd_common_msgs/fsd_common_msgs/msg/detail/cone_detections__type_support.cpp
[34.907s] -- Up-to-date: /home/jack/ros2_homework_advanced/install/fsd_common_msgs/include/fsd_common_msgs/fsd_common_msgs/msg/detail/skidpad_global_center_line__type_support.cpp
[34.911s] -- Up-to-date: /home/jack/ros2_homework_advanced/install/fsd_common_msgs/include/fsd_common_msgs/fsd_common_msgs/msg/detail/as_state__rosidl_typesupport_introspection_cpp.hpp
[34.911s] -- Up-to-date: /home/jack/ros2_homework_advanced/install/fsd_common_msgs/include/fsd_common_msgs/fsd_common_msgs/msg/detail/cone_dbscan__rosidl_typesupport_introspection_cpp.hpp
[34.911s] -- Up-to-date: /home/jack/ros2_homework_advanced/install/fsd_common_msgs/include/fsd_common_msgs/fsd_common_msgs/msg/detail/map__rosidl_typesupport_introspection_cpp.hpp
[34.911s] -- Up-to-date: /home/jack/ros2_homework_advanced/install/fsd_common_msgs/include/fsd_common_msgs/fsd_common_msgs/msg/detail/asensing_message__rosidl_typesupport_introspection_cpp.hpp
[34.912s] -- Up-to-date: /home/jack/ros2_homework_advanced/install/fsd_common_msgs/include/fsd_common_msgs/fsd_common_msgs/msg/detail/asensing_message__type_support.cpp
[34.912s] -- Up-to-date: /home/jack/ros2_homework_advanced/install/fsd_common_msgs/include/fsd_common_msgs/fsd_common_msgs/msg/detail/can_frames__rosidl_typesupport_introspection_cpp.hpp
[34.912s] -- Up-to-date: /home/jack/ros2_homework_advanced/install/fsd_common_msgs/include/fsd_common_msgs/fsd_common_msgs/msg/detail/ins_delta__rosidl_typesupport_introspection_cpp.hpp
[34.912s] -- Up-to-date: /home/jack/ros2_homework_advanced/install/fsd_common_msgs/include/fsd_common_msgs/fsd_common_msgs/msg/detail/feedback__rosidl_typesupport_introspection_cpp.hpp
[34.912s] -- Up-to-date: /home/jack/ros2_homework_advanced/install/fsd_common_msgs/include/fsd_common_msgs/fsd_common_msgs/msg/detail/cone_detections__rosidl_typesupport_introspection_cpp.hpp
[34.912s] -- Up-to-date: /home/jack/ros2_homework_advanced/install/fsd_common_msgs/include/fsd_common_msgs/fsd_common_msgs/msg/detail/map__type_support.cpp
[34.913s] -- Up-to-date: /home/jack/ros2_homework_advanced/install/fsd_common_msgs/include/fsd_common_msgs/fsd_common_msgs/msg/detail/car_state_dt__rosidl_typesupport_introspection_cpp.hpp
[34.913s] -- Up-to-date: /home/jack/ros2_homework_advanced/install/fsd_common_msgs/include/fsd_common_msgs/fsd_common_msgs/msg/detail/res_and_ami__rosidl_typesupport_introspection_cpp.hpp
[34.913s] -- Up-to-date: /home/jack/ros2_homework_advanced/install/fsd_common_msgs/include/fsd_common_msgs/fsd_common_msgs/msg/detail/time__type_support.cpp
[34.913s] -- Up-to-date: /home/jack/ros2_homework_advanced/install/fsd_common_msgs/include/fsd_common_msgs/fsd_common_msgs/msg/detail/remote_control_command__rosidl_typesupport_introspection_cpp.hpp
[34.913s] -- Up-to-date: /home/jack/ros2_homework_advanced/install/fsd_common_msgs/include/fsd_common_msgs/fsd_common_msgs/msg/detail/mission__type_support.cpp
[34.913s] -- Up-to-date: /home/jack/ros2_homework_advanced/install/fsd_common_msgs/include/fsd_common_msgs/fsd_common_msgs/msg/detail/yolo_cone_detections__type_support.cpp
[34.914s] -- Up-to-date: /home/jack/ros2_homework_advanced/install/fsd_common_msgs/include/fsd_common_msgs/fsd_common_msgs/msg/detail/cone__rosidl_typesupport_introspection_cpp.hpp
[34.914s] -- Up-to-date: /home/jack/ros2_homework_advanced/install/fsd_common_msgs/include/fsd_common_msgs/fsd_common_msgs/msg/detail/car_state_dt__type_support.cpp
[34.914s] -- Up-to-date: /home/jack/ros2_homework_advanced/install/fsd_common_msgs/include/fsd_common_msgs/fsd_common_msgs/msg/detail/visualization__rosidl_typesupport_introspection_cpp.hpp
[34.914s] -- Up-to-date: /home/jack/ros2_homework_advanced/install/fsd_common_msgs/include/fsd_common_msgs/fsd_common_msgs/msg/detail/as_state__type_support.cpp
[34.914s] -- Up-to-date: /home/jack/ros2_homework_advanced/install/fsd_common_msgs/include/fsd_common_msgs/fsd_common_msgs/msg/detail/can_frames__type_support.cpp
[34.914s] -- Up-to-date: /home/jack/ros2_homework_advanced/install/fsd_common_msgs/include/fsd_common_msgs/fsd_common_msgs/msg/detail/yolo_cone_detections_track__rosidl_typesupport_introspection_cpp.hpp
[34.916s] -- Up-to-date: /home/jack/ros2_homework_advanced/install/fsd_common_msgs/include/fsd_common_msgs/fsd_common_msgs/msg/detail/skidpad_global_center_line__rosidl_typesupport_introspection_cpp.hpp
[34.916s] -- Up-to-date: /home/jack/ros2_homework_advanced/install/fsd_common_msgs/include/fsd_common_msgs/fsd_common_msgs/msg/detail/res_and_ami__type_support.cpp
[34.916s] -- Up-to-date: /home/jack/ros2_homework_advanced/install/fsd_common_msgs/include/fsd_common_msgs/fsd_common_msgs/msg/detail/echiev_message__type_support.cpp
[34.917s] -- Up-to-date: /home/jack/ros2_homework_advanced/install/fsd_common_msgs/include/fsd_common_msgs/fsd_common_msgs/msg/detail/echiev_message__rosidl_typesupport_introspection_cpp.hpp
[34.917s] -- Up-to-date: /home/jack/ros2_homework_advanced/install/fsd_common_msgs/include/fsd_common_msgs/fsd_common_msgs/msg/detail/car_state__type_support.cpp
[34.917s] -- Up-to-date: /home/jack/ros2_homework_advanced/install/fsd_common_msgs/include/fsd_common_msgs/fsd_common_msgs/msg/detail/control_command__rosidl_typesupport_introspection_cpp.hpp
[34.917s] -- Up-to-date: /home/jack/ros2_homework_advanced/install/fsd_common_msgs/include/fsd_common_msgs/fsd_common_msgs/msg/detail/driving_dynamics__rosidl_typesupport_introspection_cpp.hpp
[34.917s] -- Up-to-date: /home/jack/ros2_homework_advanced/install/fsd_common_msgs/include/fsd_common_msgs/fsd_common_msgs/msg/detail/remote_control_command__type_support.cpp
[34.918s] -- Up-to-date: /home/jack/ros2_homework_advanced/install/fsd_common_msgs/include/fsd_common_msgs/fsd_common_msgs/msg/detail/trajectory_point__rosidl_typesupport_introspection_cpp.hpp
[34.918s] -- Up-to-date: /home/jack/ros2_homework_advanced/install/fsd_common_msgs/include/fsd_common_msgs/fsd_common_msgs/msg/detail/time__rosidl_typesupport_introspection_cpp.hpp
[34.919s] -- Up-to-date: /home/jack/ros2_homework_advanced/install/fsd_common_msgs/include/fsd_common_msgs/fsd_common_msgs/msg/detail/yolo_cone_track__rosidl_typesupport_introspection_cpp.hpp
[34.919s] -- Up-to-date: /home/jack/ros2_homework_advanced/install/fsd_common_msgs/include/fsd_common_msgs/fsd_common_msgs/msg/detail/feedback__type_support.cpp
[34.919s] -- Up-to-date: /home/jack/ros2_homework_advanced/install/fsd_common_msgs/include/fsd_common_msgs/fsd_common_msgs/msg/detail/cone_dbscan__type_support.cpp
[34.919s] -- Up-to-date: /home/jack/ros2_homework_advanced/install/fsd_common_msgs/include/fsd_common_msgs/fsd_common_msgs/msg/detail/decision_flag__rosidl_typesupport_introspection_cpp.hpp
[34.919s] -- Up-to-date: /home/jack/ros2_homework_advanced/install/fsd_common_msgs/include/fsd_common_msgs/fsd_common_msgs/msg/detail/ins_delta__type_support.cpp
[34.919s] -- Up-to-date: /home/jack/ros2_homework_advanced/install/fsd_common_msgs/include/fsd_common_msgs/fsd_common_msgs/msg/detail/trajectory_point__type_support.cpp
[34.989s] -- Up-to-date: /home/jack/ros2_homework_advanced/install/fsd_common_msgs/lib/libfsd_common_msgs__rosidl_typesupport_introspection_cpp.so
[34.990s] -- Up-to-date: /home/jack/ros2_homework_advanced/install/fsd_common_msgs/lib/libfsd_common_msgs__rosidl_typesupport_cpp.so
[34.992s] -- Up-to-date: /home/jack/ros2_homework_advanced/install/fsd_common_msgs/share/fsd_common_msgs/environment/pythonpath.sh
[34.992s] -- Up-to-date: /home/jack/ros2_homework_advanced/install/fsd_common_msgs/share/fsd_common_msgs/environment/pythonpath.dsv
[34.992s] -- Up-to-date: /home/jack/ros2_homework_advanced/install/fsd_common_msgs/local/lib/python3.10/dist-packages/fsd_common_msgs-0.0.0-py3.10.egg-info
[34.993s] -- Installing: /home/jack/ros2_homework_advanced/install/fsd_common_msgs/local/lib/python3.10/dist-packages/fsd_common_msgs-0.0.0-py3.10.egg-info/SOURCES.txt
[34.993s] -- Installing: /home/jack/ros2_homework_advanced/install/fsd_common_msgs/local/lib/python3.10/dist-packages/fsd_common_msgs-0.0.0-py3.10.egg-info/dependency_links.txt
[34.995s] -- Installing: /home/jack/ros2_homework_advanced/install/fsd_common_msgs/local/lib/python3.10/dist-packages/fsd_common_msgs-0.0.0-py3.10.egg-info/PKG-INFO
[34.995s] -- Installing: /home/jack/ros2_homework_advanced/install/fsd_common_msgs/local/lib/python3.10/dist-packages/fsd_common_msgs-0.0.0-py3.10.egg-info/top_level.txt
[34.996s] -- Up-to-date: /home/jack/ros2_homework_advanced/install/fsd_common_msgs/local/lib/python3.10/dist-packages/fsd_common_msgs
[34.997s] -- Up-to-date: /home/jack/ros2_homework_advanced/install/fsd_common_msgs/local/lib/python3.10/dist-packages/fsd_common_msgs/_fsd_common_msgs_s.ep.rosidl_typesupport_c.c
[34.999s] -- Up-to-date: /home/jack/ros2_homework_advanced/install/fsd_common_msgs/local/lib/python3.10/dist-packages/fsd_common_msgs/_fsd_common_msgs_s.ep.rosidl_typesupport_introspection_c.c
[35.000s] -- Up-to-date: /home/jack/ros2_homework_advanced/install/fsd_common_msgs/local/lib/python3.10/dist-packages/fsd_common_msgs/fsd_common_msgs_s__rosidl_typesupport_fastrtps_c.cpython-310-x86_64-linux-gnu.so
[35.000s] -- Up-to-date: /home/jack/ros2_homework_advanced/install/fsd_common_msgs/local/lib/python3.10/dist-packages/fsd_common_msgs/__init__.py
[35.000s] -- Up-to-date: /home/jack/ros2_homework_advanced/install/fsd_common_msgs/local/lib/python3.10/dist-packages/fsd_common_msgs/msg
[35.002s] -- Up-to-date: /home/jack/ros2_homework_advanced/install/fsd_common_msgs/local/lib/python3.10/dist-packages/fsd_common_msgs/msg/_can_frames.py
[35.003s] -- Up-to-date: /home/jack/ros2_homework_advanced/install/fsd_common_msgs/local/lib/python3.10/dist-packages/fsd_common_msgs/msg/_yolo_cone_track_s.c
[35.003s] -- Up-to-date: /home/jack/ros2_homework_advanced/install/fsd_common_msgs/local/lib/python3.10/dist-packages/fsd_common_msgs/msg/_ins_delta.py
[35.003s] -- Up-to-date: /home/jack/ros2_homework_advanced/install/fsd_common_msgs/local/lib/python3.10/dist-packages/fsd_common_msgs/msg/_yolo_cone.py
[35.003s] -- Up-to-date: /home/jack/ros2_homework_advanced/install/fsd_common_msgs/local/lib/python3.10/dist-packages/fsd_common_msgs/msg/_decision_flag.py
[35.003s] -- Up-to-date: /home/jack/ros2_homework_advanced/install/fsd_common_msgs/local/lib/python3.10/dist-packages/fsd_common_msgs/msg/_feedback_s.c
[35.006s] -- Up-to-date: /home/jack/ros2_homework_advanced/install/fsd_common_msgs/local/lib/python3.10/dist-packages/fsd_common_msgs/msg/_ins_delta_s.c
[35.006s] -- Up-to-date: /home/jack/ros2_homework_advanced/install/fsd_common_msgs/local/lib/python3.10/dist-packages/fsd_common_msgs/msg/_cone.py
[35.006s] -- Up-to-date: /home/jack/ros2_homework_advanced/install/fsd_common_msgs/local/lib/python3.10/dist-packages/fsd_common_msgs/msg/_res_and_ami_s.c
[35.006s] -- Up-to-date: /home/jack/ros2_homework_advanced/install/fsd_common_msgs/local/lib/python3.10/dist-packages/fsd_common_msgs/msg/_time_s.c
[35.006s] -- Up-to-date: /home/jack/ros2_homework_advanced/install/fsd_common_msgs/local/lib/python3.10/dist-packages/fsd_common_msgs/msg/_trajectory_point_s.c
[35.007s] -- Up-to-date: /home/jack/ros2_homework_advanced/install/fsd_common_msgs/local/lib/python3.10/dist-packages/fsd_common_msgs/msg/_can_frames_s.c
[35.007s] -- Up-to-date: /home/jack/ros2_homework_advanced/install/fsd_common_msgs/local/lib/python3.10/dist-packages/fsd_common_msgs/msg/_remote_control_command_s.c
[35.007s] -- Up-to-date: /home/jack/ros2_homework_advanced/install/fsd_common_msgs/local/lib/python3.10/dist-packages/fsd_common_msgs/msg/_cone_dbscan_s.c
[35.007s] -- Up-to-date: /home/jack/ros2_homework_advanced/install/fsd_common_msgs/local/lib/python3.10/dist-packages/fsd_common_msgs/msg/_mission_s.c
[35.007s] -- Up-to-date: /home/jack/ros2_homework_advanced/install/fsd_common_msgs/local/lib/python3.10/dist-packages/fsd_common_msgs/msg/__init__.py
[35.010s] -- Up-to-date: /home/jack/ros2_homework_advanced/install/fsd_common_msgs/local/lib/python3.10/dist-packages/fsd_common_msgs/msg/_yolo_cone_detections.py
[35.010s] -- Up-to-date: /home/jack/ros2_homework_advanced/install/fsd_common_msgs/local/lib/python3.10/dist-packages/fsd_common_msgs/msg/_cone_detections_s.c
[35.010s] -- Up-to-date: /home/jack/ros2_homework_advanced/install/fsd_common_msgs/local/lib/python3.10/dist-packages/fsd_common_msgs/msg/_car_state_dt_s.c
[35.010s] -- Up-to-date: /home/jack/ros2_homework_advanced/install/fsd_common_msgs/local/lib/python3.10/dist-packages/fsd_common_msgs/msg/_visualization.py
[35.010s] -- Up-to-date: /home/jack/ros2_homework_advanced/install/fsd_common_msgs/local/lib/python3.10/dist-packages/fsd_common_msgs/msg/_echiev_message_s.c
[35.010s] -- Up-to-date: /home/jack/ros2_homework_advanced/install/fsd_common_msgs/local/lib/python3.10/dist-packages/fsd_common_msgs/msg/_as_state.py
[35.011s] -- Up-to-date: /home/jack/ros2_homework_advanced/install/fsd_common_msgs/local/lib/python3.10/dist-packages/fsd_common_msgs/msg/_driving_dynamics.py
[35.011s] -- Up-to-date: /home/jack/ros2_homework_advanced/install/fsd_common_msgs/local/lib/python3.10/dist-packages/fsd_common_msgs/msg/_trajectory_point.py
[35.011s] -- Up-to-date: /home/jack/ros2_homework_advanced/install/fsd_common_msgs/local/lib/python3.10/dist-packages/fsd_common_msgs/msg/_control_command_s.c
[35.011s] -- Up-to-date: /home/jack/ros2_homework_advanced/install/fsd_common_msgs/local/lib/python3.10/dist-packages/fsd_common_msgs/msg/_visualization_s.c
[35.011s] -- Up-to-date: /home/jack/ros2_homework_advanced/install/fsd_common_msgs/local/lib/python3.10/dist-packages/fsd_common_msgs/msg/_as_state_s.c
[35.015s] -- Up-to-date: /home/jack/ros2_homework_advanced/install/fsd_common_msgs/local/lib/python3.10/dist-packages/fsd_common_msgs/msg/_yolo_cone_detections_s.c
[35.015s] -- Up-to-date: /home/jack/ros2_homework_advanced/install/fsd_common_msgs/local/lib/python3.10/dist-packages/fsd_common_msgs/msg/_track_s.c
[35.015s] -- Up-to-date: /home/jack/ros2_homework_advanced/install/fsd_common_msgs/local/lib/python3.10/dist-packages/fsd_common_msgs/msg/_time.py
[35.015s] -- Up-to-date: /home/jack/ros2_homework_advanced/install/fsd_common_msgs/local/lib/python3.10/dist-packages/fsd_common_msgs/msg/_driving_dynamics_s.c
[35.016s] -- Up-to-date: /home/jack/ros2_homework_advanced/install/fsd_common_msgs/local/lib/python3.10/dist-packages/fsd_common_msgs/msg/_feedback.py
[35.016s] -- Up-to-date: /home/jack/ros2_homework_advanced/install/fsd_common_msgs/local/lib/python3.10/dist-packages/fsd_common_msgs/msg/_track.py
[35.016s] -- Up-to-date: /home/jack/ros2_homework_advanced/install/fsd_common_msgs/local/lib/python3.10/dist-packages/fsd_common_msgs/msg/_res_and_ami.py
[35.019s] -- Up-to-date: /home/jack/ros2_homework_advanced/install/fsd_common_msgs/local/lib/python3.10/dist-packages/fsd_common_msgs/msg/_car_state.py
[35.019s] -- Up-to-date: /home/jack/ros2_homework_advanced/install/fsd_common_msgs/local/lib/python3.10/dist-packages/fsd_common_msgs/msg/_cone_detections.py
[35.019s] -- Up-to-date: /home/jack/ros2_homework_advanced/install/fsd_common_msgs/local/lib/python3.10/dist-packages/fsd_common_msgs/msg/_yolo_cone_track.py
[35.019s] -- Up-to-date: /home/jack/ros2_homework_advanced/install/fsd_common_msgs/local/lib/python3.10/dist-packages/fsd_common_msgs/msg/_asensing_message_s.c
[35.019s] -- Up-to-date: /home/jack/ros2_homework_advanced/install/fsd_common_msgs/local/lib/python3.10/dist-packages/fsd_common_msgs/msg/_skidpad_global_center_line.py
[35.019s] -- Up-to-date: /home/jack/ros2_homework_advanced/install/fsd_common_msgs/local/lib/python3.10/dist-packages/fsd_common_msgs/msg/_car_state_s.c
[35.020s] -- Up-to-date: /home/jack/ros2_homework_advanced/install/fsd_common_msgs/local/lib/python3.10/dist-packages/fsd_common_msgs/msg/_skidpad_global_center_line_s.c
[35.020s] -- Up-to-date: /home/jack/ros2_homework_advanced/install/fsd_common_msgs/local/lib/python3.10/dist-packages/fsd_common_msgs/msg/_remote_control_command.py
[35.020s] -- Up-to-date: /home/jack/ros2_homework_advanced/install/fsd_common_msgs/local/lib/python3.10/dist-packages/fsd_common_msgs/msg/_car_state_dt.py
[35.020s] -- Up-to-date: /home/jack/ros2_homework_advanced/install/fsd_common_msgs/local/lib/python3.10/dist-packages/fsd_common_msgs/msg/_map.py
[35.020s] -- Up-to-date: /home/jack/ros2_homework_advanced/install/fsd_common_msgs/local/lib/python3.10/dist-packages/fsd_common_msgs/msg/_echiev_message.py
[35.024s] -- Up-to-date: /home/jack/ros2_homework_advanced/install/fsd_common_msgs/local/lib/python3.10/dist-packages/fsd_common_msgs/msg/_yolo_cone_s.c
[35.025s] -- Up-to-date: /home/jack/ros2_homework_advanced/install/fsd_common_msgs/local/lib/python3.10/dist-packages/fsd_common_msgs/msg/_yolo_cone_detections_track.py
[35.025s] -- Up-to-date: /home/jack/ros2_homework_advanced/install/fsd_common_msgs/local/lib/python3.10/dist-packages/fsd_common_msgs/msg/_decision_flag_s.c
[35.025s] -- Up-to-date: /home/jack/ros2_homework_advanced/install/fsd_common_msgs/local/lib/python3.10/dist-packages/fsd_common_msgs/msg/_control_command.py
[35.025s] -- Up-to-date: /home/jack/ros2_homework_advanced/install/fsd_common_msgs/local/lib/python3.10/dist-packages/fsd_common_msgs/msg/_yolo_cone_detections_track_s.c
[35.025s] -- Up-to-date: /home/jack/ros2_homework_advanced/install/fsd_common_msgs/local/lib/python3.10/dist-packages/fsd_common_msgs/msg/_cone_detections_dbscan.py
[35.026s] -- Up-to-date: /home/jack/ros2_homework_advanced/install/fsd_common_msgs/local/lib/python3.10/dist-packages/fsd_common_msgs/msg/_map_s.c
[35.026s] -- Up-to-date: /home/jack/ros2_homework_advanced/install/fsd_common_msgs/local/lib/python3.10/dist-packages/fsd_common_msgs/msg/_asensing_message.py
[35.026s] -- Up-to-date: /home/jack/ros2_homework_advanced/install/fsd_common_msgs/local/lib/python3.10/dist-packages/fsd_common_msgs/msg/_mission.py
[35.026s] -- Up-to-date: /home/jack/ros2_homework_advanced/install/fsd_common_msgs/local/lib/python3.10/dist-packages/fsd_common_msgs/msg/_cone_dbscan.py
[35.026s] -- Up-to-date: /home/jack/ros2_homework_advanced/install/fsd_common_msgs/local/lib/python3.10/dist-packages/fsd_common_msgs/msg/_cone_detections_dbscan_s.c
[35.026s] -- Up-to-date: /home/jack/ros2_homework_advanced/install/fsd_common_msgs/local/lib/python3.10/dist-packages/fsd_common_msgs/msg/_cone_s.c
[35.028s] -- Up-to-date: /home/jack/ros2_homework_advanced/install/fsd_common_msgs/local/lib/python3.10/dist-packages/fsd_common_msgs/_fsd_common_msgs_s.ep.rosidl_typesupport_fastrtps_c.c
[35.029s] -- Up-to-date: /home/jack/ros2_homework_advanced/install/fsd_common_msgs/local/lib/python3.10/dist-packages/fsd_common_msgs/fsd_common_msgs_s__rosidl_typesupport_introspection_c.cpython-310-x86_64-linux-gnu.so
[35.029s] -- Up-to-date: /home/jack/ros2_homework_advanced/install/fsd_common_msgs/local/lib/python3.10/dist-packages/fsd_common_msgs/fsd_common_msgs_s__rosidl_typesupport_c.cpython-310-x86_64-linux-gnu.so
[35.029s] -- Up-to-date: /home/jack/ros2_homework_advanced/install/fsd_common_msgs/local/lib/python3.10/dist-packages/fsd_common_msgs/libfsd_common_msgs__rosidl_generator_py.so
[36.257s] Listing '/home/jack/ros2_homework_advanced/install/fsd_common_msgs/local/lib/python3.10/dist-packages/fsd_common_msgs'...
[36.257s] Listing '/home/jack/ros2_homework_advanced/install/fsd_common_msgs/local/lib/python3.10/dist-packages/fsd_common_msgs/msg'...
[36.458s] -- Up-to-date: /home/jack/ros2_homework_advanced/install/fsd_common_msgs/local/lib/python3.10/dist-packages/fsd_common_msgs/fsd_common_msgs_s__rosidl_typesupport_fastrtps_c.cpython-310-x86_64-linux-gnu.so
[36.622s] -- Up-to-date: /home/jack/ros2_homework_advanced/install/fsd_common_msgs/local/lib/python3.10/dist-packages/fsd_common_msgs/fsd_common_msgs_s__rosidl_typesupport_introspection_c.cpython-310-x86_64-linux-gnu.so
[36.697s] -- Up-to-date: /home/jack/ros2_homework_advanced/install/fsd_common_msgs/local/lib/python3.10/dist-packages/fsd_common_msgs/fsd_common_msgs_s__rosidl_typesupport_c.cpython-310-x86_64-linux-gnu.so
[36.798s] -- Up-to-date: /home/jack/ros2_homework_advanced/install/fsd_common_msgs/lib/libfsd_common_msgs__rosidl_generator_py.so
[36.798s] -- Up-to-date: /home/jack/ros2_homework_advanced/install/fsd_common_msgs/share/ament_index/resource_index/rust_packages/fsd_common_msgs
[36.798s] -- Up-to-date: /home/jack/ros2_homework_advanced/install/fsd_common_msgs/share/fsd_common_msgs/rust
[36.798s] -- Up-to-date: /home/jack/ros2_homework_advanced/install/fsd_common_msgs/share/fsd_common_msgs/rust/src
[36.799s] -- Up-to-date: /home/jack/ros2_homework_advanced/install/fsd_common_msgs/share/fsd_common_msgs/rust/src/msg
[36.799s] -- Up-to-date: /home/jack/ros2_homework_advanced/install/fsd_common_msgs/share/fsd_common_msgs/rust/src/msg/rmw.rs
[36.799s] -- Up-to-date: /home/jack/ros2_homework_advanced/install/fsd_common_msgs/share/fsd_common_msgs/rust/src/msg.rs
[36.799s] -- Up-to-date: /home/jack/ros2_homework_advanced/install/fsd_common_msgs/share/fsd_common_msgs/rust/src/lib.rs
[36.799s] -- Up-to-date: /home/jack/ros2_homework_advanced/install/fsd_common_msgs/share/fsd_common_msgs/rust/Cargo.toml
[36.799s] -- Up-to-date: /home/jack/ros2_homework_advanced/install/fsd_common_msgs/share/fsd_common_msgs/rust/build.rs
[36.800s] -- Up-to-date: /home/jack/ros2_homework_advanced/install/fsd_common_msgs/share/fsd_common_msgs/msg/AsState.idl
[36.800s] -- Up-to-date: /home/jack/ros2_homework_advanced/install/fsd_common_msgs/share/fsd_common_msgs/msg/AsensingMessage.idl
[36.800s] -- Up-to-date: /home/jack/ros2_homework_advanced/install/fsd_common_msgs/share/fsd_common_msgs/msg/CanFrames.idl
[36.800s] -- Up-to-date: /home/jack/ros2_homework_advanced/install/fsd_common_msgs/share/fsd_common_msgs/msg/CarState.idl
[36.801s] -- Up-to-date: /home/jack/ros2_homework_advanced/install/fsd_common_msgs/share/fsd_common_msgs/msg/CarStateDt.idl
[36.801s] -- Up-to-date: /home/jack/ros2_homework_advanced/install/fsd_common_msgs/share/fsd_common_msgs/msg/Cone.idl
[36.801s] -- Up-to-date: /home/jack/ros2_homework_advanced/install/fsd_common_msgs/share/fsd_common_msgs/msg/ConeDbscan.idl
[36.801s] -- Up-to-date: /home/jack/ros2_homework_advanced/install/fsd_common_msgs/share/fsd_common_msgs/msg/ConeDetections.idl
[36.802s] -- Up-to-date: /home/jack/ros2_homework_advanced/install/fsd_common_msgs/share/fsd_common_msgs/msg/ConeDetectionsDbscan.idl
[36.802s] -- Up-to-date: /home/jack/ros2_homework_advanced/install/fsd_common_msgs/share/fsd_common_msgs/msg/ControlCommand.idl
[36.802s] -- Up-to-date: /home/jack/ros2_homework_advanced/install/fsd_common_msgs/share/fsd_common_msgs/msg/DecisionFlag.idl
[36.802s] -- Up-to-date: /home/jack/ros2_homework_advanced/install/fsd_common_msgs/share/fsd_common_msgs/msg/DrivingDynamics.idl
[36.802s] -- Up-to-date: /home/jack/ros2_homework_advanced/install/fsd_common_msgs/share/fsd_common_msgs/msg/EchievMessage.idl
[36.802s] -- Up-to-date: /home/jack/ros2_homework_advanced/install/fsd_common_msgs/share/fsd_common_msgs/msg/Feedback.idl
[36.803s] -- Up-to-date: /home/jack/ros2_homework_advanced/install/fsd_common_msgs/share/fsd_common_msgs/msg/InsDelta.idl
[36.804s] -- Up-to-date: /home/jack/ros2_homework_advanced/install/fsd_common_msgs/share/fsd_common_msgs/msg/Map.idl
[36.806s] -- Up-to-date: /home/jack/ros2_homework_advanced/install/fsd_common_msgs/share/fsd_common_msgs/msg/Mission.idl
[36.806s] -- Up-to-date: /home/jack/ros2_homework_advanced/install/fsd_common_msgs/share/fsd_common_msgs/msg/RemoteControlCommand.idl
[36.806s] -- Up-to-date: /home/jack/ros2_homework_advanced/install/fsd_common_msgs/share/fsd_common_msgs/msg/ResAndAmi.idl
[36.806s] -- Up-to-date: /home/jack/ros2_homework_advanced/install/fsd_common_msgs/share/fsd_common_msgs/msg/SkidpadGlobalCenterLine.idl
[36.806s] -- Up-to-date: /home/jack/ros2_homework_advanced/install/fsd_common_msgs/share/fsd_common_msgs/msg/Time.idl
[36.808s] -- Up-to-date: /home/jack/ros2_homework_advanced/install/fsd_common_msgs/share/fsd_common_msgs/msg/Track.idl
[36.809s] -- Up-to-date: /home/jack/ros2_homework_advanced/install/fsd_common_msgs/share/fsd_common_msgs/msg/TrajectoryPoint.idl
[36.810s] -- Up-to-date: /home/jack/ros2_homework_advanced/install/fsd_common_msgs/share/fsd_common_msgs/msg/Visualization.idl
[36.812s] -- Up-to-date: /home/jack/ros2_homework_advanced/install/fsd_common_msgs/share/fsd_common_msgs/msg/YoloCone.idl
[36.813s] -- Up-to-date: /home/jack/ros2_homework_advanced/install/fsd_common_msgs/share/fsd_common_msgs/msg/YoloConeDetections.idl
[36.813s] -- Up-to-date: /home/jack/ros2_homework_advanced/install/fsd_common_msgs/share/fsd_common_msgs/msg/YoloConeDetectionsTrack.idl
[36.815s] -- Up-to-date: /home/jack/ros2_homework_advanced/install/fsd_common_msgs/share/fsd_common_msgs/msg/YoloConeTrack.idl
[36.816s] -- Up-to-date: /home/jack/ros2_homework_advanced/install/fsd_common_msgs/share/fsd_common_msgs/msg/AsState.msg
[36.817s] -- Up-to-date: /home/jack/ros2_homework_advanced/install/fsd_common_msgs/share/fsd_common_msgs/msg/AsensingMessage.msg
[36.818s] -- Up-to-date: /home/jack/ros2_homework_advanced/install/fsd_common_msgs/share/fsd_common_msgs/msg/CanFrames.msg
[36.819s] -- Up-to-date: /home/jack/ros2_homework_advanced/install/fsd_common_msgs/share/fsd_common_msgs/msg/CarState.msg
[36.819s] -- Up-to-date: /home/jack/ros2_homework_advanced/install/fsd_common_msgs/share/fsd_common_msgs/msg/CarStateDt.msg
[36.821s] -- Up-to-date: /home/jack/ros2_homework_advanced/install/fsd_common_msgs/share/fsd_common_msgs/msg/Cone.msg
[36.821s] -- Up-to-date: /home/jack/ros2_homework_advanced/install/fsd_common_msgs/share/fsd_common_msgs/msg/ConeDbscan.msg
[36.821s] -- Up-to-date: /home/jack/ros2_homework_advanced/install/fsd_common_msgs/share/fsd_common_msgs/msg/ConeDetections.msg
[36.821s] -- Up-to-date: /home/jack/ros2_homework_advanced/install/fsd_common_msgs/share/fsd_common_msgs/msg/ConeDetectionsDbscan.msg
[36.821s] -- Up-to-date: /home/jack/ros2_homework_advanced/install/fsd_common_msgs/share/fsd_common_msgs/msg/ControlCommand.msg
[36.821s] -- Up-to-date: /home/jack/ros2_homework_advanced/install/fsd_common_msgs/share/fsd_common_msgs/msg/DecisionFlag.msg
[36.822s] -- Up-to-date: /home/jack/ros2_homework_advanced/install/fsd_common_msgs/share/fsd_common_msgs/msg/DrivingDynamics.msg
[36.823s] -- Up-to-date: /home/jack/ros2_homework_advanced/install/fsd_common_msgs/share/fsd_common_msgs/msg/EchievMessage.msg
[36.823s] -- Up-to-date: /home/jack/ros2_homework_advanced/install/fsd_common_msgs/share/fsd_common_msgs/msg/Feedback.msg
[36.823s] -- Up-to-date: /home/jack/ros2_homework_advanced/install/fsd_common_msgs/share/fsd_common_msgs/msg/InsDelta.msg
[36.823s] -- Up-to-date: /home/jack/ros2_homework_advanced/install/fsd_common_msgs/share/fsd_common_msgs/msg/Map.msg
[36.823s] -- Up-to-date: /home/jack/ros2_homework_advanced/install/fsd_common_msgs/share/fsd_common_msgs/msg/Mission.msg
[36.824s] -- Up-to-date: /home/jack/ros2_homework_advanced/install/fsd_common_msgs/share/fsd_common_msgs/msg/RemoteControlCommand.msg
[36.824s] -- Up-to-date: /home/jack/ros2_homework_advanced/install/fsd_common_msgs/share/fsd_common_msgs/msg/ResAndAmi.msg
[36.824s] -- Up-to-date: /home/jack/ros2_homework_advanced/install/fsd_common_msgs/share/fsd_common_msgs/msg/SkidpadGlobalCenterLine.msg
[36.824s] -- Up-to-date: /home/jack/ros2_homework_advanced/install/fsd_common_msgs/share/fsd_common_msgs/msg/Time.msg
[36.824s] -- Up-to-date: /home/jack/ros2_homework_advanced/install/fsd_common_msgs/share/fsd_common_msgs/msg/Track.msg
[36.824s] -- Up-to-date: /home/jack/ros2_homework_advanced/install/fsd_common_msgs/share/fsd_common_msgs/msg/TrajectoryPoint.msg
[36.825s] -- Up-to-date: /home/jack/ros2_homework_advanced/install/fsd_common_msgs/share/fsd_common_msgs/msg/Visualization.msg
[36.826s] -- Up-to-date: /home/jack/ros2_homework_advanced/install/fsd_common_msgs/share/fsd_common_msgs/msg/YoloCone.msg
[36.826s] -- Up-to-date: /home/jack/ros2_homework_advanced/install/fsd_common_msgs/share/fsd_common_msgs/msg/YoloConeDetections.msg
[36.826s] -- Up-to-date: /home/jack/ros2_homework_advanced/install/fsd_common_msgs/share/fsd_common_msgs/msg/YoloConeDetectionsTrack.msg
[36.826s] -- Up-to-date: /home/jack/ros2_homework_advanced/install/fsd_common_msgs/share/fsd_common_msgs/msg/YoloConeTrack.msg
[36.826s] -- Up-to-date: /home/jack/ros2_homework_advanced/install/fsd_common_msgs/share/ament_index/resource_index/package_run_dependencies/fsd_common_msgs
[36.826s] -- Up-to-date: /home/jack/ros2_homework_advanced/install/fsd_common_msgs/share/ament_index/resource_index/parent_prefix_path/fsd_common_msgs
[36.827s] -- Up-to-date: /home/jack/ros2_homework_advanced/install/fsd_common_msgs/share/fsd_common_msgs/environment/ament_prefix_path.sh
[36.827s] -- Up-to-date: /home/jack/ros2_homework_advanced/install/fsd_common_msgs/share/fsd_common_msgs/environment/ament_prefix_path.dsv
[36.827s] -- Up-to-date: /home/jack/ros2_homework_advanced/install/fsd_common_msgs/share/fsd_common_msgs/environment/path.sh
[36.827s] -- Up-to-date: /home/jack/ros2_homework_advanced/install/fsd_common_msgs/share/fsd_common_msgs/environment/path.dsv
[36.827s] -- Up-to-date: /home/jack/ros2_homework_advanced/install/fsd_common_msgs/share/fsd_common_msgs/local_setup.bash
[36.827s] -- Up-to-date: /home/jack/ros2_homework_advanced/install/fsd_common_msgs/share/fsd_common_msgs/local_setup.sh
[36.828s] -- Up-to-date: /home/jack/ros2_homework_advanced/install/fsd_common_msgs/share/fsd_common_msgs/local_setup.zsh
[36.828s] -- Up-to-date: /home/jack/ros2_homework_advanced/install/fsd_common_msgs/share/fsd_common_msgs/local_setup.dsv
[36.828s] -- Installing: /home/jack/ros2_homework_advanced/install/fsd_common_msgs/share/fsd_common_msgs/package.dsv
[36.902s] -- Up-to-date: /home/jack/ros2_homework_advanced/install/fsd_common_msgs/share/ament_index/resource_index/packages/fsd_common_msgs
[36.953s] -- Up-to-date: /home/jack/ros2_homework_advanced/install/fsd_common_msgs/share/fsd_common_msgs/cmake/export_fsd_common_msgs__rosidl_generator_cExport.cmake
[36.954s] -- Up-to-date: /home/jack/ros2_homework_advanced/install/fsd_common_msgs/share/fsd_common_msgs/cmake/export_fsd_common_msgs__rosidl_generator_cExport-noconfig.cmake
[36.994s] -- Up-to-date: /home/jack/ros2_homework_advanced/install/fsd_common_msgs/share/fsd_common_msgs/cmake/export_fsd_common_msgs__rosidl_typesupport_fastrtps_cExport.cmake
[36.994s] -- Up-to-date: /home/jack/ros2_homework_advanced/install/fsd_common_msgs/share/fsd_common_msgs/cmake/export_fsd_common_msgs__rosidl_typesupport_fastrtps_cExport-noconfig.cmake
[37.012s] -- Up-to-date: /home/jack/ros2_homework_advanced/install/fsd_common_msgs/share/fsd_common_msgs/cmake/fsd_common_msgs__rosidl_typesupport_introspection_cExport.cmake
[37.012s] -- Up-to-date: /home/jack/ros2_homework_advanced/install/fsd_common_msgs/share/fsd_common_msgs/cmake/fsd_common_msgs__rosidl_typesupport_introspection_cExport-noconfig.cmake
[37.045s] -- Up-to-date: /home/jack/ros2_homework_advanced/install/fsd_common_msgs/share/fsd_common_msgs/cmake/fsd_common_msgs__rosidl_typesupport_cExport.cmake
[37.047s] -- Up-to-date: /home/jack/ros2_homework_advanced/install/fsd_common_msgs/share/fsd_common_msgs/cmake/fsd_common_msgs__rosidl_typesupport_cExport-noconfig.cmake
[37.074s] -- Up-to-date: /home/jack/ros2_homework_advanced/install/fsd_common_msgs/share/fsd_common_msgs/cmake/export_fsd_common_msgs__rosidl_generator_cppExport.cmake
[37.095s] -- Up-to-date: /home/jack/ros2_homework_advanced/install/fsd_common_msgs/share/fsd_common_msgs/cmake/export_fsd_common_msgs__rosidl_typesupport_fastrtps_cppExport.cmake
[37.096s] -- Up-to-date: /home/jack/ros2_homework_advanced/install/fsd_common_msgs/share/fsd_common_msgs/cmake/export_fsd_common_msgs__rosidl_typesupport_fastrtps_cppExport-noconfig.cmake
[37.113s] -- Up-to-date: /home/jack/ros2_homework_advanced/install/fsd_common_msgs/share/fsd_common_msgs/cmake/fsd_common_msgs__rosidl_typesupport_introspection_cppExport.cmake
[37.115s] -- Up-to-date: /home/jack/ros2_homework_advanced/install/fsd_common_msgs/share/fsd_common_msgs/cmake/fsd_common_msgs__rosidl_typesupport_introspection_cppExport-noconfig.cmake
[37.142s] -- Up-to-date: /home/jack/ros2_homework_advanced/install/fsd_common_msgs/share/fsd_common_msgs/cmake/fsd_common_msgs__rosidl_typesupport_cppExport.cmake
[37.142s] -- Up-to-date: /home/jack/ros2_homework_advanced/install/fsd_common_msgs/share/fsd_common_msgs/cmake/fsd_common_msgs__rosidl_typesupport_cppExport-noconfig.cmake
[37.165s] -- Up-to-date: /home/jack/ros2_homework_advanced/install/fsd_common_msgs/share/fsd_common_msgs/cmake/export_fsd_common_msgs__rosidl_generator_pyExport.cmake
[37.166s] -- Up-to-date: /home/jack/ros2_homework_advanced/install/fsd_common_msgs/share/fsd_common_msgs/cmake/export_fsd_common_msgs__rosidl_generator_pyExport-noconfig.cmake
[37.166s] -- Up-to-date: /home/jack/ros2_homework_advanced/install/fsd_common_msgs/share/fsd_common_msgs/cmake/rosidl_cmake-extras.cmake
[37.167s] -- Up-to-date: /home/jack/ros2_homework_advanced/install/fsd_common_msgs/share/fsd_common_msgs/cmake/ament_cmake_export_dependencies-extras.cmake
[37.168s] -- Up-to-date: /home/jack/ros2_homework_advanced/install/fsd_common_msgs/share/fsd_common_msgs/cmake/ament_cmake_export_include_directories-extras.cmake
[37.169s] -- Up-to-date: /home/jack/ros2_homework_advanced/install/fsd_common_msgs/share/fsd_common_msgs/cmake/ament_cmake_export_libraries-extras.cmake
[37.169s] -- Up-to-date: /home/jack/ros2_homework_advanced/install/fsd_common_msgs/share/fsd_common_msgs/cmake/ament_cmake_export_targets-extras.cmake
[37.169s] -- Up-to-date: /home/jack/ros2_homework_advanced/install/fsd_common_msgs/share/fsd_common_msgs/cmake/rosidl_cmake_export_typesupport_targets-extras.cmake
[37.169s] -- Up-to-date: /home/jack/ros2_homework_advanced/install/fsd_common_msgs/share/fsd_common_msgs/cmake/rosidl_cmake_export_typesupport_libraries-extras.cmake
[37.169s] -- Up-to-date: /home/jack/ros2_homework_advanced/install/fsd_common_msgs/share/fsd_common_msgs/cmake/fsd_common_msgsConfig.cmake
[37.171s] -- Up-to-date: /home/jack/ros2_homework_advanced/install/fsd_common_msgs/share/fsd_common_msgs/cmake/fsd_common_msgsConfig-version.cmake
[37.172s] -- Up-to-date: /home/jack/ros2_homework_advanced/install/fsd_common_msgs/share/fsd_common_msgs/package.xml
[37.233s] Invoked command in '/home/jack/ros2_homework_advanced/build/fsd_common_msgs' returned '0': CMAKE_PREFIX_PATH=${CMAKE_PREFIX_PATH}:/opt/ros/humble /usr/bin/cmake --install /home/jack/ros2_homework_advanced/build/fsd_common_msgs
