[0.053s] Invoking command in '/home/jack/ros2_homework_advanced/build/fsd_common_msgs': CMAKE_PREFIX_PATH=${CMAKE_PREFIX_PATH}:/opt/ros/humble /usr/bin/cmake --build /home/jack/ros2_homework_advanced/build/fsd_common_msgs -- -j2 -l2
[0.272s] [  1%] Built target fsd_common_msgs__rs
[0.312s] [35m[1mConsolidate compiler generated dependencies of target fsd_common_msgs__rosidl_generator_c[0m
[0.417s] [ 13%] Built target fsd_common_msgs__rosidl_generator_c
[0.482s] [ 13%] Built target fsd_common_msgs__cpp
[0.577s] [ 13%] Built target ament_cmake_python_copy_fsd_common_msgs
[0.623s] [35m[1mConsolidate compiler generated dependencies of target fsd_common_msgs__rosidl_typesupport_fastrtps_c[0m
[0.703s] [ 25%] Built target fsd_common_msgs__rosidl_typesupport_fastrtps_c
[0.742s] [35m[1mConsolidate compiler generated dependencies of target fsd_common_msgs__rosidl_typesupport_introspection_c[0m
[0.805s] [ 37%] Built target fsd_common_msgs__rosidl_typesupport_introspection_c
[0.845s] [35m[1mConsolidate compiler generated dependencies of target fsd_common_msgs__rosidl_typesupport_c[0m
[0.896s] [ 49%] Built target fsd_common_msgs__rosidl_typesupport_c
[0.948s] [35m[1mConsolidate compiler generated dependencies of target fsd_common_msgs__rosidl_typesupport_fastrtps_cpp[0m
[1.031s] [ 61%] Built target fsd_common_msgs__rosidl_typesupport_fastrtps_cpp
[1.079s] [35m[1mConsolidate compiler generated dependencies of target fsd_common_msgs__rosidl_typesupport_introspection_cpp[0m
[1.157s] [ 73%] Built target fsd_common_msgs__rosidl_typesupport_introspection_cpp
[1.198s] [35m[1mConsolidate compiler generated dependencies of target fsd_common_msgs__rosidl_typesupport_cpp[0m
[1.268s] [ 85%] Built target fsd_common_msgs__rosidl_typesupport_cpp
[1.972s] running egg_info
[1.975s] writing fsd_common_msgs.egg-info/PKG-INFO
[1.975s] writing dependency_links to fsd_common_msgs.egg-info/dependency_links.txt
[1.976s] writing top-level names to fsd_common_msgs.egg-info/top_level.txt
[1.983s] reading manifest file 'fsd_common_msgs.egg-info/SOURCES.txt'
[1.985s] writing manifest file 'fsd_common_msgs.egg-info/SOURCES.txt'
[2.059s] [ 85%] Built target ament_cmake_python_build_fsd_common_msgs_egg
[2.113s] [ 85%] Built target fsd_common_msgs
[2.172s] [ 85%] Built target fsd_common_msgs__py
[2.212s] [35m[1mConsolidate compiler generated dependencies of target fsd_common_msgs__rosidl_generator_py[0m
[2.290s] [ 97%] Built target fsd_common_msgs__rosidl_generator_py
[2.321s] [35m[1mConsolidate compiler generated dependencies of target fsd_common_msgs__rosidl_typesupport_fastrtps_c__pyext[0m
[2.355s] [ 98%] Built target fsd_common_msgs__rosidl_typesupport_fastrtps_c__pyext
[2.381s] [35m[1mConsolidate compiler generated dependencies of target fsd_common_msgs__rosidl_typesupport_introspection_c__pyext[0m
[2.416s] [ 99%] Built target fsd_common_msgs__rosidl_typesupport_introspection_c__pyext
[2.445s] [35m[1mConsolidate compiler generated dependencies of target fsd_common_msgs__rosidl_typesupport_c__pyext[0m
[2.478s] [100%] Built target fsd_common_msgs__rosidl_typesupport_c__pyext
[2.508s] Invoked command in '/home/jack/ros2_homework_advanced/build/fsd_common_msgs' returned '0': CMAKE_PREFIX_PATH=${CMAKE_PREFIX_PATH}:/opt/ros/humble /usr/bin/cmake --build /home/jack/ros2_homework_advanced/build/fsd_common_msgs -- -j2 -l2
[2.535s] Invoking command in '/home/jack/ros2_homework_advanced/build/fsd_common_msgs': CMAKE_PREFIX_PATH=${CMAKE_PREFIX_PATH}:/opt/ros/humble /usr/bin/cmake --install /home/jack/ros2_homework_advanced/build/fsd_common_msgs
[2.557s] -- Install configuration: ""
[2.557s] -- Up-to-date: /home/jack/ros2_homework_advanced/install/fsd_common_msgs/share/ament_index/resource_index/rosidl_interfaces/fsd_common_msgs
[2.557s] -- Up-to-date: /home/jack/ros2_homework_advanced/install/fsd_common_msgs/include/fsd_common_msgs/fsd_common_msgs
[2.566s] -- Up-to-date: /home/jack/ros2_homework_advanced/install/fsd_common_msgs/include/fsd_common_msgs/fsd_common_msgs/msg
[2.566s] -- Up-to-date: /home/jack/ros2_homework_advanced/install/fsd_common_msgs/include/fsd_common_msgs/fsd_common_msgs/msg/decision_flag.h
[2.568s] -- Up-to-date: /home/jack/ros2_homework_advanced/install/fsd_common_msgs/include/fsd_common_msgs/fsd_common_msgs/msg/time.h
[2.569s] -- Up-to-date: /home/jack/ros2_homework_advanced/install/fsd_common_msgs/include/fsd_common_msgs/fsd_common_msgs/msg/can_frames.h
[2.569s] -- Up-to-date: /home/jack/ros2_homework_advanced/install/fsd_common_msgs/include/fsd_common_msgs/fsd_common_msgs/msg/track.h
[2.569s] -- Up-to-date: /home/jack/ros2_homework_advanced/install/fsd_common_msgs/include/fsd_common_msgs/fsd_common_msgs/msg/trajectory_point.h
[2.569s] -- Up-to-date: /home/jack/ros2_homework_advanced/install/fsd_common_msgs/include/fsd_common_msgs/fsd_common_msgs/msg/ins_delta.h
[2.569s] -- Up-to-date: /home/jack/ros2_homework_advanced/install/fsd_common_msgs/include/fsd_common_msgs/fsd_common_msgs/msg/visualization.h
[2.569s] -- Up-to-date: /home/jack/ros2_homework_advanced/install/fsd_common_msgs/include/fsd_common_msgs/fsd_common_msgs/msg/cone_dbscan.h
[2.570s] -- Up-to-date: /home/jack/ros2_homework_advanced/install/fsd_common_msgs/include/fsd_common_msgs/fsd_common_msgs/msg/echiev_message.h
[2.570s] -- Up-to-date: /home/jack/ros2_homework_advanced/install/fsd_common_msgs/include/fsd_common_msgs/fsd_common_msgs/msg/yolo_cone_detections_track.h
[2.571s] -- Up-to-date: /home/jack/ros2_homework_advanced/install/fsd_common_msgs/include/fsd_common_msgs/fsd_common_msgs/msg/detail
[2.574s] -- Up-to-date: /home/jack/ros2_homework_advanced/install/fsd_common_msgs/include/fsd_common_msgs/fsd_common_msgs/msg/detail/skidpad_global_center_line__type_support.h
[2.574s] -- Up-to-date: /home/jack/ros2_homework_advanced/install/fsd_common_msgs/include/fsd_common_msgs/fsd_common_msgs/msg/detail/trajectory_point__struct.h
[2.575s] -- Up-to-date: /home/jack/ros2_homework_advanced/install/fsd_common_msgs/include/fsd_common_msgs/fsd_common_msgs/msg/detail/driving_dynamics__struct.h
[2.576s] -- Up-to-date: /home/jack/ros2_homework_advanced/install/fsd_common_msgs/include/fsd_common_msgs/fsd_common_msgs/msg/detail/track__type_support.h
[2.576s] -- Up-to-date: /home/jack/ros2_homework_advanced/install/fsd_common_msgs/include/fsd_common_msgs/fsd_common_msgs/msg/detail/mission__type_support.h
[2.577s] -- Up-to-date: /home/jack/ros2_homework_advanced/install/fsd_common_msgs/include/fsd_common_msgs/fsd_common_msgs/msg/detail/time__struct.h
[2.578s] -- Up-to-date: /home/jack/ros2_homework_advanced/install/fsd_common_msgs/include/fsd_common_msgs/fsd_common_msgs/msg/detail/map__functions.h
[2.579s] -- Up-to-date: /home/jack/ros2_homework_advanced/install/fsd_common_msgs/include/fsd_common_msgs/fsd_common_msgs/msg/detail/cone_detections__functions.h
[2.579s] -- Up-to-date: /home/jack/ros2_homework_advanced/install/fsd_common_msgs/include/fsd_common_msgs/fsd_common_msgs/msg/detail/remote_control_command__struct.h
[2.579s] -- Up-to-date: /home/jack/ros2_homework_advanced/install/fsd_common_msgs/include/fsd_common_msgs/fsd_common_msgs/msg/detail/can_frames__type_support.h
[2.579s] -- Up-to-date: /home/jack/ros2_homework_advanced/install/fsd_common_msgs/include/fsd_common_msgs/fsd_common_msgs/msg/detail/yolo_cone__struct.h
[2.580s] -- Up-to-date: /home/jack/ros2_homework_advanced/install/fsd_common_msgs/include/fsd_common_msgs/fsd_common_msgs/msg/detail/yolo_cone_detections_track__struct.h
[2.580s] -- Up-to-date: /home/jack/ros2_homework_advanced/install/fsd_common_msgs/include/fsd_common_msgs/fsd_common_msgs/msg/detail/res_and_ami__struct.h
[2.581s] -- Up-to-date: /home/jack/ros2_homework_advanced/install/fsd_common_msgs/include/fsd_common_msgs/fsd_common_msgs/msg/detail/as_state__type_support.h
[2.582s] -- Up-to-date: /home/jack/ros2_homework_advanced/install/fsd_common_msgs/include/fsd_common_msgs/fsd_common_msgs/msg/detail/res_and_ami__type_support.h
[2.582s] -- Up-to-date: /home/jack/ros2_homework_advanced/install/fsd_common_msgs/include/fsd_common_msgs/fsd_common_msgs/msg/detail/decision_flag__struct.h
[2.582s] -- Up-to-date: /home/jack/ros2_homework_advanced/install/fsd_common_msgs/include/fsd_common_msgs/fsd_common_msgs/msg/detail/time__type_support.h
[2.583s] -- Up-to-date: /home/jack/ros2_homework_advanced/install/fsd_common_msgs/include/fsd_common_msgs/fsd_common_msgs/msg/detail/asensing_message__type_support.h
[2.583s] -- Up-to-date: /home/jack/ros2_homework_advanced/install/fsd_common_msgs/include/fsd_common_msgs/fsd_common_msgs/msg/detail/yolo_cone_detections_track__functions.c
[2.583s] -- Up-to-date: /home/jack/ros2_homework_advanced/install/fsd_common_msgs/include/fsd_common_msgs/fsd_common_msgs/msg/detail/track__functions.c
[2.583s] -- Up-to-date: /home/jack/ros2_homework_advanced/install/fsd_common_msgs/include/fsd_common_msgs/fsd_common_msgs/msg/detail/car_state__type_support.h
[2.583s] -- Up-to-date: /home/jack/ros2_homework_advanced/install/fsd_common_msgs/include/fsd_common_msgs/fsd_common_msgs/msg/detail/cone__struct.h
[2.583s] -- Up-to-date: /home/jack/ros2_homework_advanced/install/fsd_common_msgs/include/fsd_common_msgs/fsd_common_msgs/msg/detail/as_state__functions.c
[2.584s] -- Up-to-date: /home/jack/ros2_homework_advanced/install/fsd_common_msgs/include/fsd_common_msgs/fsd_common_msgs/msg/detail/remote_control_command__type_support.h
[2.584s] -- Up-to-date: /home/jack/ros2_homework_advanced/install/fsd_common_msgs/include/fsd_common_msgs/fsd_common_msgs/msg/detail/cone__type_support.h
[2.584s] -- Up-to-date: /home/jack/ros2_homework_advanced/install/fsd_common_msgs/include/fsd_common_msgs/fsd_common_msgs/msg/detail/yolo_cone__functions.h
[2.584s] -- Up-to-date: /home/jack/ros2_homework_advanced/install/fsd_common_msgs/include/fsd_common_msgs/fsd_common_msgs/msg/detail/yolo_cone_detections__type_support.h
[2.585s] -- Up-to-date: /home/jack/ros2_homework_advanced/install/fsd_common_msgs/include/fsd_common_msgs/fsd_common_msgs/msg/detail/visualization__type_support.h
[2.585s] -- Up-to-date: /home/jack/ros2_homework_advanced/install/fsd_common_msgs/include/fsd_common_msgs/fsd_common_msgs/msg/detail/asensing_message__functions.h
[2.586s] -- Up-to-date: /home/jack/ros2_homework_advanced/install/fsd_common_msgs/include/fsd_common_msgs/fsd_common_msgs/msg/detail/cone_dbscan__functions.c
[2.586s] -- Up-to-date: /home/jack/ros2_homework_advanced/install/fsd_common_msgs/include/fsd_common_msgs/fsd_common_msgs/msg/detail/mission__functions.c
[2.586s] -- Up-to-date: /home/jack/ros2_homework_advanced/install/fsd_common_msgs/include/fsd_common_msgs/fsd_common_msgs/msg/detail/decision_flag__functions.c
[2.586s] -- Up-to-date: /home/jack/ros2_homework_advanced/install/fsd_common_msgs/include/fsd_common_msgs/fsd_common_msgs/msg/detail/map__type_support.h
[2.586s] -- Up-to-date: /home/jack/ros2_homework_advanced/install/fsd_common_msgs/include/fsd_common_msgs/fsd_common_msgs/msg/detail/yolo_cone__type_support.h
[2.586s] -- Up-to-date: /home/jack/ros2_homework_advanced/install/fsd_common_msgs/include/fsd_common_msgs/fsd_common_msgs/msg/detail/as_state__struct.h
[2.586s] -- Up-to-date: /home/jack/ros2_homework_advanced/install/fsd_common_msgs/include/fsd_common_msgs/fsd_common_msgs/msg/detail/ins_delta__functions.c
[2.587s] -- Up-to-date: /home/jack/ros2_homework_advanced/install/fsd_common_msgs/include/fsd_common_msgs/fsd_common_msgs/msg/detail/yolo_cone_detections__struct.h
[2.587s] -- Up-to-date: /home/jack/ros2_homework_advanced/install/fsd_common_msgs/include/fsd_common_msgs/fsd_common_msgs/msg/detail/control_command__functions.c
[2.587s] -- Up-to-date: /home/jack/ros2_homework_advanced/install/fsd_common_msgs/include/fsd_common_msgs/fsd_common_msgs/msg/detail/yolo_cone_track__functions.h
[2.590s] -- Up-to-date: /home/jack/ros2_homework_advanced/install/fsd_common_msgs/include/fsd_common_msgs/fsd_common_msgs/msg/detail/visualization__functions.h
[2.592s] -- Up-to-date: /home/jack/ros2_homework_advanced/install/fsd_common_msgs/include/fsd_common_msgs/fsd_common_msgs/msg/detail/car_state_dt__functions.h
[2.592s] -- Up-to-date: /home/jack/ros2_homework_advanced/install/fsd_common_msgs/include/fsd_common_msgs/fsd_common_msgs/msg/detail/echiev_message__functions.c
[2.593s] -- Up-to-date: /home/jack/ros2_homework_advanced/install/fsd_common_msgs/include/fsd_common_msgs/fsd_common_msgs/msg/detail/driving_dynamics__type_support.h
[2.593s] -- Up-to-date: /home/jack/ros2_homework_advanced/install/fsd_common_msgs/include/fsd_common_msgs/fsd_common_msgs/msg/detail/car_state_dt__type_support.h
[2.593s] -- Up-to-date: /home/jack/ros2_homework_advanced/install/fsd_common_msgs/include/fsd_common_msgs/fsd_common_msgs/msg/detail/yolo_cone_detections__functions.c
[2.593s] -- Up-to-date: /home/jack/ros2_homework_advanced/install/fsd_common_msgs/include/fsd_common_msgs/fsd_common_msgs/msg/detail/asensing_message__struct.h
[2.593s] -- Up-to-date: /home/jack/ros2_homework_advanced/install/fsd_common_msgs/include/fsd_common_msgs/fsd_common_msgs/msg/detail/can_frames__struct.h
[2.593s] -- Up-to-date: /home/jack/ros2_homework_advanced/install/fsd_common_msgs/include/fsd_common_msgs/fsd_common_msgs/msg/detail/res_and_ami__functions.h
[2.593s] -- Up-to-date: /home/jack/ros2_homework_advanced/install/fsd_common_msgs/include/fsd_common_msgs/fsd_common_msgs/msg/detail/ins_delta__struct.h
[2.594s] -- Up-to-date: /home/jack/ros2_homework_advanced/install/fsd_common_msgs/include/fsd_common_msgs/fsd_common_msgs/msg/detail/cone__functions.h
[2.594s] -- Up-to-date: /home/jack/ros2_homework_advanced/install/fsd_common_msgs/include/fsd_common_msgs/fsd_common_msgs/msg/detail/cone_detections__type_support.h
[2.594s] -- Up-to-date: /home/jack/ros2_homework_advanced/install/fsd_common_msgs/include/fsd_common_msgs/fsd_common_msgs/msg/detail/track__functions.h
[2.594s] -- Up-to-date: /home/jack/ros2_homework_advanced/install/fsd_common_msgs/include/fsd_common_msgs/fsd_common_msgs/msg/detail/visualization__struct.h
[2.594s] -- Up-to-date: /home/jack/ros2_homework_advanced/install/fsd_common_msgs/include/fsd_common_msgs/fsd_common_msgs/msg/detail/echiev_message__functions.h
[2.594s] -- Up-to-date: /home/jack/ros2_homework_advanced/install/fsd_common_msgs/include/fsd_common_msgs/fsd_common_msgs/msg/detail/skidpad_global_center_line__struct.h
[2.595s] -- Up-to-date: /home/jack/ros2_homework_advanced/install/fsd_common_msgs/include/fsd_common_msgs/fsd_common_msgs/msg/detail/car_state__functions.c
[2.595s] -- Up-to-date: /home/jack/ros2_homework_advanced/install/fsd_common_msgs/include/fsd_common_msgs/fsd_common_msgs/msg/detail/echiev_message__struct.h
[2.595s] -- Up-to-date: /home/jack/ros2_homework_advanced/install/fsd_common_msgs/include/fsd_common_msgs/fsd_common_msgs/msg/detail/skidpad_global_center_line__functions.c
[2.596s] -- Up-to-date: /home/jack/ros2_homework_advanced/install/fsd_common_msgs/include/fsd_common_msgs/fsd_common_msgs/msg/detail/track__struct.h
[2.596s] -- Up-to-date: /home/jack/ros2_homework_advanced/install/fsd_common_msgs/include/fsd_common_msgs/fsd_common_msgs/msg/detail/cone_detections_dbscan__functions.h
[2.596s] -- Up-to-date: /home/jack/ros2_homework_advanced/install/fsd_common_msgs/include/fsd_common_msgs/fsd_common_msgs/msg/detail/car_state__functions.h
[2.596s] -- Up-to-date: /home/jack/ros2_homework_advanced/install/fsd_common_msgs/include/fsd_common_msgs/fsd_common_msgs/msg/detail/can_frames__functions.c
[2.596s] -- Up-to-date: /home/jack/ros2_homework_advanced/install/fsd_common_msgs/include/fsd_common_msgs/fsd_common_msgs/msg/detail/echiev_message__type_support.h
[2.596s] -- Up-to-date: /home/jack/ros2_homework_advanced/install/fsd_common_msgs/include/fsd_common_msgs/fsd_common_msgs/msg/detail/res_and_ami__functions.c
[2.597s] -- Up-to-date: /home/jack/ros2_homework_advanced/install/fsd_common_msgs/include/fsd_common_msgs/fsd_common_msgs/msg/detail/yolo_cone_track__functions.c
[2.597s] -- Up-to-date: /home/jack/ros2_homework_advanced/install/fsd_common_msgs/include/fsd_common_msgs/fsd_common_msgs/msg/detail/yolo_cone_track__struct.h
[2.597s] -- Up-to-date: /home/jack/ros2_homework_advanced/install/fsd_common_msgs/include/fsd_common_msgs/fsd_common_msgs/msg/detail/trajectory_point__functions.h
[2.597s] -- Up-to-date: /home/jack/ros2_homework_advanced/install/fsd_common_msgs/include/fsd_common_msgs/fsd_common_msgs/msg/detail/time__functions.h
[2.598s] -- Up-to-date: /home/jack/ros2_homework_advanced/install/fsd_common_msgs/include/fsd_common_msgs/fsd_common_msgs/msg/detail/as_state__functions.h
[2.598s] -- Up-to-date: /home/jack/ros2_homework_advanced/install/fsd_common_msgs/include/fsd_common_msgs/fsd_common_msgs/msg/detail/yolo_cone_detections__functions.h
[2.598s] -- Up-to-date: /home/jack/ros2_homework_advanced/install/fsd_common_msgs/include/fsd_common_msgs/fsd_common_msgs/msg/detail/feedback__functions.c
[2.598s] -- Up-to-date: /home/jack/ros2_homework_advanced/install/fsd_common_msgs/include/fsd_common_msgs/fsd_common_msgs/msg/detail/asensing_message__functions.c
[2.598s] -- Up-to-date: /home/jack/ros2_homework_advanced/install/fsd_common_msgs/include/fsd_common_msgs/fsd_common_msgs/msg/detail/cone__functions.c
[2.599s] -- Up-to-date: /home/jack/ros2_homework_advanced/install/fsd_common_msgs/include/fsd_common_msgs/fsd_common_msgs/msg/detail/visualization__functions.c
[2.599s] -- Up-to-date: /home/jack/ros2_homework_advanced/install/fsd_common_msgs/include/fsd_common_msgs/fsd_common_msgs/msg/detail/yolo_cone_detections_track__type_support.h
[2.599s] -- Up-to-date: /home/jack/ros2_homework_advanced/install/fsd_common_msgs/include/fsd_common_msgs/fsd_common_msgs/msg/detail/remote_control_command__functions.c
[2.599s] -- Up-to-date: /home/jack/ros2_homework_advanced/install/fsd_common_msgs/include/fsd_common_msgs/fsd_common_msgs/msg/detail/cone_detections_dbscan__struct.h
[2.600s] -- Up-to-date: /home/jack/ros2_homework_advanced/install/fsd_common_msgs/include/fsd_common_msgs/fsd_common_msgs/msg/detail/map__functions.c
[2.600s] -- Up-to-date: /home/jack/ros2_homework_advanced/install/fsd_common_msgs/include/fsd_common_msgs/fsd_common_msgs/msg/detail/driving_dynamics__functions.c
[2.600s] -- Up-to-date: /home/jack/ros2_homework_advanced/install/fsd_common_msgs/include/fsd_common_msgs/fsd_common_msgs/msg/detail/feedback__struct.h
[2.601s] -- Up-to-date: /home/jack/ros2_homework_advanced/install/fsd_common_msgs/include/fsd_common_msgs/fsd_common_msgs/msg/detail/cone_detections__functions.c
[2.601s] -- Up-to-date: /home/jack/ros2_homework_advanced/install/fsd_common_msgs/include/fsd_common_msgs/fsd_common_msgs/msg/detail/car_state__struct.h
[2.601s] -- Up-to-date: /home/jack/ros2_homework_advanced/install/fsd_common_msgs/include/fsd_common_msgs/fsd_common_msgs/msg/detail/can_frames__functions.h
[2.601s] -- Up-to-date: /home/jack/ros2_homework_advanced/install/fsd_common_msgs/include/fsd_common_msgs/fsd_common_msgs/msg/detail/mission__functions.h
[2.602s] -- Up-to-date: /home/jack/ros2_homework_advanced/install/fsd_common_msgs/include/fsd_common_msgs/fsd_common_msgs/msg/detail/cone_detections__struct.h
[2.602s] -- Up-to-date: /home/jack/ros2_homework_advanced/install/fsd_common_msgs/include/fsd_common_msgs/fsd_common_msgs/msg/detail/car_state_dt__struct.h
[2.602s] -- Up-to-date: /home/jack/ros2_homework_advanced/install/fsd_common_msgs/include/fsd_common_msgs/fsd_common_msgs/msg/detail/ins_delta__functions.h
[2.602s] -- Up-to-date: /home/jack/ros2_homework_advanced/install/fsd_common_msgs/include/fsd_common_msgs/fsd_common_msgs/msg/detail/cone_detections_dbscan__functions.c
[2.602s] -- Up-to-date: /home/jack/ros2_homework_advanced/install/fsd_common_msgs/include/fsd_common_msgs/fsd_common_msgs/msg/detail/decision_flag__functions.h
[2.602s] -- Up-to-date: /home/jack/ros2_homework_advanced/install/fsd_common_msgs/include/fsd_common_msgs/fsd_common_msgs/msg/detail/yolo_cone_track__type_support.h
[2.602s] -- Up-to-date: /home/jack/ros2_homework_advanced/install/fsd_common_msgs/include/fsd_common_msgs/fsd_common_msgs/msg/detail/cone_detections_dbscan__type_support.h
[2.603s] -- Up-to-date: /home/jack/ros2_homework_advanced/install/fsd_common_msgs/include/fsd_common_msgs/fsd_common_msgs/msg/detail/control_command__type_support.h
[2.603s] -- Up-to-date: /home/jack/ros2_homework_advanced/install/fsd_common_msgs/include/fsd_common_msgs/fsd_common_msgs/msg/detail/decision_flag__type_support.h
[2.603s] -- Up-to-date: /home/jack/ros2_homework_advanced/install/fsd_common_msgs/include/fsd_common_msgs/fsd_common_msgs/msg/detail/feedback__type_support.h
[2.603s] -- Up-to-date: /home/jack/ros2_homework_advanced/install/fsd_common_msgs/include/fsd_common_msgs/fsd_common_msgs/msg/detail/trajectory_point__type_support.h
[2.603s] -- Up-to-date: /home/jack/ros2_homework_advanced/install/fsd_common_msgs/include/fsd_common_msgs/fsd_common_msgs/msg/detail/mission__struct.h
[2.604s] -- Up-to-date: /home/jack/ros2_homework_advanced/install/fsd_common_msgs/include/fsd_common_msgs/fsd_common_msgs/msg/detail/control_command__struct.h
[2.604s] -- Up-to-date: /home/jack/ros2_homework_advanced/install/fsd_common_msgs/include/fsd_common_msgs/fsd_common_msgs/msg/detail/cone_dbscan__struct.h
[2.604s] -- Up-to-date: /home/jack/ros2_homework_advanced/install/fsd_common_msgs/include/fsd_common_msgs/fsd_common_msgs/msg/detail/control_command__functions.h
[2.604s] -- Up-to-date: /home/jack/ros2_homework_advanced/install/fsd_common_msgs/include/fsd_common_msgs/fsd_common_msgs/msg/detail/skidpad_global_center_line__functions.h
[2.604s] -- Up-to-date: /home/jack/ros2_homework_advanced/install/fsd_common_msgs/include/fsd_common_msgs/fsd_common_msgs/msg/detail/car_state_dt__functions.c
[2.605s] -- Up-to-date: /home/jack/ros2_homework_advanced/install/fsd_common_msgs/include/fsd_common_msgs/fsd_common_msgs/msg/detail/ins_delta__type_support.h
[2.605s] -- Up-to-date: /home/jack/ros2_homework_advanced/install/fsd_common_msgs/include/fsd_common_msgs/fsd_common_msgs/msg/detail/cone_dbscan__functions.h
[2.605s] -- Up-to-date: /home/jack/ros2_homework_advanced/install/fsd_common_msgs/include/fsd_common_msgs/fsd_common_msgs/msg/detail/feedback__functions.h
[2.605s] -- Up-to-date: /home/jack/ros2_homework_advanced/install/fsd_common_msgs/include/fsd_common_msgs/fsd_common_msgs/msg/detail/remote_control_command__functions.h
[2.605s] -- Up-to-date: /home/jack/ros2_homework_advanced/install/fsd_common_msgs/include/fsd_common_msgs/fsd_common_msgs/msg/detail/yolo_cone__functions.c
[2.605s] -- Up-to-date: /home/jack/ros2_homework_advanced/install/fsd_common_msgs/include/fsd_common_msgs/fsd_common_msgs/msg/detail/yolo_cone_detections_track__functions.h
[2.605s] -- Up-to-date: /home/jack/ros2_homework_advanced/install/fsd_common_msgs/include/fsd_common_msgs/fsd_common_msgs/msg/detail/time__functions.c
[2.606s] -- Up-to-date: /home/jack/ros2_homework_advanced/install/fsd_common_msgs/include/fsd_common_msgs/fsd_common_msgs/msg/detail/map__struct.h
[2.606s] -- Up-to-date: /home/jack/ros2_homework_advanced/install/fsd_common_msgs/include/fsd_common_msgs/fsd_common_msgs/msg/detail/driving_dynamics__functions.h
[2.606s] -- Up-to-date: /home/jack/ros2_homework_advanced/install/fsd_common_msgs/include/fsd_common_msgs/fsd_common_msgs/msg/detail/cone_dbscan__type_support.h
[2.606s] -- Up-to-date: /home/jack/ros2_homework_advanced/install/fsd_common_msgs/include/fsd_common_msgs/fsd_common_msgs/msg/detail/trajectory_point__functions.c
[2.606s] -- Up-to-date: /home/jack/ros2_homework_advanced/install/fsd_common_msgs/include/fsd_common_msgs/fsd_common_msgs/msg/rosidl_generator_c__visibility_control.h
[2.606s] -- Up-to-date: /home/jack/ros2_homework_advanced/install/fsd_common_msgs/include/fsd_common_msgs/fsd_common_msgs/msg/cone_detections_dbscan.h
[2.606s] -- Up-to-date: /home/jack/ros2_homework_advanced/install/fsd_common_msgs/include/fsd_common_msgs/fsd_common_msgs/msg/driving_dynamics.h
[2.607s] -- Up-to-date: /home/jack/ros2_homework_advanced/install/fsd_common_msgs/include/fsd_common_msgs/fsd_common_msgs/msg/cone.h
[2.607s] -- Up-to-date: /home/jack/ros2_homework_advanced/install/fsd_common_msgs/include/fsd_common_msgs/fsd_common_msgs/msg/car_state_dt.h
[2.607s] -- Up-to-date: /home/jack/ros2_homework_advanced/install/fsd_common_msgs/include/fsd_common_msgs/fsd_common_msgs/msg/asensing_message.h
[2.607s] -- Up-to-date: /home/jack/ros2_homework_advanced/install/fsd_common_msgs/include/fsd_common_msgs/fsd_common_msgs/msg/feedback.h
[2.607s] -- Up-to-date: /home/jack/ros2_homework_advanced/install/fsd_common_msgs/include/fsd_common_msgs/fsd_common_msgs/msg/as_state.h
[2.607s] -- Up-to-date: /home/jack/ros2_homework_advanced/install/fsd_common_msgs/include/fsd_common_msgs/fsd_common_msgs/msg/car_state.h
[2.607s] -- Up-to-date: /home/jack/ros2_homework_advanced/install/fsd_common_msgs/include/fsd_common_msgs/fsd_common_msgs/msg/yolo_cone.h
[2.608s] -- Up-to-date: /home/jack/ros2_homework_advanced/install/fsd_common_msgs/include/fsd_common_msgs/fsd_common_msgs/msg/yolo_cone_track.h
[2.608s] -- Up-to-date: /home/jack/ros2_homework_advanced/install/fsd_common_msgs/include/fsd_common_msgs/fsd_common_msgs/msg/control_command.h
[2.608s] -- Up-to-date: /home/jack/ros2_homework_advanced/install/fsd_common_msgs/include/fsd_common_msgs/fsd_common_msgs/msg/skidpad_global_center_line.h
[2.608s] -- Up-to-date: /home/jack/ros2_homework_advanced/install/fsd_common_msgs/include/fsd_common_msgs/fsd_common_msgs/msg/cone_detections.h
[2.608s] -- Up-to-date: /home/jack/ros2_homework_advanced/install/fsd_common_msgs/include/fsd_common_msgs/fsd_common_msgs/msg/yolo_cone_detections.h
[2.608s] -- Up-to-date: /home/jack/ros2_homework_advanced/install/fsd_common_msgs/include/fsd_common_msgs/fsd_common_msgs/msg/remote_control_command.h
[2.608s] -- Up-to-date: /home/jack/ros2_homework_advanced/install/fsd_common_msgs/include/fsd_common_msgs/fsd_common_msgs/msg/map.h
[2.609s] -- Up-to-date: /home/jack/ros2_homework_advanced/install/fsd_common_msgs/include/fsd_common_msgs/fsd_common_msgs/msg/res_and_ami.h
[2.609s] -- Up-to-date: /home/jack/ros2_homework_advanced/install/fsd_common_msgs/include/fsd_common_msgs/fsd_common_msgs/msg/mission.h
[2.609s] -- Up-to-date: /home/jack/ros2_homework_advanced/install/fsd_common_msgs/share/fsd_common_msgs/environment/library_path.sh
[2.609s] -- Up-to-date: /home/jack/ros2_homework_advanced/install/fsd_common_msgs/share/fsd_common_msgs/environment/library_path.dsv
[2.609s] -- Up-to-date: /home/jack/ros2_homework_advanced/install/fsd_common_msgs/lib/libfsd_common_msgs__rosidl_generator_c.so
[2.610s] -- Up-to-date: /home/jack/ros2_homework_advanced/install/fsd_common_msgs/include/fsd_common_msgs/fsd_common_msgs
[2.610s] -- Up-to-date: /home/jack/ros2_homework_advanced/install/fsd_common_msgs/include/fsd_common_msgs/fsd_common_msgs/msg
[2.611s] -- Up-to-date: /home/jack/ros2_homework_advanced/install/fsd_common_msgs/include/fsd_common_msgs/fsd_common_msgs/msg/detail
[2.611s] -- Up-to-date: /home/jack/ros2_homework_advanced/install/fsd_common_msgs/include/fsd_common_msgs/fsd_common_msgs/msg/detail/time__rosidl_typesupport_fastrtps_c.h
[2.611s] -- Up-to-date: /home/jack/ros2_homework_advanced/install/fsd_common_msgs/include/fsd_common_msgs/fsd_common_msgs/msg/detail/decision_flag__rosidl_typesupport_fastrtps_c.h
[2.611s] -- Up-to-date: /home/jack/ros2_homework_advanced/install/fsd_common_msgs/include/fsd_common_msgs/fsd_common_msgs/msg/detail/cone_detections_dbscan__rosidl_typesupport_fastrtps_c.h
[2.611s] -- Up-to-date: /home/jack/ros2_homework_advanced/install/fsd_common_msgs/include/fsd_common_msgs/fsd_common_msgs/msg/detail/visualization__rosidl_typesupport_fastrtps_c.h
[2.611s] -- Up-to-date: /home/jack/ros2_homework_advanced/install/fsd_common_msgs/include/fsd_common_msgs/fsd_common_msgs/msg/detail/yolo_cone__rosidl_typesupport_fastrtps_c.h
[2.611s] -- Up-to-date: /home/jack/ros2_homework_advanced/install/fsd_common_msgs/include/fsd_common_msgs/fsd_common_msgs/msg/detail/yolo_cone_detections__rosidl_typesupport_fastrtps_c.h
[2.612s] -- Up-to-date: /home/jack/ros2_homework_advanced/install/fsd_common_msgs/include/fsd_common_msgs/fsd_common_msgs/msg/detail/cone_dbscan__rosidl_typesupport_fastrtps_c.h
[2.612s] -- Up-to-date: /home/jack/ros2_homework_advanced/install/fsd_common_msgs/include/fsd_common_msgs/fsd_common_msgs/msg/detail/yolo_cone_track__rosidl_typesupport_fastrtps_c.h
[2.612s] -- Up-to-date: /home/jack/ros2_homework_advanced/install/fsd_common_msgs/include/fsd_common_msgs/fsd_common_msgs/msg/detail/car_state_dt__rosidl_typesupport_fastrtps_c.h
[2.613s] -- Up-to-date: /home/jack/ros2_homework_advanced/install/fsd_common_msgs/include/fsd_common_msgs/fsd_common_msgs/msg/detail/ins_delta__rosidl_typesupport_fastrtps_c.h
[2.613s] -- Up-to-date: /home/jack/ros2_homework_advanced/install/fsd_common_msgs/include/fsd_common_msgs/fsd_common_msgs/msg/detail/map__rosidl_typesupport_fastrtps_c.h
[2.613s] -- Up-to-date: /home/jack/ros2_homework_advanced/install/fsd_common_msgs/include/fsd_common_msgs/fsd_common_msgs/msg/detail/yolo_cone_detections_track__rosidl_typesupport_fastrtps_c.h
[2.613s] -- Up-to-date: /home/jack/ros2_homework_advanced/install/fsd_common_msgs/include/fsd_common_msgs/fsd_common_msgs/msg/detail/track__rosidl_typesupport_fastrtps_c.h
[2.613s] -- Up-to-date: /home/jack/ros2_homework_advanced/install/fsd_common_msgs/include/fsd_common_msgs/fsd_common_msgs/msg/detail/remote_control_command__rosidl_typesupport_fastrtps_c.h
[2.613s] -- Up-to-date: /home/jack/ros2_homework_advanced/install/fsd_common_msgs/include/fsd_common_msgs/fsd_common_msgs/msg/detail/cone__rosidl_typesupport_fastrtps_c.h
[2.613s] -- Up-to-date: /home/jack/ros2_homework_advanced/install/fsd_common_msgs/include/fsd_common_msgs/fsd_common_msgs/msg/detail/mission__rosidl_typesupport_fastrtps_c.h
[2.614s] -- Up-to-date: /home/jack/ros2_homework_advanced/install/fsd_common_msgs/include/fsd_common_msgs/fsd_common_msgs/msg/detail/skidpad_global_center_line__rosidl_typesupport_fastrtps_c.h
[2.614s] -- Up-to-date: /home/jack/ros2_homework_advanced/install/fsd_common_msgs/include/fsd_common_msgs/fsd_common_msgs/msg/detail/res_and_ami__rosidl_typesupport_fastrtps_c.h
[2.614s] -- Up-to-date: /home/jack/ros2_homework_advanced/install/fsd_common_msgs/include/fsd_common_msgs/fsd_common_msgs/msg/detail/control_command__rosidl_typesupport_fastrtps_c.h
[2.614s] -- Up-to-date: /home/jack/ros2_homework_advanced/install/fsd_common_msgs/include/fsd_common_msgs/fsd_common_msgs/msg/detail/as_state__rosidl_typesupport_fastrtps_c.h
[2.614s] -- Up-to-date: /home/jack/ros2_homework_advanced/install/fsd_common_msgs/include/fsd_common_msgs/fsd_common_msgs/msg/detail/car_state__rosidl_typesupport_fastrtps_c.h
[2.615s] -- Up-to-date: /home/jack/ros2_homework_advanced/install/fsd_common_msgs/include/fsd_common_msgs/fsd_common_msgs/msg/detail/driving_dynamics__rosidl_typesupport_fastrtps_c.h
[2.615s] -- Up-to-date: /home/jack/ros2_homework_advanced/install/fsd_common_msgs/include/fsd_common_msgs/fsd_common_msgs/msg/detail/feedback__rosidl_typesupport_fastrtps_c.h
[2.616s] -- Up-to-date: /home/jack/ros2_homework_advanced/install/fsd_common_msgs/include/fsd_common_msgs/fsd_common_msgs/msg/detail/asensing_message__rosidl_typesupport_fastrtps_c.h
[2.617s] -- Up-to-date: /home/jack/ros2_homework_advanced/install/fsd_common_msgs/include/fsd_common_msgs/fsd_common_msgs/msg/detail/trajectory_point__rosidl_typesupport_fastrtps_c.h
[2.617s] -- Up-to-date: /home/jack/ros2_homework_advanced/install/fsd_common_msgs/include/fsd_common_msgs/fsd_common_msgs/msg/detail/can_frames__rosidl_typesupport_fastrtps_c.h
[2.617s] -- Up-to-date: /home/jack/ros2_homework_advanced/install/fsd_common_msgs/include/fsd_common_msgs/fsd_common_msgs/msg/detail/echiev_message__rosidl_typesupport_fastrtps_c.h
[2.617s] -- Up-to-date: /home/jack/ros2_homework_advanced/install/fsd_common_msgs/include/fsd_common_msgs/fsd_common_msgs/msg/detail/cone_detections__rosidl_typesupport_fastrtps_c.h
[2.617s] -- Up-to-date: /home/jack/ros2_homework_advanced/install/fsd_common_msgs/include/fsd_common_msgs/fsd_common_msgs/msg/rosidl_typesupport_fastrtps_c__visibility_control.h
[2.617s] -- Up-to-date: /home/jack/ros2_homework_advanced/install/fsd_common_msgs/lib/libfsd_common_msgs__rosidl_typesupport_fastrtps_c.so
[2.617s] -- Up-to-date: /home/jack/ros2_homework_advanced/install/fsd_common_msgs/include/fsd_common_msgs/fsd_common_msgs
[2.618s] -- Up-to-date: /home/jack/ros2_homework_advanced/install/fsd_common_msgs/include/fsd_common_msgs/fsd_common_msgs/msg
[2.618s] -- Up-to-date: /home/jack/ros2_homework_advanced/install/fsd_common_msgs/include/fsd_common_msgs/fsd_common_msgs/msg/detail
[2.618s] -- Up-to-date: /home/jack/ros2_homework_advanced/install/fsd_common_msgs/include/fsd_common_msgs/fsd_common_msgs/msg/detail/trajectory_point__type_support.c
[2.618s] -- Up-to-date: /home/jack/ros2_homework_advanced/install/fsd_common_msgs/include/fsd_common_msgs/fsd_common_msgs/msg/detail/cone__rosidl_typesupport_introspection_c.h
[2.618s] -- Up-to-date: /home/jack/ros2_homework_advanced/install/fsd_common_msgs/include/fsd_common_msgs/fsd_common_msgs/msg/detail/map__type_support.c
[2.618s] -- Up-to-date: /home/jack/ros2_homework_advanced/install/fsd_common_msgs/include/fsd_common_msgs/fsd_common_msgs/msg/detail/trajectory_point__rosidl_typesupport_introspection_c.h
[2.618s] -- Up-to-date: /home/jack/ros2_homework_advanced/install/fsd_common_msgs/include/fsd_common_msgs/fsd_common_msgs/msg/detail/yolo_cone_track__type_support.c
[2.619s] -- Up-to-date: /home/jack/ros2_homework_advanced/install/fsd_common_msgs/include/fsd_common_msgs/fsd_common_msgs/msg/detail/car_state__type_support.c
[2.619s] -- Up-to-date: /home/jack/ros2_homework_advanced/install/fsd_common_msgs/include/fsd_common_msgs/fsd_common_msgs/msg/detail/ins_delta__rosidl_typesupport_introspection_c.h
[2.619s] -- Up-to-date: /home/jack/ros2_homework_advanced/install/fsd_common_msgs/include/fsd_common_msgs/fsd_common_msgs/msg/detail/car_state_dt__type_support.c
[2.619s] -- Up-to-date: /home/jack/ros2_homework_advanced/install/fsd_common_msgs/include/fsd_common_msgs/fsd_common_msgs/msg/detail/decision_flag__rosidl_typesupport_introspection_c.h
[2.620s] -- Up-to-date: /home/jack/ros2_homework_advanced/install/fsd_common_msgs/include/fsd_common_msgs/fsd_common_msgs/msg/detail/mission__type_support.c
[2.621s] -- Up-to-date: /home/jack/ros2_homework_advanced/install/fsd_common_msgs/include/fsd_common_msgs/fsd_common_msgs/msg/detail/track__rosidl_typesupport_introspection_c.h
[2.621s] -- Up-to-date: /home/jack/ros2_homework_advanced/install/fsd_common_msgs/include/fsd_common_msgs/fsd_common_msgs/msg/detail/can_frames__type_support.c
[2.621s] -- Up-to-date: /home/jack/ros2_homework_advanced/install/fsd_common_msgs/include/fsd_common_msgs/fsd_common_msgs/msg/detail/car_state__rosidl_typesupport_introspection_c.h
[2.621s] -- Up-to-date: /home/jack/ros2_homework_advanced/install/fsd_common_msgs/include/fsd_common_msgs/fsd_common_msgs/msg/detail/mission__rosidl_typesupport_introspection_c.h
[2.622s] -- Up-to-date: /home/jack/ros2_homework_advanced/install/fsd_common_msgs/include/fsd_common_msgs/fsd_common_msgs/msg/detail/cone_detections_dbscan__rosidl_typesupport_introspection_c.h
[2.622s] -- Up-to-date: /home/jack/ros2_homework_advanced/install/fsd_common_msgs/include/fsd_common_msgs/fsd_common_msgs/msg/detail/asensing_message__type_support.c
[2.622s] -- Up-to-date: /home/jack/ros2_homework_advanced/install/fsd_common_msgs/include/fsd_common_msgs/fsd_common_msgs/msg/detail/cone_detections__rosidl_typesupport_introspection_c.h
[2.623s] -- Up-to-date: /home/jack/ros2_homework_advanced/install/fsd_common_msgs/include/fsd_common_msgs/fsd_common_msgs/msg/detail/skidpad_global_center_line__rosidl_typesupport_introspection_c.h
[2.623s] -- Up-to-date: /home/jack/ros2_homework_advanced/install/fsd_common_msgs/include/fsd_common_msgs/fsd_common_msgs/msg/detail/driving_dynamics__type_support.c
[2.623s] -- Up-to-date: /home/jack/ros2_homework_advanced/install/fsd_common_msgs/include/fsd_common_msgs/fsd_common_msgs/msg/detail/visualization__type_support.c
[2.623s] -- Up-to-date: /home/jack/ros2_homework_advanced/install/fsd_common_msgs/include/fsd_common_msgs/fsd_common_msgs/msg/detail/yolo_cone_detections_track__rosidl_typesupport_introspection_c.h
[2.623s] -- Up-to-date: /home/jack/ros2_homework_advanced/install/fsd_common_msgs/include/fsd_common_msgs/fsd_common_msgs/msg/detail/asensing_message__rosidl_typesupport_introspection_c.h
[2.623s] -- Up-to-date: /home/jack/ros2_homework_advanced/install/fsd_common_msgs/include/fsd_common_msgs/fsd_common_msgs/msg/detail/track__type_support.c
[2.623s] -- Up-to-date: /home/jack/ros2_homework_advanced/install/fsd_common_msgs/include/fsd_common_msgs/fsd_common_msgs/msg/detail/decision_flag__type_support.c
[2.624s] -- Up-to-date: /home/jack/ros2_homework_advanced/install/fsd_common_msgs/include/fsd_common_msgs/fsd_common_msgs/msg/detail/feedback__rosidl_typesupport_introspection_c.h
[2.624s] -- Up-to-date: /home/jack/ros2_homework_advanced/install/fsd_common_msgs/include/fsd_common_msgs/fsd_common_msgs/msg/detail/time__type_support.c
[2.624s] -- Up-to-date: /home/jack/ros2_homework_advanced/install/fsd_common_msgs/include/fsd_common_msgs/fsd_common_msgs/msg/detail/res_and_ami__type_support.c
[2.624s] -- Up-to-date: /home/jack/ros2_homework_advanced/install/fsd_common_msgs/include/fsd_common_msgs/fsd_common_msgs/msg/detail/cone_dbscan__type_support.c
[2.624s] -- Up-to-date: /home/jack/ros2_homework_advanced/install/fsd_common_msgs/include/fsd_common_msgs/fsd_common_msgs/msg/detail/visualization__rosidl_typesupport_introspection_c.h
[2.624s] -- Up-to-date: /home/jack/ros2_homework_advanced/install/fsd_common_msgs/include/fsd_common_msgs/fsd_common_msgs/msg/detail/yolo_cone_detections__type_support.c
[2.624s] -- Up-to-date: /home/jack/ros2_homework_advanced/install/fsd_common_msgs/include/fsd_common_msgs/fsd_common_msgs/msg/detail/yolo_cone__type_support.c
[2.625s] -- Up-to-date: /home/jack/ros2_homework_advanced/install/fsd_common_msgs/include/fsd_common_msgs/fsd_common_msgs/msg/detail/cone_detections__type_support.c
[2.625s] -- Up-to-date: /home/jack/ros2_homework_advanced/install/fsd_common_msgs/include/fsd_common_msgs/fsd_common_msgs/msg/detail/as_state__rosidl_typesupport_introspection_c.h
[2.625s] -- Up-to-date: /home/jack/ros2_homework_advanced/install/fsd_common_msgs/include/fsd_common_msgs/fsd_common_msgs/msg/detail/feedback__type_support.c
[2.625s] -- Up-to-date: /home/jack/ros2_homework_advanced/install/fsd_common_msgs/include/fsd_common_msgs/fsd_common_msgs/msg/detail/can_frames__rosidl_typesupport_introspection_c.h
[2.625s] -- Up-to-date: /home/jack/ros2_homework_advanced/install/fsd_common_msgs/include/fsd_common_msgs/fsd_common_msgs/msg/detail/control_command__rosidl_typesupport_introspection_c.h
[2.626s] -- Up-to-date: /home/jack/ros2_homework_advanced/install/fsd_common_msgs/include/fsd_common_msgs/fsd_common_msgs/msg/detail/echiev_message__rosidl_typesupport_introspection_c.h
[2.626s] -- Up-to-date: /home/jack/ros2_homework_advanced/install/fsd_common_msgs/include/fsd_common_msgs/fsd_common_msgs/msg/detail/map__rosidl_typesupport_introspection_c.h
[2.627s] -- Up-to-date: /home/jack/ros2_homework_advanced/install/fsd_common_msgs/include/fsd_common_msgs/fsd_common_msgs/msg/detail/cone__type_support.c
[2.627s] -- Up-to-date: /home/jack/ros2_homework_advanced/install/fsd_common_msgs/include/fsd_common_msgs/fsd_common_msgs/msg/detail/yolo_cone_detections_track__type_support.c
[2.627s] -- Up-to-date: /home/jack/ros2_homework_advanced/install/fsd_common_msgs/include/fsd_common_msgs/fsd_common_msgs/msg/detail/yolo_cone_track__rosidl_typesupport_introspection_c.h
[2.627s] -- Up-to-date: /home/jack/ros2_homework_advanced/install/fsd_common_msgs/include/fsd_common_msgs/fsd_common_msgs/msg/detail/yolo_cone__rosidl_typesupport_introspection_c.h
[2.627s] -- Up-to-date: /home/jack/ros2_homework_advanced/install/fsd_common_msgs/include/fsd_common_msgs/fsd_common_msgs/msg/detail/remote_control_command__rosidl_typesupport_introspection_c.h
[2.628s] -- Up-to-date: /home/jack/ros2_homework_advanced/install/fsd_common_msgs/include/fsd_common_msgs/fsd_common_msgs/msg/detail/as_state__type_support.c
[2.628s] -- Up-to-date: /home/jack/ros2_homework_advanced/install/fsd_common_msgs/include/fsd_common_msgs/fsd_common_msgs/msg/detail/car_state_dt__rosidl_typesupport_introspection_c.h
[2.628s] -- Up-to-date: /home/jack/ros2_homework_advanced/install/fsd_common_msgs/include/fsd_common_msgs/fsd_common_msgs/msg/detail/echiev_message__type_support.c
[2.628s] -- Up-to-date: /home/jack/ros2_homework_advanced/install/fsd_common_msgs/include/fsd_common_msgs/fsd_common_msgs/msg/detail/cone_dbscan__rosidl_typesupport_introspection_c.h
[2.628s] -- Up-to-date: /home/jack/ros2_homework_advanced/install/fsd_common_msgs/include/fsd_common_msgs/fsd_common_msgs/msg/detail/yolo_cone_detections__rosidl_typesupport_introspection_c.h
[2.628s] -- Up-to-date: /home/jack/ros2_homework_advanced/install/fsd_common_msgs/include/fsd_common_msgs/fsd_common_msgs/msg/detail/driving_dynamics__rosidl_typesupport_introspection_c.h
[2.628s] -- Up-to-date: /home/jack/ros2_homework_advanced/install/fsd_common_msgs/include/fsd_common_msgs/fsd_common_msgs/msg/detail/time__rosidl_typesupport_introspection_c.h
[2.629s] -- Up-to-date: /home/jack/ros2_homework_advanced/install/fsd_common_msgs/include/fsd_common_msgs/fsd_common_msgs/msg/detail/res_and_ami__rosidl_typesupport_introspection_c.h
[2.629s] -- Up-to-date: /home/jack/ros2_homework_advanced/install/fsd_common_msgs/include/fsd_common_msgs/fsd_common_msgs/msg/detail/ins_delta__type_support.c
[2.629s] -- Up-to-date: /home/jack/ros2_homework_advanced/install/fsd_common_msgs/include/fsd_common_msgs/fsd_common_msgs/msg/detail/cone_detections_dbscan__type_support.c
[2.630s] -- Up-to-date: /home/jack/ros2_homework_advanced/install/fsd_common_msgs/include/fsd_common_msgs/fsd_common_msgs/msg/detail/skidpad_global_center_line__type_support.c
[2.630s] -- Up-to-date: /home/jack/ros2_homework_advanced/install/fsd_common_msgs/include/fsd_common_msgs/fsd_common_msgs/msg/detail/control_command__type_support.c
[2.631s] -- Up-to-date: /home/jack/ros2_homework_advanced/install/fsd_common_msgs/include/fsd_common_msgs/fsd_common_msgs/msg/detail/remote_control_command__type_support.c
[2.632s] -- Up-to-date: /home/jack/ros2_homework_advanced/install/fsd_common_msgs/include/fsd_common_msgs/fsd_common_msgs/msg/rosidl_typesupport_introspection_c__visibility_control.h
[2.633s] -- Up-to-date: /home/jack/ros2_homework_advanced/install/fsd_common_msgs/lib/libfsd_common_msgs__rosidl_typesupport_introspection_c.so
[2.634s] -- Up-to-date: /home/jack/ros2_homework_advanced/install/fsd_common_msgs/lib/libfsd_common_msgs__rosidl_typesupport_c.so
[2.634s] -- Up-to-date: /home/jack/ros2_homework_advanced/install/fsd_common_msgs/include/fsd_common_msgs/fsd_common_msgs
[2.634s] -- Up-to-date: /home/jack/ros2_homework_advanced/install/fsd_common_msgs/include/fsd_common_msgs/fsd_common_msgs/msg
[2.634s] -- Up-to-date: /home/jack/ros2_homework_advanced/install/fsd_common_msgs/include/fsd_common_msgs/fsd_common_msgs/msg/cone_detections_dbscan.hpp
[2.634s] -- Up-to-date: /home/jack/ros2_homework_advanced/install/fsd_common_msgs/include/fsd_common_msgs/fsd_common_msgs/msg/echiev_message.hpp
[2.634s] -- Up-to-date: /home/jack/ros2_homework_advanced/install/fsd_common_msgs/include/fsd_common_msgs/fsd_common_msgs/msg/control_command.hpp
[2.635s] -- Up-to-date: /home/jack/ros2_homework_advanced/install/fsd_common_msgs/include/fsd_common_msgs/fsd_common_msgs/msg/cone_detections.hpp
[2.635s] -- Up-to-date: /home/jack/ros2_homework_advanced/install/fsd_common_msgs/include/fsd_common_msgs/fsd_common_msgs/msg/cone_dbscan.hpp
[2.637s] -- Up-to-date: /home/jack/ros2_homework_advanced/install/fsd_common_msgs/include/fsd_common_msgs/fsd_common_msgs/msg/rosidl_generator_cpp__visibility_control.hpp
[2.637s] -- Up-to-date: /home/jack/ros2_homework_advanced/install/fsd_common_msgs/include/fsd_common_msgs/fsd_common_msgs/msg/car_state.hpp
[2.637s] -- Up-to-date: /home/jack/ros2_homework_advanced/install/fsd_common_msgs/include/fsd_common_msgs/fsd_common_msgs/msg/yolo_cone_detections_track.hpp
[2.641s] -- Up-to-date: /home/jack/ros2_homework_advanced/install/fsd_common_msgs/include/fsd_common_msgs/fsd_common_msgs/msg/ins_delta.hpp
[2.641s] -- Up-to-date: /home/jack/ros2_homework_advanced/install/fsd_common_msgs/include/fsd_common_msgs/fsd_common_msgs/msg/decision_flag.hpp
[2.642s] -- Up-to-date: /home/jack/ros2_homework_advanced/install/fsd_common_msgs/include/fsd_common_msgs/fsd_common_msgs/msg/yolo_cone.hpp
[2.642s] -- Up-to-date: /home/jack/ros2_homework_advanced/install/fsd_common_msgs/include/fsd_common_msgs/fsd_common_msgs/msg/trajectory_point.hpp
[2.642s] -- Up-to-date: /home/jack/ros2_homework_advanced/install/fsd_common_msgs/include/fsd_common_msgs/fsd_common_msgs/msg/car_state_dt.hpp
[2.643s] -- Up-to-date: /home/jack/ros2_homework_advanced/install/fsd_common_msgs/include/fsd_common_msgs/fsd_common_msgs/msg/detail
[2.643s] -- Up-to-date: /home/jack/ros2_homework_advanced/install/fsd_common_msgs/include/fsd_common_msgs/fsd_common_msgs/msg/detail/as_state__traits.hpp
[2.643s] -- Up-to-date: /home/jack/ros2_homework_advanced/install/fsd_common_msgs/include/fsd_common_msgs/fsd_common_msgs/msg/detail/driving_dynamics__type_support.hpp
[2.643s] -- Up-to-date: /home/jack/ros2_homework_advanced/install/fsd_common_msgs/include/fsd_common_msgs/fsd_common_msgs/msg/detail/cone_detections_dbscan__traits.hpp
[2.643s] -- Up-to-date: /home/jack/ros2_homework_advanced/install/fsd_common_msgs/include/fsd_common_msgs/fsd_common_msgs/msg/detail/cone_detections__builder.hpp
[2.643s] -- Up-to-date: /home/jack/ros2_homework_advanced/install/fsd_common_msgs/include/fsd_common_msgs/fsd_common_msgs/msg/detail/skidpad_global_center_line__traits.hpp
[2.643s] -- Up-to-date: /home/jack/ros2_homework_advanced/install/fsd_common_msgs/include/fsd_common_msgs/fsd_common_msgs/msg/detail/as_state__type_support.hpp
[2.644s] -- Up-to-date: /home/jack/ros2_homework_advanced/install/fsd_common_msgs/include/fsd_common_msgs/fsd_common_msgs/msg/detail/trajectory_point__builder.hpp
[2.644s] -- Up-to-date: /home/jack/ros2_homework_advanced/install/fsd_common_msgs/include/fsd_common_msgs/fsd_common_msgs/msg/detail/control_command__builder.hpp
[2.644s] -- Up-to-date: /home/jack/ros2_homework_advanced/install/fsd_common_msgs/include/fsd_common_msgs/fsd_common_msgs/msg/detail/control_command__traits.hpp
[2.644s] -- Up-to-date: /home/jack/ros2_homework_advanced/install/fsd_common_msgs/include/fsd_common_msgs/fsd_common_msgs/msg/detail/ins_delta__struct.hpp
[2.644s] -- Up-to-date: /home/jack/ros2_homework_advanced/install/fsd_common_msgs/include/fsd_common_msgs/fsd_common_msgs/msg/detail/track__builder.hpp
[2.645s] -- Up-to-date: /home/jack/ros2_homework_advanced/install/fsd_common_msgs/include/fsd_common_msgs/fsd_common_msgs/msg/detail/cone__builder.hpp
[2.645s] -- Up-to-date: /home/jack/ros2_homework_advanced/install/fsd_common_msgs/include/fsd_common_msgs/fsd_common_msgs/msg/detail/control_command__struct.hpp
[2.645s] -- Up-to-date: /home/jack/ros2_homework_advanced/install/fsd_common_msgs/include/fsd_common_msgs/fsd_common_msgs/msg/detail/skidpad_global_center_line__struct.hpp
[2.645s] -- Up-to-date: /home/jack/ros2_homework_advanced/install/fsd_common_msgs/include/fsd_common_msgs/fsd_common_msgs/msg/detail/decision_flag__type_support.hpp
[2.645s] -- Up-to-date: /home/jack/ros2_homework_advanced/install/fsd_common_msgs/include/fsd_common_msgs/fsd_common_msgs/msg/detail/cone_dbscan__type_support.hpp
[2.645s] -- Up-to-date: /home/jack/ros2_homework_advanced/install/fsd_common_msgs/include/fsd_common_msgs/fsd_common_msgs/msg/detail/yolo_cone_detections_track__builder.hpp
[2.646s] -- Up-to-date: /home/jack/ros2_homework_advanced/install/fsd_common_msgs/include/fsd_common_msgs/fsd_common_msgs/msg/detail/track__struct.hpp
[2.646s] -- Up-to-date: /home/jack/ros2_homework_advanced/install/fsd_common_msgs/include/fsd_common_msgs/fsd_common_msgs/msg/detail/asensing_message__builder.hpp
[2.646s] -- Up-to-date: /home/jack/ros2_homework_advanced/install/fsd_common_msgs/include/fsd_common_msgs/fsd_common_msgs/msg/detail/yolo_cone__type_support.hpp
[2.646s] -- Up-to-date: /home/jack/ros2_homework_advanced/install/fsd_common_msgs/include/fsd_common_msgs/fsd_common_msgs/msg/detail/remote_control_command__type_support.hpp
[2.646s] -- Up-to-date: /home/jack/ros2_homework_advanced/install/fsd_common_msgs/include/fsd_common_msgs/fsd_common_msgs/msg/detail/driving_dynamics__struct.hpp
[2.646s] -- Up-to-date: /home/jack/ros2_homework_advanced/install/fsd_common_msgs/include/fsd_common_msgs/fsd_common_msgs/msg/detail/car_state_dt__builder.hpp
[2.646s] -- Up-to-date: /home/jack/ros2_homework_advanced/install/fsd_common_msgs/include/fsd_common_msgs/fsd_common_msgs/msg/detail/visualization__traits.hpp
[2.647s] -- Up-to-date: /home/jack/ros2_homework_advanced/install/fsd_common_msgs/include/fsd_common_msgs/fsd_common_msgs/msg/detail/car_state__type_support.hpp
[2.647s] -- Up-to-date: /home/jack/ros2_homework_advanced/install/fsd_common_msgs/include/fsd_common_msgs/fsd_common_msgs/msg/detail/yolo_cone_detections__struct.hpp
[2.647s] -- Up-to-date: /home/jack/ros2_homework_advanced/install/fsd_common_msgs/include/fsd_common_msgs/fsd_common_msgs/msg/detail/as_state__builder.hpp
[2.647s] -- Up-to-date: /home/jack/ros2_homework_advanced/install/fsd_common_msgs/include/fsd_common_msgs/fsd_common_msgs/msg/detail/map__builder.hpp
[2.647s] -- Up-to-date: /home/jack/ros2_homework_advanced/install/fsd_common_msgs/include/fsd_common_msgs/fsd_common_msgs/msg/detail/decision_flag__builder.hpp
[2.647s] -- Up-to-date: /home/jack/ros2_homework_advanced/install/fsd_common_msgs/include/fsd_common_msgs/fsd_common_msgs/msg/detail/yolo_cone__traits.hpp
[2.647s] -- Up-to-date: /home/jack/ros2_homework_advanced/install/fsd_common_msgs/include/fsd_common_msgs/fsd_common_msgs/msg/detail/cone__traits.hpp
[2.648s] -- Up-to-date: /home/jack/ros2_homework_advanced/install/fsd_common_msgs/include/fsd_common_msgs/fsd_common_msgs/msg/detail/car_state_dt__traits.hpp
[2.648s] -- Up-to-date: /home/jack/ros2_homework_advanced/install/fsd_common_msgs/include/fsd_common_msgs/fsd_common_msgs/msg/detail/mission__struct.hpp
[2.648s] -- Up-to-date: /home/jack/ros2_homework_advanced/install/fsd_common_msgs/include/fsd_common_msgs/fsd_common_msgs/msg/detail/as_state__struct.hpp
[2.648s] -- Up-to-date: /home/jack/ros2_homework_advanced/install/fsd_common_msgs/include/fsd_common_msgs/fsd_common_msgs/msg/detail/time__struct.hpp
[2.648s] -- Up-to-date: /home/jack/ros2_homework_advanced/install/fsd_common_msgs/include/fsd_common_msgs/fsd_common_msgs/msg/detail/cone__type_support.hpp
[2.648s] -- Up-to-date: /home/jack/ros2_homework_advanced/install/fsd_common_msgs/include/fsd_common_msgs/fsd_common_msgs/msg/detail/trajectory_point__traits.hpp
[2.648s] -- Up-to-date: /home/jack/ros2_homework_advanced/install/fsd_common_msgs/include/fsd_common_msgs/fsd_common_msgs/msg/detail/map__struct.hpp
[2.649s] -- Up-to-date: /home/jack/ros2_homework_advanced/install/fsd_common_msgs/include/fsd_common_msgs/fsd_common_msgs/msg/detail/cone_detections_dbscan__struct.hpp
[2.649s] -- Up-to-date: /home/jack/ros2_homework_advanced/install/fsd_common_msgs/include/fsd_common_msgs/fsd_common_msgs/msg/detail/yolo_cone_detections_track__struct.hpp
[2.649s] -- Up-to-date: /home/jack/ros2_homework_advanced/install/fsd_common_msgs/include/fsd_common_msgs/fsd_common_msgs/msg/detail/car_state__traits.hpp
[2.649s] -- Up-to-date: /home/jack/ros2_homework_advanced/install/fsd_common_msgs/include/fsd_common_msgs/fsd_common_msgs/msg/detail/map__type_support.hpp
[2.649s] -- Up-to-date: /home/jack/ros2_homework_advanced/install/fsd_common_msgs/include/fsd_common_msgs/fsd_common_msgs/msg/detail/time__traits.hpp
[2.649s] -- Up-to-date: /home/jack/ros2_homework_advanced/install/fsd_common_msgs/include/fsd_common_msgs/fsd_common_msgs/msg/detail/yolo_cone_track__traits.hpp
[2.649s] -- Up-to-date: /home/jack/ros2_homework_advanced/install/fsd_common_msgs/include/fsd_common_msgs/fsd_common_msgs/msg/detail/yolo_cone__struct.hpp
[2.650s] -- Up-to-date: /home/jack/ros2_homework_advanced/install/fsd_common_msgs/include/fsd_common_msgs/fsd_common_msgs/msg/detail/echiev_message__type_support.hpp
[2.650s] -- Up-to-date: /home/jack/ros2_homework_advanced/install/fsd_common_msgs/include/fsd_common_msgs/fsd_common_msgs/msg/detail/cone_dbscan__builder.hpp
[2.650s] -- Up-to-date: /home/jack/ros2_homework_advanced/install/fsd_common_msgs/include/fsd_common_msgs/fsd_common_msgs/msg/detail/cone_detections__type_support.hpp
[2.650s] -- Up-to-date: /home/jack/ros2_homework_advanced/install/fsd_common_msgs/include/fsd_common_msgs/fsd_common_msgs/msg/detail/echiev_message__traits.hpp
[2.650s] -- Up-to-date: /home/jack/ros2_homework_advanced/install/fsd_common_msgs/include/fsd_common_msgs/fsd_common_msgs/msg/detail/time__builder.hpp
[2.650s] -- Up-to-date: /home/jack/ros2_homework_advanced/install/fsd_common_msgs/include/fsd_common_msgs/fsd_common_msgs/msg/detail/can_frames__traits.hpp
[2.651s] -- Up-to-date: /home/jack/ros2_homework_advanced/install/fsd_common_msgs/include/fsd_common_msgs/fsd_common_msgs/msg/detail/visualization__type_support.hpp
[2.651s] -- Up-to-date: /home/jack/ros2_homework_advanced/install/fsd_common_msgs/include/fsd_common_msgs/fsd_common_msgs/msg/detail/trajectory_point__struct.hpp
[2.652s] -- Up-to-date: /home/jack/ros2_homework_advanced/install/fsd_common_msgs/include/fsd_common_msgs/fsd_common_msgs/msg/detail/mission__builder.hpp
[2.652s] -- Up-to-date: /home/jack/ros2_homework_advanced/install/fsd_common_msgs/include/fsd_common_msgs/fsd_common_msgs/msg/detail/map__traits.hpp
[2.653s] -- Up-to-date: /home/jack/ros2_homework_advanced/install/fsd_common_msgs/include/fsd_common_msgs/fsd_common_msgs/msg/detail/can_frames__builder.hpp
[2.653s] -- Up-to-date: /home/jack/ros2_homework_advanced/install/fsd_common_msgs/include/fsd_common_msgs/fsd_common_msgs/msg/detail/res_and_ami__struct.hpp
[2.655s] -- Up-to-date: /home/jack/ros2_homework_advanced/install/fsd_common_msgs/include/fsd_common_msgs/fsd_common_msgs/msg/detail/cone_dbscan__traits.hpp
[2.655s] -- Up-to-date: /home/jack/ros2_homework_advanced/install/fsd_common_msgs/include/fsd_common_msgs/fsd_common_msgs/msg/detail/can_frames__type_support.hpp
[2.655s] -- Up-to-date: /home/jack/ros2_homework_advanced/install/fsd_common_msgs/include/fsd_common_msgs/fsd_common_msgs/msg/detail/visualization__struct.hpp
[2.655s] -- Up-to-date: /home/jack/ros2_homework_advanced/install/fsd_common_msgs/include/fsd_common_msgs/fsd_common_msgs/msg/detail/yolo_cone_track__struct.hpp
[2.655s] -- Up-to-date: /home/jack/ros2_homework_advanced/install/fsd_common_msgs/include/fsd_common_msgs/fsd_common_msgs/msg/detail/driving_dynamics__traits.hpp
[2.656s] -- Up-to-date: /home/jack/ros2_homework_advanced/install/fsd_common_msgs/include/fsd_common_msgs/fsd_common_msgs/msg/detail/mission__traits.hpp
[2.656s] -- Up-to-date: /home/jack/ros2_homework_advanced/install/fsd_common_msgs/include/fsd_common_msgs/fsd_common_msgs/msg/detail/mission__type_support.hpp
[2.657s] -- Up-to-date: /home/jack/ros2_homework_advanced/install/fsd_common_msgs/include/fsd_common_msgs/fsd_common_msgs/msg/detail/asensing_message__type_support.hpp
[2.658s] -- Up-to-date: /home/jack/ros2_homework_advanced/install/fsd_common_msgs/include/fsd_common_msgs/fsd_common_msgs/msg/detail/yolo_cone_detections_track__type_support.hpp
[2.658s] -- Up-to-date: /home/jack/ros2_homework_advanced/install/fsd_common_msgs/include/fsd_common_msgs/fsd_common_msgs/msg/detail/asensing_message__struct.hpp
[2.658s] -- Up-to-date: /home/jack/ros2_homework_advanced/install/fsd_common_msgs/include/fsd_common_msgs/fsd_common_msgs/msg/detail/remote_control_command__traits.hpp
[2.658s] -- Up-to-date: /home/jack/ros2_homework_advanced/install/fsd_common_msgs/include/fsd_common_msgs/fsd_common_msgs/msg/detail/skidpad_global_center_line__builder.hpp
[2.658s] -- Up-to-date: /home/jack/ros2_homework_advanced/install/fsd_common_msgs/include/fsd_common_msgs/fsd_common_msgs/msg/detail/track__type_support.hpp
[2.658s] -- Up-to-date: /home/jack/ros2_homework_advanced/install/fsd_common_msgs/include/fsd_common_msgs/fsd_common_msgs/msg/detail/visualization__builder.hpp
[2.659s] -- Up-to-date: /home/jack/ros2_homework_advanced/install/fsd_common_msgs/include/fsd_common_msgs/fsd_common_msgs/msg/detail/echiev_message__struct.hpp
[2.659s] -- Up-to-date: /home/jack/ros2_homework_advanced/install/fsd_common_msgs/include/fsd_common_msgs/fsd_common_msgs/msg/detail/trajectory_point__type_support.hpp
[2.659s] -- Up-to-date: /home/jack/ros2_homework_advanced/install/fsd_common_msgs/include/fsd_common_msgs/fsd_common_msgs/msg/detail/cone__struct.hpp
[2.660s] -- Up-to-date: /home/jack/ros2_homework_advanced/install/fsd_common_msgs/include/fsd_common_msgs/fsd_common_msgs/msg/detail/yolo_cone_detections__type_support.hpp
[2.660s] -- Up-to-date: /home/jack/ros2_homework_advanced/install/fsd_common_msgs/include/fsd_common_msgs/fsd_common_msgs/msg/detail/feedback__builder.hpp
[2.660s] -- Up-to-date: /home/jack/ros2_homework_advanced/install/fsd_common_msgs/include/fsd_common_msgs/fsd_common_msgs/msg/detail/driving_dynamics__builder.hpp
[2.660s] -- Up-to-date: /home/jack/ros2_homework_advanced/install/fsd_common_msgs/include/fsd_common_msgs/fsd_common_msgs/msg/detail/decision_flag__traits.hpp
[2.660s] -- Up-to-date: /home/jack/ros2_homework_advanced/install/fsd_common_msgs/include/fsd_common_msgs/fsd_common_msgs/msg/detail/yolo_cone__builder.hpp
[2.660s] -- Up-to-date: /home/jack/ros2_homework_advanced/install/fsd_common_msgs/include/fsd_common_msgs/fsd_common_msgs/msg/detail/car_state__builder.hpp
[2.661s] -- Up-to-date: /home/jack/ros2_homework_advanced/install/fsd_common_msgs/include/fsd_common_msgs/fsd_common_msgs/msg/detail/yolo_cone_detections_track__traits.hpp
[2.661s] -- Up-to-date: /home/jack/ros2_homework_advanced/install/fsd_common_msgs/include/fsd_common_msgs/fsd_common_msgs/msg/detail/cone_detections_dbscan__builder.hpp
[2.661s] -- Up-to-date: /home/jack/ros2_homework_advanced/install/fsd_common_msgs/include/fsd_common_msgs/fsd_common_msgs/msg/detail/car_state_dt__type_support.hpp
[2.661s] -- Up-to-date: /home/jack/ros2_homework_advanced/install/fsd_common_msgs/include/fsd_common_msgs/fsd_common_msgs/msg/detail/car_state__struct.hpp
[2.661s] -- Up-to-date: /home/jack/ros2_homework_advanced/install/fsd_common_msgs/include/fsd_common_msgs/fsd_common_msgs/msg/detail/can_frames__struct.hpp
[2.661s] -- Up-to-date: /home/jack/ros2_homework_advanced/install/fsd_common_msgs/include/fsd_common_msgs/fsd_common_msgs/msg/detail/yolo_cone_detections__builder.hpp
[2.661s] -- Up-to-date: /home/jack/ros2_homework_advanced/install/fsd_common_msgs/include/fsd_common_msgs/fsd_common_msgs/msg/detail/feedback__traits.hpp
[2.662s] -- Up-to-date: /home/jack/ros2_homework_advanced/install/fsd_common_msgs/include/fsd_common_msgs/fsd_common_msgs/msg/detail/skidpad_global_center_line__type_support.hpp
[2.662s] -- Up-to-date: /home/jack/ros2_homework_advanced/install/fsd_common_msgs/include/fsd_common_msgs/fsd_common_msgs/msg/detail/feedback__type_support.hpp
[2.662s] -- Up-to-date: /home/jack/ros2_homework_advanced/install/fsd_common_msgs/include/fsd_common_msgs/fsd_common_msgs/msg/detail/cone_detections_dbscan__type_support.hpp
[2.662s] -- Up-to-date: /home/jack/ros2_homework_advanced/install/fsd_common_msgs/include/fsd_common_msgs/fsd_common_msgs/msg/detail/cone_dbscan__struct.hpp
[2.662s] -- Up-to-date: /home/jack/ros2_homework_advanced/install/fsd_common_msgs/include/fsd_common_msgs/fsd_common_msgs/msg/detail/yolo_cone_detections__traits.hpp
[2.662s] -- Up-to-date: /home/jack/ros2_homework_advanced/install/fsd_common_msgs/include/fsd_common_msgs/fsd_common_msgs/msg/detail/yolo_cone_track__builder.hpp
[2.662s] -- Up-to-date: /home/jack/ros2_homework_advanced/install/fsd_common_msgs/include/fsd_common_msgs/fsd_common_msgs/msg/detail/yolo_cone_track__type_support.hpp
[2.663s] -- Up-to-date: /home/jack/ros2_homework_advanced/install/fsd_common_msgs/include/fsd_common_msgs/fsd_common_msgs/msg/detail/cone_detections__traits.hpp
[2.663s] -- Up-to-date: /home/jack/ros2_homework_advanced/install/fsd_common_msgs/include/fsd_common_msgs/fsd_common_msgs/msg/detail/remote_control_command__builder.hpp
[2.663s] -- Up-to-date: /home/jack/ros2_homework_advanced/install/fsd_common_msgs/include/fsd_common_msgs/fsd_common_msgs/msg/detail/ins_delta__builder.hpp
[2.664s] -- Up-to-date: /home/jack/ros2_homework_advanced/install/fsd_common_msgs/include/fsd_common_msgs/fsd_common_msgs/msg/detail/res_and_ami__traits.hpp
[2.664s] -- Up-to-date: /home/jack/ros2_homework_advanced/install/fsd_common_msgs/include/fsd_common_msgs/fsd_common_msgs/msg/detail/feedback__struct.hpp
[2.664s] -- Up-to-date: /home/jack/ros2_homework_advanced/install/fsd_common_msgs/include/fsd_common_msgs/fsd_common_msgs/msg/detail/cone_detections__struct.hpp
[2.664s] -- Up-to-date: /home/jack/ros2_homework_advanced/install/fsd_common_msgs/include/fsd_common_msgs/fsd_common_msgs/msg/detail/res_and_ami__type_support.hpp
[2.664s] -- Up-to-date: /home/jack/ros2_homework_advanced/install/fsd_common_msgs/include/fsd_common_msgs/fsd_common_msgs/msg/detail/ins_delta__traits.hpp
[2.664s] -- Up-to-date: /home/jack/ros2_homework_advanced/install/fsd_common_msgs/include/fsd_common_msgs/fsd_common_msgs/msg/detail/asensing_message__traits.hpp
[2.665s] -- Up-to-date: /home/jack/ros2_homework_advanced/install/fsd_common_msgs/include/fsd_common_msgs/fsd_common_msgs/msg/detail/remote_control_command__struct.hpp
[2.665s] -- Up-to-date: /home/jack/ros2_homework_advanced/install/fsd_common_msgs/include/fsd_common_msgs/fsd_common_msgs/msg/detail/decision_flag__struct.hpp
[2.665s] -- Up-to-date: /home/jack/ros2_homework_advanced/install/fsd_common_msgs/include/fsd_common_msgs/fsd_common_msgs/msg/detail/time__type_support.hpp
[2.665s] -- Up-to-date: /home/jack/ros2_homework_advanced/install/fsd_common_msgs/include/fsd_common_msgs/fsd_common_msgs/msg/detail/ins_delta__type_support.hpp
[2.665s] -- Up-to-date: /home/jack/ros2_homework_advanced/install/fsd_common_msgs/include/fsd_common_msgs/fsd_common_msgs/msg/detail/echiev_message__builder.hpp
[2.665s] -- Up-to-date: /home/jack/ros2_homework_advanced/install/fsd_common_msgs/include/fsd_common_msgs/fsd_common_msgs/msg/detail/car_state_dt__struct.hpp
[2.665s] -- Up-to-date: /home/jack/ros2_homework_advanced/install/fsd_common_msgs/include/fsd_common_msgs/fsd_common_msgs/msg/detail/control_command__type_support.hpp
[2.665s] -- Up-to-date: /home/jack/ros2_homework_advanced/install/fsd_common_msgs/include/fsd_common_msgs/fsd_common_msgs/msg/detail/res_and_ami__builder.hpp
[2.666s] -- Up-to-date: /home/jack/ros2_homework_advanced/install/fsd_common_msgs/include/fsd_common_msgs/fsd_common_msgs/msg/detail/track__traits.hpp
[2.666s] -- Up-to-date: /home/jack/ros2_homework_advanced/install/fsd_common_msgs/include/fsd_common_msgs/fsd_common_msgs/msg/skidpad_global_center_line.hpp
[2.666s] -- Up-to-date: /home/jack/ros2_homework_advanced/install/fsd_common_msgs/include/fsd_common_msgs/fsd_common_msgs/msg/as_state.hpp
[2.666s] -- Up-to-date: /home/jack/ros2_homework_advanced/install/fsd_common_msgs/include/fsd_common_msgs/fsd_common_msgs/msg/remote_control_command.hpp
[2.666s] -- Up-to-date: /home/jack/ros2_homework_advanced/install/fsd_common_msgs/include/fsd_common_msgs/fsd_common_msgs/msg/mission.hpp
[2.666s] -- Up-to-date: /home/jack/ros2_homework_advanced/install/fsd_common_msgs/include/fsd_common_msgs/fsd_common_msgs/msg/visualization.hpp
[2.667s] -- Up-to-date: /home/jack/ros2_homework_advanced/install/fsd_common_msgs/include/fsd_common_msgs/fsd_common_msgs/msg/cone.hpp
[2.667s] -- Up-to-date: /home/jack/ros2_homework_advanced/install/fsd_common_msgs/include/fsd_common_msgs/fsd_common_msgs/msg/yolo_cone_detections.hpp
[2.667s] -- Up-to-date: /home/jack/ros2_homework_advanced/install/fsd_common_msgs/include/fsd_common_msgs/fsd_common_msgs/msg/track.hpp
[2.667s] -- Up-to-date: /home/jack/ros2_homework_advanced/install/fsd_common_msgs/include/fsd_common_msgs/fsd_common_msgs/msg/yolo_cone_track.hpp
[2.667s] -- Up-to-date: /home/jack/ros2_homework_advanced/install/fsd_common_msgs/include/fsd_common_msgs/fsd_common_msgs/msg/feedback.hpp
[2.667s] -- Up-to-date: /home/jack/ros2_homework_advanced/install/fsd_common_msgs/include/fsd_common_msgs/fsd_common_msgs/msg/driving_dynamics.hpp
[2.667s] -- Up-to-date: /home/jack/ros2_homework_advanced/install/fsd_common_msgs/include/fsd_common_msgs/fsd_common_msgs/msg/time.hpp
[2.668s] -- Up-to-date: /home/jack/ros2_homework_advanced/install/fsd_common_msgs/include/fsd_common_msgs/fsd_common_msgs/msg/asensing_message.hpp
[2.668s] -- Up-to-date: /home/jack/ros2_homework_advanced/install/fsd_common_msgs/include/fsd_common_msgs/fsd_common_msgs/msg/map.hpp
[2.668s] -- Up-to-date: /home/jack/ros2_homework_advanced/install/fsd_common_msgs/include/fsd_common_msgs/fsd_common_msgs/msg/res_and_ami.hpp
[2.668s] -- Up-to-date: /home/jack/ros2_homework_advanced/install/fsd_common_msgs/include/fsd_common_msgs/fsd_common_msgs/msg/can_frames.hpp
[2.668s] -- Up-to-date: /home/jack/ros2_homework_advanced/install/fsd_common_msgs/include/fsd_common_msgs/fsd_common_msgs
[2.671s] -- Up-to-date: /home/jack/ros2_homework_advanced/install/fsd_common_msgs/include/fsd_common_msgs/fsd_common_msgs/msg
[2.671s] -- Up-to-date: /home/jack/ros2_homework_advanced/install/fsd_common_msgs/include/fsd_common_msgs/fsd_common_msgs/msg/detail
[2.671s] -- Up-to-date: /home/jack/ros2_homework_advanced/install/fsd_common_msgs/include/fsd_common_msgs/fsd_common_msgs/msg/detail/as_state__rosidl_typesupport_fastrtps_cpp.hpp
[2.672s] -- Up-to-date: /home/jack/ros2_homework_advanced/install/fsd_common_msgs/include/fsd_common_msgs/fsd_common_msgs/msg/detail/res_and_ami__rosidl_typesupport_fastrtps_cpp.hpp
[2.672s] -- Up-to-date: /home/jack/ros2_homework_advanced/install/fsd_common_msgs/include/fsd_common_msgs/fsd_common_msgs/msg/detail/cone_detections__rosidl_typesupport_fastrtps_cpp.hpp
[2.672s] -- Up-to-date: /home/jack/ros2_homework_advanced/install/fsd_common_msgs/include/fsd_common_msgs/fsd_common_msgs/msg/detail/map__rosidl_typesupport_fastrtps_cpp.hpp
[2.672s] -- Up-to-date: /home/jack/ros2_homework_advanced/install/fsd_common_msgs/include/fsd_common_msgs/fsd_common_msgs/msg/detail/feedback__rosidl_typesupport_fastrtps_cpp.hpp
[2.672s] -- Up-to-date: /home/jack/ros2_homework_advanced/install/fsd_common_msgs/include/fsd_common_msgs/fsd_common_msgs/msg/detail/can_frames__rosidl_typesupport_fastrtps_cpp.hpp
[2.672s] -- Up-to-date: /home/jack/ros2_homework_advanced/install/fsd_common_msgs/include/fsd_common_msgs/fsd_common_msgs/msg/detail/remote_control_command__rosidl_typesupport_fastrtps_cpp.hpp
[2.673s] -- Up-to-date: /home/jack/ros2_homework_advanced/install/fsd_common_msgs/include/fsd_common_msgs/fsd_common_msgs/msg/detail/mission__rosidl_typesupport_fastrtps_cpp.hpp
[2.673s] -- Up-to-date: /home/jack/ros2_homework_advanced/install/fsd_common_msgs/include/fsd_common_msgs/fsd_common_msgs/msg/detail/ins_delta__rosidl_typesupport_fastrtps_cpp.hpp
[2.673s] -- Up-to-date: /home/jack/ros2_homework_advanced/install/fsd_common_msgs/include/fsd_common_msgs/fsd_common_msgs/msg/detail/yolo_cone_track__rosidl_typesupport_fastrtps_cpp.hpp
[2.673s] -- Up-to-date: /home/jack/ros2_homework_advanced/install/fsd_common_msgs/include/fsd_common_msgs/fsd_common_msgs/msg/detail/echiev_message__rosidl_typesupport_fastrtps_cpp.hpp
[2.674s] -- Up-to-date: /home/jack/ros2_homework_advanced/install/fsd_common_msgs/include/fsd_common_msgs/fsd_common_msgs/msg/detail/car_state_dt__rosidl_typesupport_fastrtps_cpp.hpp
[2.674s] -- Up-to-date: /home/jack/ros2_homework_advanced/install/fsd_common_msgs/include/fsd_common_msgs/fsd_common_msgs/msg/detail/track__rosidl_typesupport_fastrtps_cpp.hpp
[2.674s] -- Up-to-date: /home/jack/ros2_homework_advanced/install/fsd_common_msgs/include/fsd_common_msgs/fsd_common_msgs/msg/detail/cone__rosidl_typesupport_fastrtps_cpp.hpp
[2.675s] -- Up-to-date: /home/jack/ros2_homework_advanced/install/fsd_common_msgs/include/fsd_common_msgs/fsd_common_msgs/msg/detail/cone_dbscan__rosidl_typesupport_fastrtps_cpp.hpp
[2.675s] -- Up-to-date: /home/jack/ros2_homework_advanced/install/fsd_common_msgs/include/fsd_common_msgs/fsd_common_msgs/msg/detail/cone_detections_dbscan__rosidl_typesupport_fastrtps_cpp.hpp
[2.675s] -- Up-to-date: /home/jack/ros2_homework_advanced/install/fsd_common_msgs/include/fsd_common_msgs/fsd_common_msgs/msg/detail/asensing_message__rosidl_typesupport_fastrtps_cpp.hpp
[2.675s] -- Up-to-date: /home/jack/ros2_homework_advanced/install/fsd_common_msgs/include/fsd_common_msgs/fsd_common_msgs/msg/detail/yolo_cone_detections_track__rosidl_typesupport_fastrtps_cpp.hpp
[2.675s] -- Up-to-date: /home/jack/ros2_homework_advanced/install/fsd_common_msgs/include/fsd_common_msgs/fsd_common_msgs/msg/detail/dds_fastrtps
[2.675s] -- Up-to-date: /home/jack/ros2_homework_advanced/install/fsd_common_msgs/include/fsd_common_msgs/fsd_common_msgs/msg/detail/time__rosidl_typesupport_fastrtps_cpp.hpp
[2.675s] -- Up-to-date: /home/jack/ros2_homework_advanced/install/fsd_common_msgs/include/fsd_common_msgs/fsd_common_msgs/msg/detail/driving_dynamics__rosidl_typesupport_fastrtps_cpp.hpp
[2.676s] -- Up-to-date: /home/jack/ros2_homework_advanced/install/fsd_common_msgs/include/fsd_common_msgs/fsd_common_msgs/msg/detail/trajectory_point__rosidl_typesupport_fastrtps_cpp.hpp
[2.676s] -- Up-to-date: /home/jack/ros2_homework_advanced/install/fsd_common_msgs/include/fsd_common_msgs/fsd_common_msgs/msg/detail/visualization__rosidl_typesupport_fastrtps_cpp.hpp
[2.676s] -- Up-to-date: /home/jack/ros2_homework_advanced/install/fsd_common_msgs/include/fsd_common_msgs/fsd_common_msgs/msg/detail/car_state__rosidl_typesupport_fastrtps_cpp.hpp
[2.676s] -- Up-to-date: /home/jack/ros2_homework_advanced/install/fsd_common_msgs/include/fsd_common_msgs/fsd_common_msgs/msg/detail/yolo_cone_detections__rosidl_typesupport_fastrtps_cpp.hpp
[2.676s] -- Up-to-date: /home/jack/ros2_homework_advanced/install/fsd_common_msgs/include/fsd_common_msgs/fsd_common_msgs/msg/detail/decision_flag__rosidl_typesupport_fastrtps_cpp.hpp
[2.676s] -- Up-to-date: /home/jack/ros2_homework_advanced/install/fsd_common_msgs/include/fsd_common_msgs/fsd_common_msgs/msg/detail/skidpad_global_center_line__rosidl_typesupport_fastrtps_cpp.hpp
[2.676s] -- Up-to-date: /home/jack/ros2_homework_advanced/install/fsd_common_msgs/include/fsd_common_msgs/fsd_common_msgs/msg/detail/yolo_cone__rosidl_typesupport_fastrtps_cpp.hpp
[2.677s] -- Up-to-date: /home/jack/ros2_homework_advanced/install/fsd_common_msgs/include/fsd_common_msgs/fsd_common_msgs/msg/detail/control_command__rosidl_typesupport_fastrtps_cpp.hpp
[2.677s] -- Up-to-date: /home/jack/ros2_homework_advanced/install/fsd_common_msgs/include/fsd_common_msgs/fsd_common_msgs/msg/rosidl_typesupport_fastrtps_cpp__visibility_control.h
[2.677s] -- Up-to-date: /home/jack/ros2_homework_advanced/install/fsd_common_msgs/lib/libfsd_common_msgs__rosidl_typesupport_fastrtps_cpp.so
[2.677s] -- Up-to-date: /home/jack/ros2_homework_advanced/install/fsd_common_msgs/include/fsd_common_msgs/fsd_common_msgs
[2.677s] -- Up-to-date: /home/jack/ros2_homework_advanced/install/fsd_common_msgs/include/fsd_common_msgs/fsd_common_msgs/msg
[2.677s] -- Up-to-date: /home/jack/ros2_homework_advanced/install/fsd_common_msgs/include/fsd_common_msgs/fsd_common_msgs/msg/detail
[2.678s] -- Up-to-date: /home/jack/ros2_homework_advanced/install/fsd_common_msgs/include/fsd_common_msgs/fsd_common_msgs/msg/detail/decision_flag__type_support.cpp
[2.678s] -- Up-to-date: /home/jack/ros2_homework_advanced/install/fsd_common_msgs/include/fsd_common_msgs/fsd_common_msgs/msg/detail/yolo_cone_detections__rosidl_typesupport_introspection_cpp.hpp
[2.678s] -- Up-to-date: /home/jack/ros2_homework_advanced/install/fsd_common_msgs/include/fsd_common_msgs/fsd_common_msgs/msg/detail/visualization__type_support.cpp
[2.678s] -- Up-to-date: /home/jack/ros2_homework_advanced/install/fsd_common_msgs/include/fsd_common_msgs/fsd_common_msgs/msg/detail/mission__rosidl_typesupport_introspection_cpp.hpp
[2.678s] -- Up-to-date: /home/jack/ros2_homework_advanced/install/fsd_common_msgs/include/fsd_common_msgs/fsd_common_msgs/msg/detail/cone__type_support.cpp
[2.678s] -- Up-to-date: /home/jack/ros2_homework_advanced/install/fsd_common_msgs/include/fsd_common_msgs/fsd_common_msgs/msg/detail/track__type_support.cpp
[2.678s] -- Up-to-date: /home/jack/ros2_homework_advanced/install/fsd_common_msgs/include/fsd_common_msgs/fsd_common_msgs/msg/detail/yolo_cone__type_support.cpp
[2.678s] -- Up-to-date: /home/jack/ros2_homework_advanced/install/fsd_common_msgs/include/fsd_common_msgs/fsd_common_msgs/msg/detail/driving_dynamics__type_support.cpp
[2.679s] -- Up-to-date: /home/jack/ros2_homework_advanced/install/fsd_common_msgs/include/fsd_common_msgs/fsd_common_msgs/msg/detail/control_command__type_support.cpp
[2.679s] -- Up-to-date: /home/jack/ros2_homework_advanced/install/fsd_common_msgs/include/fsd_common_msgs/fsd_common_msgs/msg/detail/track__rosidl_typesupport_introspection_cpp.hpp
[2.679s] -- Up-to-date: /home/jack/ros2_homework_advanced/install/fsd_common_msgs/include/fsd_common_msgs/fsd_common_msgs/msg/detail/yolo_cone_track__type_support.cpp
[2.679s] -- Up-to-date: /home/jack/ros2_homework_advanced/install/fsd_common_msgs/include/fsd_common_msgs/fsd_common_msgs/msg/detail/car_state__rosidl_typesupport_introspection_cpp.hpp
[2.679s] -- Up-to-date: /home/jack/ros2_homework_advanced/install/fsd_common_msgs/include/fsd_common_msgs/fsd_common_msgs/msg/detail/yolo_cone_detections_track__type_support.cpp
[2.679s] -- Up-to-date: /home/jack/ros2_homework_advanced/install/fsd_common_msgs/include/fsd_common_msgs/fsd_common_msgs/msg/detail/yolo_cone__rosidl_typesupport_introspection_cpp.hpp
[2.679s] -- Up-to-date: /home/jack/ros2_homework_advanced/install/fsd_common_msgs/include/fsd_common_msgs/fsd_common_msgs/msg/detail/cone_detections_dbscan__type_support.cpp
[2.680s] -- Up-to-date: /home/jack/ros2_homework_advanced/install/fsd_common_msgs/include/fsd_common_msgs/fsd_common_msgs/msg/detail/cone_detections_dbscan__rosidl_typesupport_introspection_cpp.hpp
[2.680s] -- Up-to-date: /home/jack/ros2_homework_advanced/install/fsd_common_msgs/include/fsd_common_msgs/fsd_common_msgs/msg/detail/cone_detections__type_support.cpp
[2.680s] -- Up-to-date: /home/jack/ros2_homework_advanced/install/fsd_common_msgs/include/fsd_common_msgs/fsd_common_msgs/msg/detail/skidpad_global_center_line__type_support.cpp
[2.680s] -- Up-to-date: /home/jack/ros2_homework_advanced/install/fsd_common_msgs/include/fsd_common_msgs/fsd_common_msgs/msg/detail/as_state__rosidl_typesupport_introspection_cpp.hpp
[2.680s] -- Up-to-date: /home/jack/ros2_homework_advanced/install/fsd_common_msgs/include/fsd_common_msgs/fsd_common_msgs/msg/detail/cone_dbscan__rosidl_typesupport_introspection_cpp.hpp
[2.680s] -- Up-to-date: /home/jack/ros2_homework_advanced/install/fsd_common_msgs/include/fsd_common_msgs/fsd_common_msgs/msg/detail/map__rosidl_typesupport_introspection_cpp.hpp
[2.681s] -- Up-to-date: /home/jack/ros2_homework_advanced/install/fsd_common_msgs/include/fsd_common_msgs/fsd_common_msgs/msg/detail/asensing_message__rosidl_typesupport_introspection_cpp.hpp
[2.681s] -- Up-to-date: /home/jack/ros2_homework_advanced/install/fsd_common_msgs/include/fsd_common_msgs/fsd_common_msgs/msg/detail/asensing_message__type_support.cpp
[2.681s] -- Up-to-date: /home/jack/ros2_homework_advanced/install/fsd_common_msgs/include/fsd_common_msgs/fsd_common_msgs/msg/detail/can_frames__rosidl_typesupport_introspection_cpp.hpp
[2.681s] -- Up-to-date: /home/jack/ros2_homework_advanced/install/fsd_common_msgs/include/fsd_common_msgs/fsd_common_msgs/msg/detail/ins_delta__rosidl_typesupport_introspection_cpp.hpp
[2.681s] -- Up-to-date: /home/jack/ros2_homework_advanced/install/fsd_common_msgs/include/fsd_common_msgs/fsd_common_msgs/msg/detail/feedback__rosidl_typesupport_introspection_cpp.hpp
[2.681s] -- Up-to-date: /home/jack/ros2_homework_advanced/install/fsd_common_msgs/include/fsd_common_msgs/fsd_common_msgs/msg/detail/cone_detections__rosidl_typesupport_introspection_cpp.hpp
[2.681s] -- Up-to-date: /home/jack/ros2_homework_advanced/install/fsd_common_msgs/include/fsd_common_msgs/fsd_common_msgs/msg/detail/map__type_support.cpp
[2.682s] -- Up-to-date: /home/jack/ros2_homework_advanced/install/fsd_common_msgs/include/fsd_common_msgs/fsd_common_msgs/msg/detail/car_state_dt__rosidl_typesupport_introspection_cpp.hpp
[2.682s] -- Up-to-date: /home/jack/ros2_homework_advanced/install/fsd_common_msgs/include/fsd_common_msgs/fsd_common_msgs/msg/detail/res_and_ami__rosidl_typesupport_introspection_cpp.hpp
[2.682s] -- Up-to-date: /home/jack/ros2_homework_advanced/install/fsd_common_msgs/include/fsd_common_msgs/fsd_common_msgs/msg/detail/time__type_support.cpp
[2.682s] -- Up-to-date: /home/jack/ros2_homework_advanced/install/fsd_common_msgs/include/fsd_common_msgs/fsd_common_msgs/msg/detail/remote_control_command__rosidl_typesupport_introspection_cpp.hpp
[2.682s] -- Up-to-date: /home/jack/ros2_homework_advanced/install/fsd_common_msgs/include/fsd_common_msgs/fsd_common_msgs/msg/detail/mission__type_support.cpp
[2.682s] -- Up-to-date: /home/jack/ros2_homework_advanced/install/fsd_common_msgs/include/fsd_common_msgs/fsd_common_msgs/msg/detail/yolo_cone_detections__type_support.cpp
[2.683s] -- Up-to-date: /home/jack/ros2_homework_advanced/install/fsd_common_msgs/include/fsd_common_msgs/fsd_common_msgs/msg/detail/cone__rosidl_typesupport_introspection_cpp.hpp
[2.683s] -- Up-to-date: /home/jack/ros2_homework_advanced/install/fsd_common_msgs/include/fsd_common_msgs/fsd_common_msgs/msg/detail/car_state_dt__type_support.cpp
[2.683s] -- Up-to-date: /home/jack/ros2_homework_advanced/install/fsd_common_msgs/include/fsd_common_msgs/fsd_common_msgs/msg/detail/visualization__rosidl_typesupport_introspection_cpp.hpp
[2.683s] -- Up-to-date: /home/jack/ros2_homework_advanced/install/fsd_common_msgs/include/fsd_common_msgs/fsd_common_msgs/msg/detail/as_state__type_support.cpp
[2.683s] -- Up-to-date: /home/jack/ros2_homework_advanced/install/fsd_common_msgs/include/fsd_common_msgs/fsd_common_msgs/msg/detail/can_frames__type_support.cpp
[2.683s] -- Up-to-date: /home/jack/ros2_homework_advanced/install/fsd_common_msgs/include/fsd_common_msgs/fsd_common_msgs/msg/detail/yolo_cone_detections_track__rosidl_typesupport_introspection_cpp.hpp
[2.683s] -- Up-to-date: /home/jack/ros2_homework_advanced/install/fsd_common_msgs/include/fsd_common_msgs/fsd_common_msgs/msg/detail/skidpad_global_center_line__rosidl_typesupport_introspection_cpp.hpp
[2.684s] -- Up-to-date: /home/jack/ros2_homework_advanced/install/fsd_common_msgs/include/fsd_common_msgs/fsd_common_msgs/msg/detail/res_and_ami__type_support.cpp
[2.684s] -- Up-to-date: /home/jack/ros2_homework_advanced/install/fsd_common_msgs/include/fsd_common_msgs/fsd_common_msgs/msg/detail/echiev_message__type_support.cpp
[2.684s] -- Up-to-date: /home/jack/ros2_homework_advanced/install/fsd_common_msgs/include/fsd_common_msgs/fsd_common_msgs/msg/detail/echiev_message__rosidl_typesupport_introspection_cpp.hpp
[2.684s] -- Up-to-date: /home/jack/ros2_homework_advanced/install/fsd_common_msgs/include/fsd_common_msgs/fsd_common_msgs/msg/detail/car_state__type_support.cpp
[2.688s] -- Up-to-date: /home/jack/ros2_homework_advanced/install/fsd_common_msgs/include/fsd_common_msgs/fsd_common_msgs/msg/detail/control_command__rosidl_typesupport_introspection_cpp.hpp
[2.688s] -- Up-to-date: /home/jack/ros2_homework_advanced/install/fsd_common_msgs/include/fsd_common_msgs/fsd_common_msgs/msg/detail/driving_dynamics__rosidl_typesupport_introspection_cpp.hpp
[2.688s] -- Up-to-date: /home/jack/ros2_homework_advanced/install/fsd_common_msgs/include/fsd_common_msgs/fsd_common_msgs/msg/detail/remote_control_command__type_support.cpp
[2.688s] -- Up-to-date: /home/jack/ros2_homework_advanced/install/fsd_common_msgs/include/fsd_common_msgs/fsd_common_msgs/msg/detail/trajectory_point__rosidl_typesupport_introspection_cpp.hpp
[2.688s] -- Up-to-date: /home/jack/ros2_homework_advanced/install/fsd_common_msgs/include/fsd_common_msgs/fsd_common_msgs/msg/detail/time__rosidl_typesupport_introspection_cpp.hpp
[2.689s] -- Up-to-date: /home/jack/ros2_homework_advanced/install/fsd_common_msgs/include/fsd_common_msgs/fsd_common_msgs/msg/detail/yolo_cone_track__rosidl_typesupport_introspection_cpp.hpp
[2.689s] -- Up-to-date: /home/jack/ros2_homework_advanced/install/fsd_common_msgs/include/fsd_common_msgs/fsd_common_msgs/msg/detail/feedback__type_support.cpp
[2.689s] -- Up-to-date: /home/jack/ros2_homework_advanced/install/fsd_common_msgs/include/fsd_common_msgs/fsd_common_msgs/msg/detail/cone_dbscan__type_support.cpp
[2.689s] -- Up-to-date: /home/jack/ros2_homework_advanced/install/fsd_common_msgs/include/fsd_common_msgs/fsd_common_msgs/msg/detail/decision_flag__rosidl_typesupport_introspection_cpp.hpp
[2.689s] -- Up-to-date: /home/jack/ros2_homework_advanced/install/fsd_common_msgs/include/fsd_common_msgs/fsd_common_msgs/msg/detail/ins_delta__type_support.cpp
[2.689s] -- Up-to-date: /home/jack/ros2_homework_advanced/install/fsd_common_msgs/include/fsd_common_msgs/fsd_common_msgs/msg/detail/trajectory_point__type_support.cpp
[2.689s] -- Up-to-date: /home/jack/ros2_homework_advanced/install/fsd_common_msgs/lib/libfsd_common_msgs__rosidl_typesupport_introspection_cpp.so
[2.690s] -- Up-to-date: /home/jack/ros2_homework_advanced/install/fsd_common_msgs/lib/libfsd_common_msgs__rosidl_typesupport_cpp.so
[2.690s] -- Up-to-date: /home/jack/ros2_homework_advanced/install/fsd_common_msgs/share/fsd_common_msgs/environment/pythonpath.sh
[2.690s] -- Up-to-date: /home/jack/ros2_homework_advanced/install/fsd_common_msgs/share/fsd_common_msgs/environment/pythonpath.dsv
[2.690s] -- Up-to-date: /home/jack/ros2_homework_advanced/install/fsd_common_msgs/local/lib/python3.10/dist-packages/fsd_common_msgs-0.0.0-py3.10.egg-info
[2.690s] -- Installing: /home/jack/ros2_homework_advanced/install/fsd_common_msgs/local/lib/python3.10/dist-packages/fsd_common_msgs-0.0.0-py3.10.egg-info/SOURCES.txt
[2.690s] -- Installing: /home/jack/ros2_homework_advanced/install/fsd_common_msgs/local/lib/python3.10/dist-packages/fsd_common_msgs-0.0.0-py3.10.egg-info/dependency_links.txt
[2.690s] -- Installing: /home/jack/ros2_homework_advanced/install/fsd_common_msgs/local/lib/python3.10/dist-packages/fsd_common_msgs-0.0.0-py3.10.egg-info/PKG-INFO
[2.691s] -- Installing: /home/jack/ros2_homework_advanced/install/fsd_common_msgs/local/lib/python3.10/dist-packages/fsd_common_msgs-0.0.0-py3.10.egg-info/top_level.txt
[2.691s] -- Up-to-date: /home/jack/ros2_homework_advanced/install/fsd_common_msgs/local/lib/python3.10/dist-packages/fsd_common_msgs
[2.691s] -- Up-to-date: /home/jack/ros2_homework_advanced/install/fsd_common_msgs/local/lib/python3.10/dist-packages/fsd_common_msgs/_fsd_common_msgs_s.ep.rosidl_typesupport_c.c
[2.691s] -- Up-to-date: /home/jack/ros2_homework_advanced/install/fsd_common_msgs/local/lib/python3.10/dist-packages/fsd_common_msgs/_fsd_common_msgs_s.ep.rosidl_typesupport_introspection_c.c
[2.691s] -- Up-to-date: /home/jack/ros2_homework_advanced/install/fsd_common_msgs/local/lib/python3.10/dist-packages/fsd_common_msgs/fsd_common_msgs_s__rosidl_typesupport_fastrtps_c.cpython-310-x86_64-linux-gnu.so
[2.691s] -- Up-to-date: /home/jack/ros2_homework_advanced/install/fsd_common_msgs/local/lib/python3.10/dist-packages/fsd_common_msgs/__init__.py
[2.691s] -- Up-to-date: /home/jack/ros2_homework_advanced/install/fsd_common_msgs/local/lib/python3.10/dist-packages/fsd_common_msgs/msg
[2.692s] -- Up-to-date: /home/jack/ros2_homework_advanced/install/fsd_common_msgs/local/lib/python3.10/dist-packages/fsd_common_msgs/msg/_can_frames.py
[2.692s] -- Up-to-date: /home/jack/ros2_homework_advanced/install/fsd_common_msgs/local/lib/python3.10/dist-packages/fsd_common_msgs/msg/_yolo_cone_track_s.c
[2.692s] -- Up-to-date: /home/jack/ros2_homework_advanced/install/fsd_common_msgs/local/lib/python3.10/dist-packages/fsd_common_msgs/msg/_ins_delta.py
[2.692s] -- Up-to-date: /home/jack/ros2_homework_advanced/install/fsd_common_msgs/local/lib/python3.10/dist-packages/fsd_common_msgs/msg/_yolo_cone.py
[2.692s] -- Up-to-date: /home/jack/ros2_homework_advanced/install/fsd_common_msgs/local/lib/python3.10/dist-packages/fsd_common_msgs/msg/_decision_flag.py
[2.693s] -- Up-to-date: /home/jack/ros2_homework_advanced/install/fsd_common_msgs/local/lib/python3.10/dist-packages/fsd_common_msgs/msg/_feedback_s.c
[2.693s] -- Up-to-date: /home/jack/ros2_homework_advanced/install/fsd_common_msgs/local/lib/python3.10/dist-packages/fsd_common_msgs/msg/_ins_delta_s.c
[2.693s] -- Up-to-date: /home/jack/ros2_homework_advanced/install/fsd_common_msgs/local/lib/python3.10/dist-packages/fsd_common_msgs/msg/_cone.py
[2.693s] -- Up-to-date: /home/jack/ros2_homework_advanced/install/fsd_common_msgs/local/lib/python3.10/dist-packages/fsd_common_msgs/msg/_res_and_ami_s.c
[2.693s] -- Up-to-date: /home/jack/ros2_homework_advanced/install/fsd_common_msgs/local/lib/python3.10/dist-packages/fsd_common_msgs/msg/_time_s.c
[2.693s] -- Up-to-date: /home/jack/ros2_homework_advanced/install/fsd_common_msgs/local/lib/python3.10/dist-packages/fsd_common_msgs/msg/_trajectory_point_s.c
[2.694s] -- Up-to-date: /home/jack/ros2_homework_advanced/install/fsd_common_msgs/local/lib/python3.10/dist-packages/fsd_common_msgs/msg/_can_frames_s.c
[2.694s] -- Up-to-date: /home/jack/ros2_homework_advanced/install/fsd_common_msgs/local/lib/python3.10/dist-packages/fsd_common_msgs/msg/_remote_control_command_s.c
[2.694s] -- Up-to-date: /home/jack/ros2_homework_advanced/install/fsd_common_msgs/local/lib/python3.10/dist-packages/fsd_common_msgs/msg/_cone_dbscan_s.c
[2.694s] -- Up-to-date: /home/jack/ros2_homework_advanced/install/fsd_common_msgs/local/lib/python3.10/dist-packages/fsd_common_msgs/msg/_mission_s.c
[2.694s] -- Up-to-date: /home/jack/ros2_homework_advanced/install/fsd_common_msgs/local/lib/python3.10/dist-packages/fsd_common_msgs/msg/__init__.py
[2.694s] -- Up-to-date: /home/jack/ros2_homework_advanced/install/fsd_common_msgs/local/lib/python3.10/dist-packages/fsd_common_msgs/msg/_yolo_cone_detections.py
[2.694s] -- Up-to-date: /home/jack/ros2_homework_advanced/install/fsd_common_msgs/local/lib/python3.10/dist-packages/fsd_common_msgs/msg/_cone_detections_s.c
[2.695s] -- Up-to-date: /home/jack/ros2_homework_advanced/install/fsd_common_msgs/local/lib/python3.10/dist-packages/fsd_common_msgs/msg/_car_state_dt_s.c
[2.695s] -- Up-to-date: /home/jack/ros2_homework_advanced/install/fsd_common_msgs/local/lib/python3.10/dist-packages/fsd_common_msgs/msg/_visualization.py
[2.696s] -- Up-to-date: /home/jack/ros2_homework_advanced/install/fsd_common_msgs/local/lib/python3.10/dist-packages/fsd_common_msgs/msg/_echiev_message_s.c
[2.696s] -- Up-to-date: /home/jack/ros2_homework_advanced/install/fsd_common_msgs/local/lib/python3.10/dist-packages/fsd_common_msgs/msg/_as_state.py
[2.696s] -- Up-to-date: /home/jack/ros2_homework_advanced/install/fsd_common_msgs/local/lib/python3.10/dist-packages/fsd_common_msgs/msg/_driving_dynamics.py
[2.696s] -- Up-to-date: /home/jack/ros2_homework_advanced/install/fsd_common_msgs/local/lib/python3.10/dist-packages/fsd_common_msgs/msg/_trajectory_point.py
[2.696s] -- Up-to-date: /home/jack/ros2_homework_advanced/install/fsd_common_msgs/local/lib/python3.10/dist-packages/fsd_common_msgs/msg/_control_command_s.c
[2.696s] -- Up-to-date: /home/jack/ros2_homework_advanced/install/fsd_common_msgs/local/lib/python3.10/dist-packages/fsd_common_msgs/msg/_visualization_s.c
[2.697s] -- Up-to-date: /home/jack/ros2_homework_advanced/install/fsd_common_msgs/local/lib/python3.10/dist-packages/fsd_common_msgs/msg/_as_state_s.c
[2.697s] -- Up-to-date: /home/jack/ros2_homework_advanced/install/fsd_common_msgs/local/lib/python3.10/dist-packages/fsd_common_msgs/msg/_yolo_cone_detections_s.c
[2.697s] -- Up-to-date: /home/jack/ros2_homework_advanced/install/fsd_common_msgs/local/lib/python3.10/dist-packages/fsd_common_msgs/msg/_track_s.c
[2.697s] -- Up-to-date: /home/jack/ros2_homework_advanced/install/fsd_common_msgs/local/lib/python3.10/dist-packages/fsd_common_msgs/msg/_time.py
[2.697s] -- Up-to-date: /home/jack/ros2_homework_advanced/install/fsd_common_msgs/local/lib/python3.10/dist-packages/fsd_common_msgs/msg/_driving_dynamics_s.c
[2.697s] -- Up-to-date: /home/jack/ros2_homework_advanced/install/fsd_common_msgs/local/lib/python3.10/dist-packages/fsd_common_msgs/msg/_feedback.py
[2.697s] -- Up-to-date: /home/jack/ros2_homework_advanced/install/fsd_common_msgs/local/lib/python3.10/dist-packages/fsd_common_msgs/msg/_track.py
[2.698s] -- Up-to-date: /home/jack/ros2_homework_advanced/install/fsd_common_msgs/local/lib/python3.10/dist-packages/fsd_common_msgs/msg/_res_and_ami.py
[2.698s] -- Up-to-date: /home/jack/ros2_homework_advanced/install/fsd_common_msgs/local/lib/python3.10/dist-packages/fsd_common_msgs/msg/_car_state.py
[2.698s] -- Up-to-date: /home/jack/ros2_homework_advanced/install/fsd_common_msgs/local/lib/python3.10/dist-packages/fsd_common_msgs/msg/_cone_detections.py
[2.698s] -- Up-to-date: /home/jack/ros2_homework_advanced/install/fsd_common_msgs/local/lib/python3.10/dist-packages/fsd_common_msgs/msg/_yolo_cone_track.py
[2.698s] -- Up-to-date: /home/jack/ros2_homework_advanced/install/fsd_common_msgs/local/lib/python3.10/dist-packages/fsd_common_msgs/msg/_asensing_message_s.c
[2.698s] -- Up-to-date: /home/jack/ros2_homework_advanced/install/fsd_common_msgs/local/lib/python3.10/dist-packages/fsd_common_msgs/msg/_skidpad_global_center_line.py
[2.698s] -- Up-to-date: /home/jack/ros2_homework_advanced/install/fsd_common_msgs/local/lib/python3.10/dist-packages/fsd_common_msgs/msg/_car_state_s.c
[2.699s] -- Up-to-date: /home/jack/ros2_homework_advanced/install/fsd_common_msgs/local/lib/python3.10/dist-packages/fsd_common_msgs/msg/_skidpad_global_center_line_s.c
[2.699s] -- Up-to-date: /home/jack/ros2_homework_advanced/install/fsd_common_msgs/local/lib/python3.10/dist-packages/fsd_common_msgs/msg/_remote_control_command.py
[2.699s] -- Up-to-date: /home/jack/ros2_homework_advanced/install/fsd_common_msgs/local/lib/python3.10/dist-packages/fsd_common_msgs/msg/_car_state_dt.py
[2.699s] -- Up-to-date: /home/jack/ros2_homework_advanced/install/fsd_common_msgs/local/lib/python3.10/dist-packages/fsd_common_msgs/msg/_map.py
[2.699s] -- Up-to-date: /home/jack/ros2_homework_advanced/install/fsd_common_msgs/local/lib/python3.10/dist-packages/fsd_common_msgs/msg/_echiev_message.py
[2.699s] -- Up-to-date: /home/jack/ros2_homework_advanced/install/fsd_common_msgs/local/lib/python3.10/dist-packages/fsd_common_msgs/msg/_yolo_cone_s.c
[2.700s] -- Up-to-date: /home/jack/ros2_homework_advanced/install/fsd_common_msgs/local/lib/python3.10/dist-packages/fsd_common_msgs/msg/_yolo_cone_detections_track.py
[2.700s] -- Up-to-date: /home/jack/ros2_homework_advanced/install/fsd_common_msgs/local/lib/python3.10/dist-packages/fsd_common_msgs/msg/_decision_flag_s.c
[2.700s] -- Up-to-date: /home/jack/ros2_homework_advanced/install/fsd_common_msgs/local/lib/python3.10/dist-packages/fsd_common_msgs/msg/_control_command.py
[2.700s] -- Up-to-date: /home/jack/ros2_homework_advanced/install/fsd_common_msgs/local/lib/python3.10/dist-packages/fsd_common_msgs/msg/_yolo_cone_detections_track_s.c
[2.700s] -- Up-to-date: /home/jack/ros2_homework_advanced/install/fsd_common_msgs/local/lib/python3.10/dist-packages/fsd_common_msgs/msg/_cone_detections_dbscan.py
[2.700s] -- Up-to-date: /home/jack/ros2_homework_advanced/install/fsd_common_msgs/local/lib/python3.10/dist-packages/fsd_common_msgs/msg/_map_s.c
[2.701s] -- Up-to-date: /home/jack/ros2_homework_advanced/install/fsd_common_msgs/local/lib/python3.10/dist-packages/fsd_common_msgs/msg/_asensing_message.py
[2.701s] -- Up-to-date: /home/jack/ros2_homework_advanced/install/fsd_common_msgs/local/lib/python3.10/dist-packages/fsd_common_msgs/msg/_mission.py
[2.701s] -- Up-to-date: /home/jack/ros2_homework_advanced/install/fsd_common_msgs/local/lib/python3.10/dist-packages/fsd_common_msgs/msg/_cone_dbscan.py
[2.701s] -- Up-to-date: /home/jack/ros2_homework_advanced/install/fsd_common_msgs/local/lib/python3.10/dist-packages/fsd_common_msgs/msg/_cone_detections_dbscan_s.c
[2.701s] -- Up-to-date: /home/jack/ros2_homework_advanced/install/fsd_common_msgs/local/lib/python3.10/dist-packages/fsd_common_msgs/msg/_cone_s.c
[2.701s] -- Up-to-date: /home/jack/ros2_homework_advanced/install/fsd_common_msgs/local/lib/python3.10/dist-packages/fsd_common_msgs/_fsd_common_msgs_s.ep.rosidl_typesupport_fastrtps_c.c
[2.701s] -- Up-to-date: /home/jack/ros2_homework_advanced/install/fsd_common_msgs/local/lib/python3.10/dist-packages/fsd_common_msgs/fsd_common_msgs_s__rosidl_typesupport_introspection_c.cpython-310-x86_64-linux-gnu.so
[2.704s] -- Up-to-date: /home/jack/ros2_homework_advanced/install/fsd_common_msgs/local/lib/python3.10/dist-packages/fsd_common_msgs/fsd_common_msgs_s__rosidl_typesupport_c.cpython-310-x86_64-linux-gnu.so
[2.704s] -- Up-to-date: /home/jack/ros2_homework_advanced/install/fsd_common_msgs/local/lib/python3.10/dist-packages/fsd_common_msgs/libfsd_common_msgs__rosidl_generator_py.so
[2.733s] Listing '/home/jack/ros2_homework_advanced/install/fsd_common_msgs/local/lib/python3.10/dist-packages/fsd_common_msgs'...
[2.733s] Listing '/home/jack/ros2_homework_advanced/install/fsd_common_msgs/local/lib/python3.10/dist-packages/fsd_common_msgs/msg'...
[2.749s] -- Up-to-date: /home/jack/ros2_homework_advanced/install/fsd_common_msgs/local/lib/python3.10/dist-packages/fsd_common_msgs/fsd_common_msgs_s__rosidl_typesupport_fastrtps_c.cpython-310-x86_64-linux-gnu.so
[2.749s] -- Up-to-date: /home/jack/ros2_homework_advanced/install/fsd_common_msgs/local/lib/python3.10/dist-packages/fsd_common_msgs/fsd_common_msgs_s__rosidl_typesupport_introspection_c.cpython-310-x86_64-linux-gnu.so
[2.750s] -- Up-to-date: /home/jack/ros2_homework_advanced/install/fsd_common_msgs/local/lib/python3.10/dist-packages/fsd_common_msgs/fsd_common_msgs_s__rosidl_typesupport_c.cpython-310-x86_64-linux-gnu.so
[2.753s] -- Up-to-date: /home/jack/ros2_homework_advanced/install/fsd_common_msgs/lib/libfsd_common_msgs__rosidl_generator_py.so
[2.754s] -- Up-to-date: /home/jack/ros2_homework_advanced/install/fsd_common_msgs/share/ament_index/resource_index/rust_packages/fsd_common_msgs
[2.754s] -- Up-to-date: /home/jack/ros2_homework_advanced/install/fsd_common_msgs/share/fsd_common_msgs/rust
[2.755s] -- Up-to-date: /home/jack/ros2_homework_advanced/install/fsd_common_msgs/share/fsd_common_msgs/rust/src
[2.755s] -- Up-to-date: /home/jack/ros2_homework_advanced/install/fsd_common_msgs/share/fsd_common_msgs/rust/src/msg
[2.755s] -- Up-to-date: /home/jack/ros2_homework_advanced/install/fsd_common_msgs/share/fsd_common_msgs/rust/src/msg/rmw.rs
[2.755s] -- Up-to-date: /home/jack/ros2_homework_advanced/install/fsd_common_msgs/share/fsd_common_msgs/rust/src/msg.rs
[2.756s] -- Up-to-date: /home/jack/ros2_homework_advanced/install/fsd_common_msgs/share/fsd_common_msgs/rust/src/lib.rs
[2.756s] -- Up-to-date: /home/jack/ros2_homework_advanced/install/fsd_common_msgs/share/fsd_common_msgs/rust/Cargo.toml
[2.756s] -- Up-to-date: /home/jack/ros2_homework_advanced/install/fsd_common_msgs/share/fsd_common_msgs/rust/build.rs
[2.756s] -- Up-to-date: /home/jack/ros2_homework_advanced/install/fsd_common_msgs/share/fsd_common_msgs/msg/AsState.idl
[2.757s] -- Up-to-date: /home/jack/ros2_homework_advanced/install/fsd_common_msgs/share/fsd_common_msgs/msg/AsensingMessage.idl
[2.757s] -- Up-to-date: /home/jack/ros2_homework_advanced/install/fsd_common_msgs/share/fsd_common_msgs/msg/CanFrames.idl
[2.757s] -- Up-to-date: /home/jack/ros2_homework_advanced/install/fsd_common_msgs/share/fsd_common_msgs/msg/CarState.idl
[2.757s] -- Up-to-date: /home/jack/ros2_homework_advanced/install/fsd_common_msgs/share/fsd_common_msgs/msg/CarStateDt.idl
[2.758s] -- Up-to-date: /home/jack/ros2_homework_advanced/install/fsd_common_msgs/share/fsd_common_msgs/msg/Cone.idl
[2.758s] -- Up-to-date: /home/jack/ros2_homework_advanced/install/fsd_common_msgs/share/fsd_common_msgs/msg/ConeDbscan.idl
[2.758s] -- Up-to-date: /home/jack/ros2_homework_advanced/install/fsd_common_msgs/share/fsd_common_msgs/msg/ConeDetections.idl
[2.758s] -- Up-to-date: /home/jack/ros2_homework_advanced/install/fsd_common_msgs/share/fsd_common_msgs/msg/ConeDetectionsDbscan.idl
[2.759s] -- Up-to-date: /home/jack/ros2_homework_advanced/install/fsd_common_msgs/share/fsd_common_msgs/msg/ControlCommand.idl
[2.760s] -- Up-to-date: /home/jack/ros2_homework_advanced/install/fsd_common_msgs/share/fsd_common_msgs/msg/DecisionFlag.idl
[2.760s] -- Up-to-date: /home/jack/ros2_homework_advanced/install/fsd_common_msgs/share/fsd_common_msgs/msg/DrivingDynamics.idl
[2.760s] -- Up-to-date: /home/jack/ros2_homework_advanced/install/fsd_common_msgs/share/fsd_common_msgs/msg/EchievMessage.idl
[2.761s] -- Up-to-date: /home/jack/ros2_homework_advanced/install/fsd_common_msgs/share/fsd_common_msgs/msg/Feedback.idl
[2.761s] -- Up-to-date: /home/jack/ros2_homework_advanced/install/fsd_common_msgs/share/fsd_common_msgs/msg/InsDelta.idl
[2.761s] -- Up-to-date: /home/jack/ros2_homework_advanced/install/fsd_common_msgs/share/fsd_common_msgs/msg/Map.idl
[2.761s] -- Up-to-date: /home/jack/ros2_homework_advanced/install/fsd_common_msgs/share/fsd_common_msgs/msg/Mission.idl
[2.762s] -- Up-to-date: /home/jack/ros2_homework_advanced/install/fsd_common_msgs/share/fsd_common_msgs/msg/RemoteControlCommand.idl
[2.762s] -- Up-to-date: /home/jack/ros2_homework_advanced/install/fsd_common_msgs/share/fsd_common_msgs/msg/ResAndAmi.idl
[2.762s] -- Up-to-date: /home/jack/ros2_homework_advanced/install/fsd_common_msgs/share/fsd_common_msgs/msg/SkidpadGlobalCenterLine.idl
[2.763s] -- Up-to-date: /home/jack/ros2_homework_advanced/install/fsd_common_msgs/share/fsd_common_msgs/msg/Time.idl
[2.763s] -- Up-to-date: /home/jack/ros2_homework_advanced/install/fsd_common_msgs/share/fsd_common_msgs/msg/Track.idl
[2.763s] -- Up-to-date: /home/jack/ros2_homework_advanced/install/fsd_common_msgs/share/fsd_common_msgs/msg/TrajectoryPoint.idl
[2.763s] -- Up-to-date: /home/jack/ros2_homework_advanced/install/fsd_common_msgs/share/fsd_common_msgs/msg/Visualization.idl
[2.764s] -- Up-to-date: /home/jack/ros2_homework_advanced/install/fsd_common_msgs/share/fsd_common_msgs/msg/YoloCone.idl
[2.764s] -- Up-to-date: /home/jack/ros2_homework_advanced/install/fsd_common_msgs/share/fsd_common_msgs/msg/YoloConeDetections.idl
[2.764s] -- Up-to-date: /home/jack/ros2_homework_advanced/install/fsd_common_msgs/share/fsd_common_msgs/msg/YoloConeDetectionsTrack.idl
[2.764s] -- Up-to-date: /home/jack/ros2_homework_advanced/install/fsd_common_msgs/share/fsd_common_msgs/msg/YoloConeTrack.idl
[2.765s] -- Up-to-date: /home/jack/ros2_homework_advanced/install/fsd_common_msgs/share/fsd_common_msgs/msg/AsState.msg
[2.765s] -- Up-to-date: /home/jack/ros2_homework_advanced/install/fsd_common_msgs/share/fsd_common_msgs/msg/AsensingMessage.msg
[2.765s] -- Up-to-date: /home/jack/ros2_homework_advanced/install/fsd_common_msgs/share/fsd_common_msgs/msg/CanFrames.msg
[2.765s] -- Up-to-date: /home/jack/ros2_homework_advanced/install/fsd_common_msgs/share/fsd_common_msgs/msg/CarState.msg
[2.765s] -- Up-to-date: /home/jack/ros2_homework_advanced/install/fsd_common_msgs/share/fsd_common_msgs/msg/CarStateDt.msg
[2.766s] -- Up-to-date: /home/jack/ros2_homework_advanced/install/fsd_common_msgs/share/fsd_common_msgs/msg/Cone.msg
[2.766s] -- Up-to-date: /home/jack/ros2_homework_advanced/install/fsd_common_msgs/share/fsd_common_msgs/msg/ConeDbscan.msg
[2.767s] -- Up-to-date: /home/jack/ros2_homework_advanced/install/fsd_common_msgs/share/fsd_common_msgs/msg/ConeDetections.msg
[2.767s] -- Up-to-date: /home/jack/ros2_homework_advanced/install/fsd_common_msgs/share/fsd_common_msgs/msg/ConeDetectionsDbscan.msg
[2.767s] -- Up-to-date: /home/jack/ros2_homework_advanced/install/fsd_common_msgs/share/fsd_common_msgs/msg/ControlCommand.msg
[2.767s] -- Up-to-date: /home/jack/ros2_homework_advanced/install/fsd_common_msgs/share/fsd_common_msgs/msg/DecisionFlag.msg
[2.767s] -- Up-to-date: /home/jack/ros2_homework_advanced/install/fsd_common_msgs/share/fsd_common_msgs/msg/DrivingDynamics.msg
[2.768s] -- Up-to-date: /home/jack/ros2_homework_advanced/install/fsd_common_msgs/share/fsd_common_msgs/msg/EchievMessage.msg
[2.769s] -- Up-to-date: /home/jack/ros2_homework_advanced/install/fsd_common_msgs/share/fsd_common_msgs/msg/Feedback.msg
[2.770s] -- Up-to-date: /home/jack/ros2_homework_advanced/install/fsd_common_msgs/share/fsd_common_msgs/msg/InsDelta.msg
[2.771s] -- Up-to-date: /home/jack/ros2_homework_advanced/install/fsd_common_msgs/share/fsd_common_msgs/msg/Map.msg
[2.771s] -- Up-to-date: /home/jack/ros2_homework_advanced/install/fsd_common_msgs/share/fsd_common_msgs/msg/Mission.msg
[2.771s] -- Up-to-date: /home/jack/ros2_homework_advanced/install/fsd_common_msgs/share/fsd_common_msgs/msg/RemoteControlCommand.msg
[2.771s] -- Up-to-date: /home/jack/ros2_homework_advanced/install/fsd_common_msgs/share/fsd_common_msgs/msg/ResAndAmi.msg
[2.772s] -- Up-to-date: /home/jack/ros2_homework_advanced/install/fsd_common_msgs/share/fsd_common_msgs/msg/SkidpadGlobalCenterLine.msg
[2.772s] -- Up-to-date: /home/jack/ros2_homework_advanced/install/fsd_common_msgs/share/fsd_common_msgs/msg/Time.msg
[2.772s] -- Up-to-date: /home/jack/ros2_homework_advanced/install/fsd_common_msgs/share/fsd_common_msgs/msg/Track.msg
[2.772s] -- Up-to-date: /home/jack/ros2_homework_advanced/install/fsd_common_msgs/share/fsd_common_msgs/msg/TrajectoryPoint.msg
[2.772s] -- Up-to-date: /home/jack/ros2_homework_advanced/install/fsd_common_msgs/share/fsd_common_msgs/msg/Visualization.msg
[2.772s] -- Up-to-date: /home/jack/ros2_homework_advanced/install/fsd_common_msgs/share/fsd_common_msgs/msg/YoloCone.msg
[2.773s] -- Up-to-date: /home/jack/ros2_homework_advanced/install/fsd_common_msgs/share/fsd_common_msgs/msg/YoloConeDetections.msg
[2.773s] -- Up-to-date: /home/jack/ros2_homework_advanced/install/fsd_common_msgs/share/fsd_common_msgs/msg/YoloConeDetectionsTrack.msg
[2.773s] -- Up-to-date: /home/jack/ros2_homework_advanced/install/fsd_common_msgs/share/fsd_common_msgs/msg/YoloConeTrack.msg
[2.773s] -- Up-to-date: /home/jack/ros2_homework_advanced/install/fsd_common_msgs/share/ament_index/resource_index/package_run_dependencies/fsd_common_msgs
[2.774s] -- Up-to-date: /home/jack/ros2_homework_advanced/install/fsd_common_msgs/share/ament_index/resource_index/parent_prefix_path/fsd_common_msgs
[2.774s] -- Up-to-date: /home/jack/ros2_homework_advanced/install/fsd_common_msgs/share/fsd_common_msgs/environment/ament_prefix_path.sh
[2.774s] -- Up-to-date: /home/jack/ros2_homework_advanced/install/fsd_common_msgs/share/fsd_common_msgs/environment/ament_prefix_path.dsv
[2.774s] -- Up-to-date: /home/jack/ros2_homework_advanced/install/fsd_common_msgs/share/fsd_common_msgs/environment/path.sh
[2.774s] -- Up-to-date: /home/jack/ros2_homework_advanced/install/fsd_common_msgs/share/fsd_common_msgs/environment/path.dsv
[2.775s] -- Up-to-date: /home/jack/ros2_homework_advanced/install/fsd_common_msgs/share/fsd_common_msgs/local_setup.bash
[2.775s] -- Up-to-date: /home/jack/ros2_homework_advanced/install/fsd_common_msgs/share/fsd_common_msgs/local_setup.sh
[2.775s] -- Up-to-date: /home/jack/ros2_homework_advanced/install/fsd_common_msgs/share/fsd_common_msgs/local_setup.zsh
[2.775s] -- Up-to-date: /home/jack/ros2_homework_advanced/install/fsd_common_msgs/share/fsd_common_msgs/local_setup.dsv
[2.775s] -- Installing: /home/jack/ros2_homework_advanced/install/fsd_common_msgs/share/fsd_common_msgs/package.dsv
[2.776s] -- Up-to-date: /home/jack/ros2_homework_advanced/install/fsd_common_msgs/share/ament_index/resource_index/packages/fsd_common_msgs
[2.776s] -- Up-to-date: /home/jack/ros2_homework_advanced/install/fsd_common_msgs/share/fsd_common_msgs/cmake/export_fsd_common_msgs__rosidl_generator_cExport.cmake
[2.776s] -- Up-to-date: /home/jack/ros2_homework_advanced/install/fsd_common_msgs/share/fsd_common_msgs/cmake/export_fsd_common_msgs__rosidl_generator_cExport-noconfig.cmake
[2.776s] -- Up-to-date: /home/jack/ros2_homework_advanced/install/fsd_common_msgs/share/fsd_common_msgs/cmake/export_fsd_common_msgs__rosidl_typesupport_fastrtps_cExport.cmake
[2.777s] -- Up-to-date: /home/jack/ros2_homework_advanced/install/fsd_common_msgs/share/fsd_common_msgs/cmake/export_fsd_common_msgs__rosidl_typesupport_fastrtps_cExport-noconfig.cmake
[2.777s] -- Up-to-date: /home/jack/ros2_homework_advanced/install/fsd_common_msgs/share/fsd_common_msgs/cmake/fsd_common_msgs__rosidl_typesupport_introspection_cExport.cmake
[2.777s] -- Up-to-date: /home/jack/ros2_homework_advanced/install/fsd_common_msgs/share/fsd_common_msgs/cmake/fsd_common_msgs__rosidl_typesupport_introspection_cExport-noconfig.cmake
[2.777s] -- Up-to-date: /home/jack/ros2_homework_advanced/install/fsd_common_msgs/share/fsd_common_msgs/cmake/fsd_common_msgs__rosidl_typesupport_cExport.cmake
[2.778s] -- Up-to-date: /home/jack/ros2_homework_advanced/install/fsd_common_msgs/share/fsd_common_msgs/cmake/fsd_common_msgs__rosidl_typesupport_cExport-noconfig.cmake
[2.778s] -- Up-to-date: /home/jack/ros2_homework_advanced/install/fsd_common_msgs/share/fsd_common_msgs/cmake/export_fsd_common_msgs__rosidl_generator_cppExport.cmake
[2.778s] -- Up-to-date: /home/jack/ros2_homework_advanced/install/fsd_common_msgs/share/fsd_common_msgs/cmake/export_fsd_common_msgs__rosidl_typesupport_fastrtps_cppExport.cmake
[2.778s] -- Up-to-date: /home/jack/ros2_homework_advanced/install/fsd_common_msgs/share/fsd_common_msgs/cmake/export_fsd_common_msgs__rosidl_typesupport_fastrtps_cppExport-noconfig.cmake
[2.778s] -- Up-to-date: /home/jack/ros2_homework_advanced/install/fsd_common_msgs/share/fsd_common_msgs/cmake/fsd_common_msgs__rosidl_typesupport_introspection_cppExport.cmake
[2.779s] -- Up-to-date: /home/jack/ros2_homework_advanced/install/fsd_common_msgs/share/fsd_common_msgs/cmake/fsd_common_msgs__rosidl_typesupport_introspection_cppExport-noconfig.cmake
[2.779s] -- Up-to-date: /home/jack/ros2_homework_advanced/install/fsd_common_msgs/share/fsd_common_msgs/cmake/fsd_common_msgs__rosidl_typesupport_cppExport.cmake
[2.779s] -- Up-to-date: /home/jack/ros2_homework_advanced/install/fsd_common_msgs/share/fsd_common_msgs/cmake/fsd_common_msgs__rosidl_typesupport_cppExport-noconfig.cmake
[2.779s] -- Up-to-date: /home/jack/ros2_homework_advanced/install/fsd_common_msgs/share/fsd_common_msgs/cmake/export_fsd_common_msgs__rosidl_generator_pyExport.cmake
[2.780s] -- Up-to-date: /home/jack/ros2_homework_advanced/install/fsd_common_msgs/share/fsd_common_msgs/cmake/export_fsd_common_msgs__rosidl_generator_pyExport-noconfig.cmake
[2.780s] -- Up-to-date: /home/jack/ros2_homework_advanced/install/fsd_common_msgs/share/fsd_common_msgs/cmake/rosidl_cmake-extras.cmake
[2.780s] -- Up-to-date: /home/jack/ros2_homework_advanced/install/fsd_common_msgs/share/fsd_common_msgs/cmake/ament_cmake_export_dependencies-extras.cmake
[2.781s] -- Up-to-date: /home/jack/ros2_homework_advanced/install/fsd_common_msgs/share/fsd_common_msgs/cmake/ament_cmake_export_include_directories-extras.cmake
[2.781s] -- Up-to-date: /home/jack/ros2_homework_advanced/install/fsd_common_msgs/share/fsd_common_msgs/cmake/ament_cmake_export_libraries-extras.cmake
[2.781s] -- Up-to-date: /home/jack/ros2_homework_advanced/install/fsd_common_msgs/share/fsd_common_msgs/cmake/ament_cmake_export_targets-extras.cmake
[2.781s] -- Up-to-date: /home/jack/ros2_homework_advanced/install/fsd_common_msgs/share/fsd_common_msgs/cmake/rosidl_cmake_export_typesupport_targets-extras.cmake
[2.782s] -- Up-to-date: /home/jack/ros2_homework_advanced/install/fsd_common_msgs/share/fsd_common_msgs/cmake/rosidl_cmake_export_typesupport_libraries-extras.cmake
[2.782s] -- Up-to-date: /home/jack/ros2_homework_advanced/install/fsd_common_msgs/share/fsd_common_msgs/cmake/fsd_common_msgsConfig.cmake
[2.782s] -- Up-to-date: /home/jack/ros2_homework_advanced/install/fsd_common_msgs/share/fsd_common_msgs/cmake/fsd_common_msgsConfig-version.cmake
[2.782s] -- Up-to-date: /home/jack/ros2_homework_advanced/install/fsd_common_msgs/share/fsd_common_msgs/package.xml
[2.787s] Invoked command in '/home/jack/ros2_homework_advanced/build/fsd_common_msgs' returned '0': CMAKE_PREFIX_PATH=${CMAKE_PREFIX_PATH}:/opt/ros/humble /usr/bin/cmake --install /home/jack/ros2_homework_advanced/build/fsd_common_msgs
